symbol,datetime,open,high,low,close,volume,amount
001255.SZ,2022-09-30,23.72,28.47,23.72,28.47,12668.52,35844.74
001255.SZ,2022-10-10,31.32,31.32,31.32,31.32,2530.04,7924.09
001255.SZ,2022-10-11,34.45,34.45,34.45,34.45,1260.47,4342.32
001255.SZ,2022-10-12,37.9,37.9,37.9,37.9,1172.09,4442.22
001255.SZ,2022-10-13,41.69,41.69,36.46,36.72,134314.42,521209.02
001255.SZ,2022-10-14,33.62,34.66,33.05,33.05,102582.68,342905.73
001255.SZ,2022-10-17,31.9,33.4,31.45,32.86,65003.41,210102.03
001255.SZ,2022-10-18,32.91,35.02,32.13,35.0,86539.92,290884.85
001255.SZ,2022-10-19,33.94,35.05,33.7,34.2,67483.0,231855.36
001255.SZ,2022-10-20,34.3,34.3,31.89,31.9,55581.73,183776.13
001255.SZ,2022-10-21,31.75,33.0,31.03,31.13,45527.97,146066.06
001255.SZ,2022-10-24,30.99,31.75,30.0,30.33,39677.71,122378.58
001255.SZ,2022-10-25,30.08,30.38,29.08,29.99,31630.83,94017.2
001255.SZ,2022-10-26,29.88,31.19,29.81,30.64,38850.65,118246.6
001255.SZ,2022-10-27,30.3,30.77,29.2,29.21,36192.35,108390.24
001255.SZ,2022-10-28,29.33,30.28,29.04,29.65,34520.87,102467.75
001255.SZ,2022-10-31,29.15,30.2,28.8,29.9,28781.87,85596.2
001255.SZ,2022-11-01,30.3,31.45,29.6,30.88,41408.34,126995.22
001255.SZ,2022-11-02,30.55,31.15,30.28,30.66,37859.96,116091.45
001255.SZ,2022-11-03,30.14,30.98,30.05,30.83,32188.01,98376.84
001255.SZ,2022-11-04,30.56,33.25,30.56,32.6,69027.07,221767.38
001255.SZ,2022-11-07,33.96,35.86,33.96,35.86,51119.42,181424.66
001255.SZ,2022-11-08,37.0,39.45,36.38,39.45,58816.46,227442.61
001255.SZ,2022-11-09,41.03,41.88,36.85,36.95,106234.55,413483.77
001255.SZ,2022-11-10,36.77,38.48,36.41,37.6,62279.8,232627.2
001255.SZ,2022-11-11,37.15,37.5,34.42,35.12,60195.08,214565.54
001255.SZ,2022-11-14,35.28,35.3,33.26,33.74,44788.3,151569.91
001255.SZ,2022-11-15,33.97,34.78,33.62,34.21,36396.46,124144.24
001255.SZ,2022-11-16,33.72,34.19,33.28,34.05,30261.0,102286.3
001255.SZ,2022-11-17,33.68,34.19,32.98,34.15,27580.46,92240.52
001255.SZ,2022-11-18,33.81,36.24,33.75,34.76,61823.0,216697.98
001255.SZ,2022-11-21,34.38,37.0,34.0,36.51,53361.39,191202.31
001255.SZ,2022-11-22,35.5,37.29,35.02,35.9,44769.47,161816.88
001255.SZ,2022-11-23,35.5,36.19,33.82,36.02,40021.7,139912.08
001255.SZ,2022-11-24,35.9,37.9,35.73,37.7,52618.75,195008.16
001255.SZ,2022-11-25,37.1,37.3,35.3,35.49,31575.31,113979.62
001255.SZ,2022-11-28,34.65,39.04,34.59,37.69,69439.55,264053.99
001255.SZ,2022-11-29,38.2,38.94,37.05,37.75,47816.88,180857.64
001255.SZ,2022-11-30,37.58,37.74,36.52,36.88,26565.01,98374.95
001255.SZ,2022-12-01,36.9,38.39,36.52,36.99,28791.66,107560.29
001255.SZ,2022-12-02,36.7,37.69,35.62,35.75,29094.23,106097.46
001255.SZ,2022-12-05,35.81,36.18,35.16,35.48,21496.65,76714.06
001255.SZ,2022-12-06,35.53,37.35,35.4,37.2,27167.98,99194.18
001255.SZ,2022-12-07,36.89,38.5,36.8,38.17,41877.57,158424.0
001255.SZ,2022-12-08,38.22,41.99,38.17,41.99,41058.48,164843.72
001255.SZ,2022-12-09,43.9,43.9,38.38,39.53,63648.74,254726.25
001255.SZ,2022-12-12,39.51,40.49,37.88,38.2,42345.9,164815.54
001255.SZ,2022-12-13,37.61,38.48,37.0,37.91,24286.13,91372.44
001255.SZ,2022-12-14,37.7,37.7,36.44,36.56,20772.4,76794.42
001255.SZ,2022-12-15,36.56,37.28,36.0,36.8,14798.99,54219.45
001255.SZ,2022-12-16,36.49,36.49,35.0,35.01,21388.0,76093.68
001255.SZ,2022-12-19,35.6,37.45,35.5,35.78,20488.0,74421.55
001255.SZ,2022-12-20,35.9,36.66,35.03,35.91,12443.18,44925.34
001255.SZ,2022-12-21,36.14,36.4,33.38,34.22,22070.61,75951.48
001255.SZ,2022-12-22,34.9,35.12,33.42,33.5,14521.0,49699.3
001255.SZ,2022-12-23,33.42,33.93,32.36,32.41,11097.02,36441.61
001255.SZ,2022-12-26,33.0,34.8,32.64,34.31,16014.02,54022.93
001255.SZ,2022-12-27,34.24,35.78,33.64,35.45,22274.95,78005.8
001255.SZ,2022-12-28,35.4,35.73,34.33,34.6,10799.02,37687.93
001255.SZ,2022-12-29,34.32,35.6,33.68,33.8,8969.0,30521.33
001255.SZ,2022-12-30,33.83,34.14,33.25,33.47,5756.0,19357.32
001255.SZ,2023-01-03,33.45,36.82,33.2,35.38,43972.46,157372.95
001255.SZ,2023-01-04,35.31,35.31,33.6,34.32,39693.48,135027.75
001255.SZ,2023-01-05,34.33,34.57,33.61,34.23,20714.0,70702.97
001255.SZ,2023-01-06,34.15,36.0,33.94,34.4,30904.0,108253.73
001255.SZ,2023-01-09,34.4,37.84,34.4,37.84,61825.61,225735.84
001255.SZ,2023-01-10,37.21,39.6,36.2,36.37,54005.97,199901.69
001255.SZ,2023-01-11,36.74,37.14,35.46,35.71,35684.67,128870.5
001255.SZ,2023-01-12,35.52,35.96,35.33,35.88,26135.0,93315.28
001255.SZ,2023-01-13,35.72,35.72,33.77,34.08,34626.0,118787.51
001255.SZ,2023-01-16,34.09,34.44,33.55,34.33,22296.0,75902.68
001255.SZ,2023-01-17,33.98,34.47,33.87,34.08,13183.0,45000.7
001255.SZ,2023-01-18,34.18,34.39,33.72,34.32,10653.0,36361.51
001255.SZ,2023-01-19,34.2,34.94,33.91,34.83,13792.67,47584.73
001255.SZ,2023-01-20,34.7,34.92,34.01,34.35,17464.0,60099.47
001255.SZ,2023-01-30,34.65,35.8,34.65,35.4,23813.66,83969.63
001255.SZ,2023-01-31,35.38,36.46,35.12,36.38,24719.61,89108.12
001255.SZ,2023-02-01,36.37,36.38,35.68,36.31,27188.0,97859.43
001255.SZ,2023-02-02,36.26,36.26,35.58,35.83,17619.0,63152.13
001255.SZ,2023-02-03,35.79,35.97,35.24,35.67,12517.0,44515.08
001255.SZ,2023-02-06,35.64,35.64,34.71,34.74,15381.0,54012.2
001255.SZ,2023-02-07,34.7,35.74,34.68,35.7,21766.76,76684.75
001255.SZ,2023-02-08,36.2,39.27,36.2,39.27,67863.45,259490.68
001255.SZ,2023-02-09,38.49,43.2,38.49,43.2,95196.2,385906.36
001255.SZ,2023-02-10,44.0,44.5,40.6,42.36,69392.29,291005.94
001255.SZ,2023-02-13,42.36,46.6,42.01,44.18,107252.9,480712.53
001255.SZ,2023-02-14,45.29,47.6,43.2,46.16,78165.99,350121.19
001255.SZ,2023-02-15,47.0,50.78,46.8,49.22,92934.52,456374.58
001255.SZ,2023-02-16,48.9,52.0,48.5,50.8,72435.16,364487.32
001255.SZ,2023-02-17,50.8,55.88,48.88,55.5,73936.17,393450.21
001255.SZ,2023-02-20,54.48,54.94,49.95,49.95,34475.0,174230.41
001255.SZ,2023-02-21,48.56,50.78,46.31,48.67,71583.21,349156.74
001255.SZ,2023-02-22,47.8,48.87,46.32,47.0,32186.32,153251.49
001255.SZ,2023-02-23,47.29,47.29,44.92,46.65,35730.96,164379.14
001255.SZ,2023-02-24,46.69,49.53,45.97,48.21,39285.99,189219.42
001255.SZ,2023-02-27,47.55,50.76,47.55,49.5,52358.13,260342.64
001255.SZ,2023-02-28,48.9,48.9,47.0,47.84,31104.41,148206.4
001255.SZ,2023-03-01,47.23,47.7,46.06,47.6,21794.0,102302.67
001255.SZ,2023-03-02,47.46,48.48,46.13,46.45,22862.0,107000.79
001255.SZ,2023-03-03,46.28,49.88,46.28,48.8,35081.02,168649.29
001255.SZ,2023-03-06,48.46,51.66,46.93,50.7,38956.58,193797.79
001255.SZ,2023-03-07,50.25,50.6,48.7,50.2,28319.3,140089.79
001255.SZ,2023-03-08,49.32,50.79,48.53,50.02,20346.3,101453.96
001255.SZ,2023-03-09,50.5,50.67,46.9,47.42,23513.69,114523.84
001255.SZ,2023-03-10,46.97,51.2,46.01,49.8,33801.72,167060.02
001255.SZ,2023-03-13,49.03,50.5,48.58,49.2,24235.03,120065.12
001255.SZ,2023-03-14,49.65,49.65,47.63,48.59,15233.55,73598.46
001255.SZ,2023-03-15,48.55,50.98,47.35,47.55,21442.0,105310.42
001255.SZ,2023-03-16,52.31,52.31,51.06,52.31,55047.58,287551.67
001255.SZ,2023-03-17,54.2,55.2,49.88,50.97,65281.63,342185.28
001255.SZ,2023-03-20,51.19,53.5,49.64,50.31,50629.13,259300.03
001255.SZ,2023-03-21,50.28,51.62,47.51,50.88,38400.3,190706.26
001255.SZ,2023-03-22,51.64,52.22,48.52,48.82,36199.06,180715.58
001255.SZ,2023-03-23,49.32,49.4,45.0,46.48,46450.4,216583.26
001255.SZ,2023-03-24,45.5,46.38,43.9,44.12,31394.31,140937.41
001255.SZ,2023-03-27,43.5,45.09,42.8,44.76,33020.09,145320.58
001255.SZ,2023-03-28,44.3,44.45,41.8,42.03,25850.0,110635.48
001255.SZ,2023-03-29,42.02,42.75,41.18,41.29,15927.0,66576.84
001255.SZ,2023-03-30,41.35,41.8,39.68,40.01,25539.0,103449.35
001255.SZ,2023-03-31,40.06,41.2,39.78,40.44,16900.63,68342.29
001255.SZ,2023-04-03,40.5,41.54,40.11,41.09,18089.0,73951.41
001255.SZ,2023-04-04,41.09,41.38,40.4,40.73,15147.0,61795.52
001255.SZ,2023-04-06,40.68,40.73,38.61,39.63,23582.0,92678.51
001255.SZ,2023-04-07,39.63,40.98,39.5,40.09,18577.2,74931.71
001255.SZ,2023-04-10,40.31,40.31,38.71,39.45,14856.0,58312.25
001255.SZ,2023-04-11,39.46,40.49,39.2,39.61,12032.0,47834.96
001255.SZ,2023-04-12,39.73,39.96,39.1,39.27,9720.63,38403.11
001255.SZ,2023-04-13,39.6,43.2,39.3,43.2,34523.2,144167.15
001255.SZ,2023-04-14,42.29,44.22,41.43,42.04,32841.2,139965.31
001255.SZ,2023-04-17,42.0,44.02,41.71,43.86,25994.0,111558.82
001255.SZ,2023-04-18,43.66,47.01,43.18,46.5,36321.0,167243.22
001255.SZ,2023-04-19,45.5,46.6,44.85,45.91,19420.0,89125.28
001255.SZ,2023-04-20,45.74,45.87,44.1,44.68,25164.2,112597.66
001255.SZ,2023-04-21,44.7,45.5,42.1,42.35,25396.0,110198.87
001255.SZ,2023-04-24,42.78,44.2,42.0,43.81,24246.0,105120.86
001255.SZ,2023-04-25,42.8,42.88,39.58,39.71,27913.69,112977.79
001255.SZ,2023-04-26,40.05,42.36,39.93,42.08,19232.69,79780.17
001255.SZ,2023-04-27,42.0,42.68,40.77,41.64,14365.0,59795.84
001255.SZ,2023-04-28,41.6,42.5,40.88,42.32,12259.18,51156.92
001255.SZ,2023-05-04,42.31,45.01,42.05,42.75,18744.0,80866.98
001255.SZ,2023-05-05,42.7,42.74,41.0,41.49,14391.0,59928.05
001255.SZ,2023-05-08,41.69,42.36,41.02,41.31,11626.0,48260.35
001255.SZ,2023-05-09,41.27,41.3,40.07,40.22,10540.0,42707.03
001255.SZ,2023-05-10,40.2,42.2,39.6,40.62,15736.0,63813.66
001255.SZ,2023-05-11,40.91,42.01,40.62,41.42,13294.0,55069.54
001255.SZ,2023-05-12,41.0,41.66,40.33,40.4,8616.0,35208.43
001255.SZ,2023-05-15,40.48,44.32,40.45,41.93,22897.0,97249.96
001255.SZ,2023-05-16,41.91,42.3,41.04,41.93,12772.13,53406.74
001255.SZ,2023-05-17,41.69,43.5,41.31,43.3,23841.13,101827.01
001255.SZ,2023-05-18,42.99,43.01,41.91,42.42,16376.0,69469.52
001255.SZ,2023-05-19,42.42,42.6,41.7,42.6,11269.0,47513.61
001255.SZ,2023-05-22,42.66,42.94,41.86,42.12,9816.0,41351.74
001255.SZ,2023-05-23,42.01,43.25,41.87,42.8,15379.0,65621.51
001255.SZ,2023-05-24,42.7,44.66,42.25,43.76,24176.01,105587.52
001255.SZ,2023-05-25,43.17,45.58,43.1,44.45,35936.81,159484.06
001255.SZ,2023-05-26,43.81,44.0,41.44,41.87,28137.0,118652.33
001255.SZ,2023-05-29,41.03,41.5,40.26,41.3,17299.54,70894.43
001255.SZ,2023-05-30,41.0,42.1,40.82,41.32,12005.0,49677.2
001255.SZ,2023-05-31,41.1,41.1,39.66,39.7,18107.0,72397.76
001255.SZ,2023-06-01,39.7,40.3,39.1,39.76,10758.0,42755.92
001255.SZ,2023-06-02,39.57,40.13,39.5,39.97,9148.0,36509.74
001255.SZ,2023-06-05,39.97,40.01,38.91,39.15,11249.0,44101.53
001255.SZ,2023-06-06,39.15,39.28,38.06,38.08,13494.0,51858.31
001255.SZ,2023-06-07,38.09,38.15,36.99,37.25,12974.0,48398.53
001255.SZ,2023-06-08,37.49,37.86,36.9,37.01,7702.0,28726.25
001255.SZ,2023-06-09,37.1,37.42,36.6,37.07,8811.0,32543.55
001255.SZ,2023-06-12,37.07,37.26,36.2,36.74,8816.0,32288.0
001255.SZ,2023-06-13,36.74,37.49,36.55,37.35,9310.0,34569.59
001255.SZ,2023-06-14,37.6,37.7,36.61,36.75,8922.0,32923.9
001255.SZ,2023-06-15,36.67,38.35,36.11,38.21,20545.0,76827.26
001255.SZ,2023-06-16,37.99,38.26,37.14,37.4,15921.69,59775.81
001255.SZ,2023-06-19,37.13,37.48,36.9,37.11,11242.16,41781.61
001255.SZ,2023-06-20,37.18,37.18,36.53,36.55,9391.0,34453.63
001255.SZ,2023-06-21,36.66,38.58,36.6,37.3,22751.95,85341.31
001255.SZ,2023-06-26,37.15,39.49,35.3,38.85,37511.95,142383.28
001255.SZ,2023-06-27,38.45,38.45,36.73,37.6,22703.0,85307.81
001255.SZ,2023-06-28,37.6,37.65,36.66,37.42,10856.06,40276.95
001255.SZ,2023-06-29,37.46,39.46,37.02,38.23,20570.69,79350.18
001255.SZ,2023-06-30,38.19,39.32,37.94,38.12,14189.0,54673.09
001255.SZ,2023-07-03,38.0,39.1,38.0,38.36,11720.01,45198.25
001255.SZ,2023-07-04,38.18,38.77,38.03,38.32,9222.0,35362.49
001255.SZ,2023-07-05,38.16,38.59,37.8,37.92,7957.37,30350.85
001255.SZ,2023-07-06,37.93,40.32,37.4,39.08,21826.64,85256.86
001255.SZ,2023-07-07,38.87,39.23,38.5,38.85,8127.0,31494.89
001255.SZ,2023-07-10,38.8,41.13,38.5,41.13,26984.0,108216.55
001255.SZ,2023-07-11,41.17,41.6,40.16,41.31,21155.64,86436.72
001255.SZ,2023-07-12,41.4,41.55,40.35,40.5,10108.0,41429.78
001255.SZ,2023-07-13,40.38,41.06,40.0,40.18,10198.64,41163.96
001255.SZ,2023-07-14,40.1,40.75,39.6,39.99,8060.0,32311.69
001255.SZ,2023-07-17,39.99,40.26,39.28,39.51,7065.0,27955.91
001255.SZ,2023-07-18,39.48,39.85,39.0,39.74,4869.0,19233.59
001255.SZ,2023-07-19,39.71,40.29,38.0,38.28,13895.0,53686.08
001255.SZ,2023-07-20,38.72,38.86,37.55,37.6,8246.95,31452.35
001255.SZ,2023-07-21,37.8,37.9,36.48,36.54,11431.0,42306.48
001255.SZ,2023-07-24,36.55,36.95,36.2,36.56,6015.0,21975.09
001255.SZ,2023-07-25,36.8,37.68,36.72,37.33,7311.64,27203.78
001255.SZ,2023-07-26,37.03,37.6,36.93,37.15,5157.0,19148.42
001255.SZ,2023-07-27,37.0,37.15,36.63,36.65,5544.0,20434.34
001255.SZ,2023-07-28,36.64,36.95,36.17,36.55,6426.0,23512.29
001255.SZ,2023-07-31,36.55,36.88,36.25,36.4,6035.0,22062.42
001255.SZ,2023-08-01,36.49,36.76,36.11,36.67,5288.64,19248.64
001255.SZ,2023-08-02,37.49,38.5,36.91,37.22,14526.0,54642.59
001255.SZ,2023-08-03,36.87,36.99,36.51,36.78,8427.0,30944.48
001255.SZ,2023-08-04,36.62,36.88,36.33,36.79,6542.0,23935.9
001255.SZ,2023-08-07,36.45,38.99,36.45,38.57,21197.18,80120.55
001255.SZ,2023-08-08,37.6,37.82,36.72,37.09,14207.11,52858.8
001255.SZ,2023-08-09,37.0,37.26,36.6,36.82,5515.0,20320.48
001255.SZ,2023-08-10,36.84,37.18,36.56,36.9,3999.0,14743.87
001255.SZ,2023-08-11,36.93,37.1,35.51,35.74,9421.0,34071.83
001255.SZ,2023-08-14,35.4,35.97,35.0,35.65,4832.0,17123.49
001255.SZ,2023-08-15,35.65,36.03,35.09,35.4,4950.71,17531.43
001255.SZ,2023-08-16,35.4,36.38,35.32,35.46,7017.0,25114.9
001255.SZ,2023-08-17,35.5,35.98,34.82,35.73,6172.95,21853.72
001255.SZ,2023-08-18,35.73,37.1,35.61,36.0,14000.0,51016.36
001255.SZ,2023-08-21,36.0,36.48,35.18,35.24,7188.3,25548.83
001255.SZ,2023-08-22,35.26,35.64,33.88,34.76,11511.95,39719.02
001255.SZ,2023-08-23,34.39,34.58,33.36,33.4,9892.13,33456.73
001255.SZ,2023-08-24,33.4,33.87,32.81,33.37,5962.0,19857.69
001255.SZ,2023-08-25,33.37,33.37,31.77,31.88,7449.0,24150.84
001255.SZ,2023-08-28,33.28,33.85,31.33,31.67,8754.0,28084.41
001255.SZ,2023-08-29,31.67,33.5,31.45,33.29,11000.01,36055.64
001255.SZ,2023-08-30,33.61,34.76,33.32,33.96,8405.13,28716.49
001255.SZ,2023-08-31,33.95,34.5,33.7,34.08,4781.0,16282.11
001255.SZ,2023-09-01,34.2,34.33,33.6,34.03,3599.3,12195.71
001255.SZ,2023-09-04,34.8,34.8,33.9,34.26,3672.0,12561.7
001255.SZ,2023-09-05,34.25,36.56,34.14,35.91,23556.94,83749.24
001255.SZ,2023-09-06,35.15,38.43,35.04,36.42,32630.0,119297.21
001255.SZ,2023-09-07,35.5,35.8,34.14,34.22,22211.0,77375.98
001255.SZ,2023-09-08,34.21,35.2,34.2,34.69,9153.0,31682.83
001255.SZ,2023-09-11,34.69,34.82,33.85,34.5,7423.0,25458.22
001255.SZ,2023-09-12,34.3,34.85,33.94,34.27,5035.0,17266.96
001255.SZ,2023-09-13,34.45,34.45,33.38,33.69,4020.0,13571.61
001255.SZ,2023-09-14,33.69,33.84,32.6,32.92,6137.0,20237.9
001255.SZ,2023-09-15,32.88,33.17,32.63,32.91,3608.0,11846.5
001255.SZ,2023-09-18,32.91,33.79,32.24,33.2,5212.0,17346.8
001255.SZ,2023-09-19,33.2,33.48,32.91,32.96,3392.0,11244.57
001255.SZ,2023-09-20,33.04,33.35,32.72,32.81,2669.0,8773.09
001255.SZ,2023-09-21,32.8,33.02,32.5,32.58,2361.0,7727.45
001255.SZ,2023-09-22,32.5,33.55,32.45,33.51,5105.0,16950.67
001255.SZ,2023-09-25,33.5,33.81,32.9,33.71,4178.0,13930.24
001255.SZ,2023-09-26,33.57,33.57,33.13,33.28,2194.0,7303.45
001255.SZ,2023-09-27,33.1,34.37,32.99,33.33,6200.0,20993.36
001255.SZ,2023-09-28,33.6,35.5,33.1,35.02,17626.0,61091.72
001255.SZ,2023-10-09,34.74,34.8,33.65,33.96,11052.0,37477.44
001255.SZ,2023-10-10,33.9,34.13,32.98,33.18,6863.0,22953.98
001255.SZ,2023-10-11,33.35,34.15,33.03,33.84,6981.0,23555.86
001255.SZ,2023-10-12,33.88,34.5,33.22,34.29,6570.0,22207.68
001255.SZ,2023-10-13,34.25,34.29,33.3,33.35,5126.0,17254.37
001255.SZ,2023-10-16,33.35,33.39,32.6,32.85,3767.03,12376.95
001255.SZ,2023-10-17,32.79,33.32,32.65,32.95,2840.0,9338.86
001255.SZ,2023-10-18,32.75,32.91,32.17,32.3,4281.72,13916.73
001255.SZ,2023-10-19,32.14,33.32,32.03,32.36,4473.0,14603.2
001255.SZ,2023-10-20,32.36,34.3,32.19,32.8,15065.0,50448.56
001255.SZ,2023-10-23,32.47,32.79,30.9,31.03,11048.0,34810.31
001255.SZ,2023-10-24,31.0,33.18,31.0,32.76,11540.0,37357.2
001255.SZ,2023-10-25,32.96,33.22,32.09,32.46,6499.0,21068.7
001255.SZ,2023-10-26,32.12,32.56,31.61,32.53,4424.0,14146.59
001255.SZ,2023-10-27,32.53,34.13,32.17,33.9,10013.0,33537.82
001255.SZ,2023-10-30,33.83,34.19,33.33,33.74,4334.0,14634.63
001255.SZ,2023-10-31,33.75,34.15,32.89,33.13,4896.0,16284.56
001255.SZ,2023-11-01,33.13,33.67,32.88,33.4,3685.0,12303.73
001255.SZ,2023-11-02,33.66,33.89,32.84,32.85,4695.0,15584.9
001255.SZ,2023-11-03,32.9,34.27,32.86,33.94,9138.0,30983.82
001255.SZ,2023-11-06,34.06,34.96,33.87,34.69,8081.0,27933.8
001255.SZ,2023-11-07,34.67,34.97,34.19,34.76,5705.0,19751.66
001255.SZ,2023-11-08,34.88,35.04,34.41,34.56,5328.0,18499.08
001255.SZ,2023-11-09,34.51,35.15,34.37,34.87,4803.94,16730.61
001255.SZ,2023-11-10,34.83,34.83,34.2,34.44,3524.0,12129.94
001255.SZ,2023-11-13,34.46,35.0,34.44,34.88,3076.0,10675.8
001255.SZ,2023-11-14,34.91,35.59,34.74,35.01,6425.0,22595.36
001255.SZ,2023-11-15,35.22,36.34,35.2,36.05,13156.0,47200.86
001255.SZ,2023-11-16,36.1,36.1,35.06,35.32,8691.0,30756.94
001255.SZ,2023-11-17,35.39,36.45,34.98,35.68,9243.94,33187.68
001255.SZ,2023-11-20,35.75,35.99,35.11,35.7,6705.0,23785.58
001255.SZ,2023-11-21,35.77,35.87,34.98,35.01,5251.89,18566.2
001255.SZ,2023-11-22,35.0,35.12,34.24,34.28,6276.0,21721.76
001255.SZ,2023-11-23,34.64,35.05,34.19,34.81,4323.89,14983.61
001255.SZ,2023-11-24,34.69,34.99,33.92,34.09,5919.0,20248.21
001255.SZ,2023-11-27,33.83,34.84,33.83,34.53,6024.89,20753.97
001255.SZ,2023-11-28,34.39,35.1,34.28,34.72,5206.03,18066.42
001255.SZ,2023-11-29,34.72,35.0,34.31,34.39,3711.0,12868.62
001255.SZ,2023-11-30,34.35,34.85,33.87,34.15,4125.67,14104.16
001255.SZ,2023-12-01,34.15,34.47,33.85,34.22,3590.0,12242.86
001255.SZ,2023-12-04,34.42,35.0,34.29,34.74,4153.0,14385.32
001255.SZ,2023-12-05,34.74,34.74,33.9,33.93,3472.0,11908.56
001255.SZ,2023-12-06,33.9,35.45,33.8,34.48,5367.0,18664.36
001255.SZ,2023-12-07,34.24,34.9,33.6,34.07,7869.0,26842.77
001255.SZ,2023-12-08,34.12,34.12,33.22,33.3,7228.0,24215.55
001255.SZ,2023-12-11,33.07,33.6,32.69,33.51,5632.0,18701.97
001255.SZ,2023-12-12,33.51,33.6,32.71,33.1,6110.0,20156.26
001255.SZ,2023-12-13,33.1,33.22,32.6,32.99,3146.0,10345.06
001255.SZ,2023-12-14,33.18,33.45,32.91,33.04,4377.0,14511.37
001255.SZ,2023-12-15,33.03,33.31,32.3,32.7,6834.0,22366.58
001255.SZ,2023-12-18,32.77,32.77,32.04,32.21,3723.0,12008.12
001255.SZ,2023-12-19,32.26,32.4,31.86,32.3,7238.0,23239.91
001255.SZ,2023-12-20,32.3,32.97,32.3,32.33,7424.94,24276.42
001255.SZ,2023-12-21,32.14,35.56,31.68,34.1,32733.89,112613.47
001255.SZ,2023-12-22,33.84,34.38,32.8,33.22,29995.94,100205.39
001255.SZ,2023-12-25,33.74,34.79,33.04,34.0,21082.0,70797.32
001255.SZ,2023-12-26,33.96,37.4,33.62,36.37,64696.0,234237.97
001255.SZ,2023-12-27,35.44,37.36,35.2,36.35,45268.64,163268.45
001255.SZ,2023-12-28,35.77,37.84,35.6,37.35,50751.64,187653.57
001255.SZ,2023-12-29,36.79,36.97,35.6,36.3,37760.03,136448.74
001255.SZ,2024-01-02,36.3,37.88,35.51,37.08,36971.67,135846.61
001255.SZ,2024-01-03,36.28,37.43,35.81,36.76,25048.0,91414.72
001255.SZ,2024-01-04,36.3,36.59,35.31,36.25,25770.0,92675.22
001255.SZ,2024-01-05,35.89,36.09,34.45,34.7,22730.94,79890.21
001255.SZ,2024-01-08,34.4,34.87,33.64,33.67,11258.0,38313.98
001255.SZ,2024-01-09,33.51,34.85,33.44,33.85,12080.0,41051.31
001255.SZ,2024-01-10,33.54,34.34,33.08,33.71,8802.0,29711.45
001255.SZ,2024-01-11,33.75,34.16,33.58,33.85,8114.0,27487.9
001255.SZ,2024-01-12,33.91,35.45,33.71,34.47,15618.0,54083.27
001255.SZ,2024-01-15,34.44,34.44,33.5,34.15,10413.0,35365.28
001255.SZ,2024-01-16,34.09,35.4,33.88,35.2,17097.0,59552.2
001255.SZ,2024-01-17,35.3,35.4,33.88,34.0,10584.0,36605.87
001255.SZ,2024-01-18,33.77,33.96,32.3,33.35,11779.0,39023.3
001255.SZ,2024-01-19,33.36,33.89,32.68,32.88,5741.99,19072.73
001255.SZ,2024-01-22,32.89,32.9,30.04,30.4,11086.0,34697.38
001255.SZ,2024-01-23,30.26,30.66,29.5,30.33,7445.0,22447.28
001255.SZ,2024-01-24,31.11,31.17,29.43,30.29,7330.0,22214.5
001255.SZ,2024-01-25,30.55,31.09,29.6,31.05,8726.69,26603.06
001255.SZ,2024-01-26,30.9,31.49,30.63,30.75,6340.0,19672.21
001255.SZ,2024-01-29,30.89,31.4,29.56,30.23,6095.2,18385.07
001255.SZ,2024-01-30,30.23,30.24,28.81,28.99,4978.0,14657.18
001255.SZ,2024-01-31,28.28,28.5,26.09,26.12,14272.55,38445.85
001255.SZ,2024-02-01,25.8,26.09,25.01,25.48,6739.0,17228.99
001255.SZ,2024-02-02,25.56,25.9,23.05,23.85,9602.0,23307.07
001255.SZ,2024-02-05,23.92,23.92,21.47,21.47,11887.0,26234.0
001255.SZ,2024-02-06,20.02,22.11,19.43,20.74,13118.0,26860.52
001255.SZ,2024-02-07,20.93,21.79,19.38,19.55,18848.0,38163.96
001255.SZ,2024-02-08,19.6,21.51,18.71,20.91,20997.0,42721.54
001255.SZ,2024-02-19,21.15,22.28,20.86,21.7,19801.02,42767.26
001255.SZ,2024-02-20,21.79,22.75,21.27,22.35,11001.02,24204.52
001255.SZ,2024-02-21,22.33,23.55,21.96,22.96,12716.55,29134.01
001255.SZ,2024-02-22,22.96,23.5,22.78,23.34,11066.2,25672.36
001255.SZ,2024-02-23,23.6,24.8,23.41,24.44,12659.38,30426.87
001255.SZ,2024-02-26,24.8,25.43,24.44,24.88,12345.3,30678.03
001255.SZ,2024-02-27,25.11,25.75,24.7,25.72,8254.0,20841.78
001255.SZ,2024-02-28,26.28,26.79,23.15,23.15,20932.0,51810.4
001255.SZ,2024-02-29,22.24,24.24,22.24,24.13,15951.0,37727.24
001255.SZ,2024-03-01,24.26,24.45,23.89,24.19,11344.26,27418.57
001255.SZ,2024-03-04,24.18,26.61,23.33,24.94,22993.11,57314.7
001255.SZ,2024-03-05,24.94,24.94,24.01,24.3,15468.0,37833.48
001255.SZ,2024-03-06,24.0,25.44,24.0,24.79,15134.0,37505.38
001255.SZ,2024-03-07,24.72,26.3,24.65,25.25,21539.0,55004.32
001255.SZ,2024-03-08,25.01,25.55,24.45,24.94,12419.0,31005.82
001255.SZ,2024-03-11,24.89,25.97,24.77,25.86,16028.0,41096.46
001255.SZ,2024-03-12,25.87,26.3,25.26,25.93,11709.0,30010.19
001255.SZ,2024-03-13,25.88,26.26,25.64,25.9,13291.0,34492.23
001255.SZ,2024-03-14,26.13,26.13,25.02,25.45,12345.0,31503.35
001255.SZ,2024-03-15,25.42,26.2,25.27,26.01,12221.0,31410.65
001255.SZ,2024-03-18,26.02,26.7,26.02,26.66,11857.0,31286.85
001255.SZ,2024-03-19,26.78,26.98,26.33,26.43,9764.73,25952.03
001255.SZ,2024-03-20,26.46,27.2,26.39,27.05,9967.0,26688.76
001255.SZ,2024-03-21,27.16,27.25,26.25,26.87,11628.0,31044.81
001255.SZ,2024-03-22,27.08,27.13,25.88,26.07,12057.0,31662.12
001255.SZ,2024-03-25,25.96,26.08,24.98,25.08,9310.0,23735.64
001255.SZ,2024-03-26,24.99,25.43,24.6,25.24,8563.0,21432.46
001255.SZ,2024-03-27,25.26,25.35,24.38,24.38,8639.0,21423.51
001255.SZ,2024-03-28,24.42,25.8,24.39,25.08,9075.0,22675.34
001255.SZ,2024-03-29,25.08,25.57,24.66,25.2,8974.8,22540.06
001255.SZ,2024-04-01,25.2,26.44,25.2,26.04,10468.0,27020.61
001255.SZ,2024-04-02,28.27,28.64,28.27,28.64,15079.11,43127.93
001255.SZ,2024-04-03,29.87,31.5,28.78,31.5,79687.39,241910.71
001255.SZ,2024-04-08,30.0,30.12,28.35,28.35,49203.0,142729.24
001255.SZ,2024-04-09,26.85,27.8,26.8,27.16,36980.63,100691.8
001255.SZ,2024-04-10,27.0,27.0,25.64,25.99,27597.63,71861.69
001255.SZ,2024-04-11,25.65,27.37,25.26,26.78,27988.36,73608.21
001255.SZ,2024-04-12,26.38,27.43,26.26,26.7,24362.56,65796.73
001255.SZ,2024-04-15,26.05,26.98,24.03,24.03,24228.56,60511.64
001255.SZ,2024-04-16,24.05,24.3,21.63,21.63,24338.0,53365.53
001255.SZ,2024-04-17,21.65,23.14,21.65,23.03,20236.73,45931.13
001255.SZ,2024-04-18,23.0,23.2,22.41,22.77,17932.0,40985.51
001255.SZ,2024-04-19,22.72,23.52,22.51,23.3,13543.63,31254.81
001255.SZ,2024-04-22,23.3,24.3,22.36,23.39,15600.0,36550.78
001255.SZ,2024-04-23,23.2,23.78,23.05,23.68,13036.63,30671.55
001255.SZ,2024-04-24,23.48,24.4,23.48,24.38,11509.0,27763.59
001255.SZ,2024-04-25,24.0,26.82,23.6,26.01,53755.63,138097.35
001255.SZ,2024-04-26,24.55,24.95,23.41,24.45,50164.63,120815.26
001255.SZ,2024-04-29,23.9,24.5,23.68,24.46,22331.0,54115.85
001255.SZ,2024-04-30,24.51,24.6,23.92,24.02,15227.0,36728.04
001255.SZ,2024-05-06,24.41,26.35,24.41,25.31,25981.72,65664.57
001255.SZ,2024-05-07,25.2,26.14,25.2,26.01,23241.11,59770.23
001255.SZ,2024-05-08,25.9,26.4,25.5,25.75,17762.72,46039.57
001255.SZ,2024-05-09,25.53,26.2,25.53,25.8,11489.0,29726.93
001255.SZ,2024-05-10,25.85,25.99,25.41,25.66,10653.0,27312.94
001255.SZ,2024-05-13,25.5,25.77,25.03,25.42,8388.0,21328.18
001255.SZ,2024-05-14,25.34,25.93,25.32,25.75,7834.99,20128.15
001255.SZ,2024-05-15,25.75,26.14,25.48,26.06,10721.0,27814.23
001255.SZ,2024-05-16,26.03,26.57,25.66,25.78,8993.0,23340.42
001255.SZ,2024-05-17,25.6,26.24,25.6,26.22,9786.0,25480.29
001255.SZ,2024-05-20,26.32,27.19,26.18,27.01,15781.0,42384.29
001255.SZ,2024-05-21,26.81,28.5,26.7,27.01,26742.99,74075.41
001255.SZ,2024-05-22,26.8,28.38,26.71,27.6,25457.0,69902.75
001255.SZ,2024-05-23,26.9,27.49,26.57,26.87,18910.0,50982.33
001255.SZ,2024-05-24,26.4,27.78,26.39,26.88,10144.0,27399.52
001255.SZ,2024-05-27,26.4,27.01,26.31,26.91,8624.0,22987.09
001255.SZ,2024-05-28,26.96,27.0,26.4,26.6,9950.0,26503.26
001255.SZ,2024-05-29,26.47,28.99,26.1,28.12,56992.83,159087.37
001255.SZ,2024-05-30,27.77,29.22,27.31,28.46,50569.72,143081.9
001255.SZ,2024-05-31,28.1,28.95,26.9,27.04,45818.0,127755.83
001255.SZ,2024-06-03,26.38,26.62,24.34,24.34,34488.0,87851.2
001255.SZ,2024-06-04,23.34,23.98,22.73,23.38,35301.72,81706.02
001255.SZ,2024-06-05,23.26,23.33,22.29,22.39,18568.0,42169.83
001255.SZ,2024-06-06,22.45,22.58,20.87,21.05,21000.0,44980.42
001255.SZ,2024-06-07,21.35,22.26,21.35,22.05,16426.0,36022.27
001255.SZ,2024-06-11,22.32,22.65,21.44,22.61,10647.0,23531.68
001255.SZ,2024-06-12,22.56,22.99,22.4,22.89,9350.0,21337.96
001255.SZ,2024-06-13,22.75,23.25,22.75,22.88,7732.0,17735.15
001255.SZ,2024-06-14,22.66,23.1,22.45,22.66,7445.0,16920.73
001255.SZ,2024-06-17,22.67,22.71,22.03,22.1,8185.62,18206.51
001255.SZ,2024-06-18,22.1,22.35,21.9,22.34,7440.62,16522.34
001255.SZ,2024-06-19,22.34,22.69,22.21,22.65,7680.62,17310.68
001255.SZ,2024-06-20,22.5,22.97,21.9,21.98,7914.0,17694.8
001255.SZ,2024-06-21,21.81,22.24,21.63,21.85,5963.0,13058.38
001255.SZ,2024-06-24,21.75,21.97,20.64,20.88,9764.0,20566.59
001255.SZ,2024-06-25,20.86,21.54,20.79,21.11,5862.0,12411.2
001255.SZ,2024-06-26,21.11,21.75,20.74,21.75,6468.0,13825.18
001255.SZ,2024-06-27,21.74,22.08,21.32,21.37,5143.0,11157.7
001255.SZ,2024-06-28,21.42,22.3,21.23,21.84,7376.0,16127.45
001255.SZ,2024-07-01,21.9,22.63,21.53,22.16,9674.0,21218.61
001255.SZ,2024-07-02,22.02,23.16,22.02,22.48,15312.62,34506.92
001255.SZ,2024-07-03,22.45,22.6,21.33,21.61,10831.0,23551.78
001255.SZ,2024-07-04,21.58,21.73,20.61,20.72,8332.0,17533.76
001255.SZ,2024-07-05,20.72,21.26,20.22,20.99,5963.62,12441.01
001255.SZ,2024-07-08,20.73,21.32,20.47,20.53,7881.0,16403.11
001255.SZ,2024-07-09,20.43,21.99,20.3,21.61,18060.0,38626.1
001255.SZ,2024-07-10,21.46,21.81,20.62,20.77,10596.0,22354.32
001255.SZ,2024-07-11,20.77,21.38,20.77,21.2,12121.0,25669.3
001255.SZ,2024-07-12,21.2,21.38,20.86,20.96,6984.0,14710.14
001255.SZ,2024-07-15,20.78,21.07,20.33,20.9,8878.0,18377.3
001255.SZ,2024-07-16,20.98,20.98,20.57,20.92,5644.0,11744.06
001255.SZ,2024-07-17,20.76,21.05,20.4,20.4,5141.0,10585.09
001255.SZ,2024-07-18,20.4,20.4,19.73,20.12,6119.0,12219.89
001255.SZ,2024-07-19,20.02,20.87,20.0,20.72,5944.0,12175.77
001255.SZ,2024-07-22,20.71,21.19,20.68,20.93,6659.0,13955.01
001255.SZ,2024-07-23,20.77,20.98,20.32,20.33,6439.0,13302.74
001255.SZ,2024-07-24,20.5,20.65,19.92,20.05,6797.0,13747.33
001255.SZ,2024-07-25,20.05,21.79,19.83,20.69,15100.0,31431.0
001255.SZ,2024-07-26,21.52,21.88,20.76,21.14,19638.99,41585.92
001255.SZ,2024-07-29,20.98,21.1,20.32,20.35,13486.0,27739.9
001255.SZ,2024-07-30,20.18,20.8,20.12,20.51,8328.0,17031.51
001255.SZ,2024-07-31,20.59,21.14,20.39,21.14,8709.0,18177.74
001255.SZ,2024-08-01,21.1,21.58,21.0,21.42,10264.0,21915.24
001255.SZ,2024-08-02,21.42,21.68,21.02,21.3,10647.0,22779.18
001255.SZ,2024-08-05,21.86,21.86,20.56,20.61,11115.3,23372.72
001255.SZ,2024-08-06,20.82,21.15,20.64,20.96,7100.0,14772.13
001255.SZ,2024-08-07,20.93,21.09,20.8,20.87,5513.0,11554.0
001255.SZ,2024-08-08,20.82,20.96,20.51,20.68,5557.0,11508.94
001255.SZ,2024-08-09,20.78,20.89,20.5,20.5,4518.0,9354.18
001255.SZ,2024-08-12,20.5,20.86,20.34,20.51,6452.99,13242.4
001255.SZ,2024-08-13,20.47,21.18,20.2,21.1,9386.0,19523.23
001255.SZ,2024-08-14,21.08,21.21,20.95,21.18,6310.0,13319.87
001255.SZ,2024-08-15,21.09,21.25,20.61,21.18,6744.0,14188.35
001255.SZ,2024-08-16,21.27,21.52,20.83,20.88,6209.0,13114.5
001255.SZ,2024-08-19,20.87,21.23,20.63,21.02,6714.0,14062.75
001255.SZ,2024-08-20,21.38,21.45,20.55,20.6,8323.0,17331.75
001255.SZ,2024-08-21,20.46,20.77,20.28,20.6,3868.0,7953.23
001255.SZ,2024-08-22,20.61,20.74,20.05,20.05,4107.0,8362.77
001255.SZ,2024-08-23,20.05,20.4,19.51,19.9,6268.11,12507.3
001255.SZ,2024-08-26,19.95,20.51,19.92,20.34,5119.0,10376.24
001255.SZ,2024-08-27,20.35,20.35,19.81,19.88,3214.0,6422.22
001255.SZ,2024-08-28,19.8,20.4,19.69,19.98,3947.0,7938.01
001255.SZ,2024-08-29,19.96,20.45,19.82,20.39,6372.0,12904.66
001255.SZ,2024-08-30,20.38,20.83,20.33,20.6,6288.0,12973.7
001255.SZ,2024-09-02,20.6,20.87,20.45,20.45,7552.0,15593.87
001255.SZ,2024-09-03,20.45,20.77,20.27,20.41,4427.0,9080.29
001255.SZ,2024-09-04,20.4,21.0,20.21,20.87,9919.0,20540.38
001255.SZ,2024-09-05,20.87,21.56,20.71,21.4,10439.0,22075.76
001255.SZ,2024-09-06,21.77,22.5,20.27,20.37,27586.0,58989.93
001255.SZ,2024-09-09,20.03,20.55,19.66,20.19,12729.0,25579.15
001255.SZ,2024-09-10,20.37,20.37,20.0,20.16,5721.82,11527.23
001255.SZ,2024-09-11,20.08,20.62,20.08,20.27,4743.82,9632.67
001255.SZ,2024-09-12,20.52,20.53,19.9,20.04,6969.93,14124.31
001255.SZ,2024-09-13,20.23,20.23,19.57,19.65,7095.0,14023.21
001255.SZ,2024-09-18,19.7,19.83,18.74,19.01,8371.0,15930.3
001255.SZ,2024-09-19,19.27,19.6,18.95,19.37,8152.0,15735.76
001255.SZ,2024-09-20,19.56,19.56,18.99,19.38,6535.0,12574.22
001255.SZ,2024-09-23,19.34,19.6,19.15,19.23,5435.0,10520.61
001255.SZ,2024-09-24,19.4,19.85,19.24,19.82,8033.0,15701.79
001255.SZ,2024-09-25,19.96,20.24,19.84,19.95,9282.82,18638.47
001255.SZ,2024-09-26,19.83,20.28,19.83,20.25,8166.0,16396.45
001255.SZ,2024-09-27,20.46,21.48,20.39,21.26,13862.0,28981.96
001255.SZ,2024-09-30,22.2,23.39,21.58,23.39,22766.1,51620.74
001255.SZ,2024-10-08,25.73,25.73,22.98,24.46,28890.67,70025.1
001255.SZ,2024-10-09,23.64,23.97,22.06,23.2,26586.01,61313.93
001255.SZ,2024-10-10,23.29,24.3,22.8,24.03,35544.0,84534.22
001255.SZ,2024-10-11,23.9,24.5,23.51,23.94,36102.59,86288.53
001255.SZ,2024-10-14,24.45,24.66,23.5,23.95,24978.1,59744.64
001255.SZ,2024-10-15,23.95,24.24,23.66,23.95,31285.0,74977.79
001255.SZ,2024-10-16,23.27,24.15,23.17,24.01,26010.49,62129.59
001255.SZ,2024-10-17,24.01,24.64,23.87,24.12,28943.0,70339.14
001255.SZ,2024-10-18,24.0,25.3,23.3,23.86,39418.0,94486.94
001255.SZ,2024-10-21,23.86,24.28,23.31,23.99,28547.4,67872.79
001255.SZ,2024-10-22,23.85,24.8,23.85,24.5,25912.0,63175.02
001255.SZ,2024-10-23,24.4,25.0,24.01,24.39,27719.4,67782.5
001255.SZ,2024-10-24,24.21,25.29,23.88,24.51,21849.0,53885.37
001255.SZ,2024-10-25,24.16,25.73,24.16,25.44,38034.4,95503.66
001255.SZ,2024-10-28,25.18,25.23,24.5,25.0,26169.0,64771.51
001255.SZ,2024-10-29,25.0,25.0,24.12,24.2,15591.6,38112.32
001255.SZ,2024-10-30,24.23,24.39,23.23,23.49,17702.0,41939.83
001255.SZ,2024-10-31,23.62,23.99,23.5,23.87,13154.77,31258.53
001255.SZ,2024-11-01,23.95,24.24,23.1,23.24,13006.0,30647.78
001255.SZ,2024-11-04,23.09,23.76,22.85,23.72,8086.77,18993.75
001255.SZ,2024-11-05,24.09,25.2,23.77,24.8,25637.0,63114.4
001255.SZ,2024-11-06,24.9,24.9,24.2,24.33,17137.0,41867.99
001255.SZ,2024-11-07,24.25,24.46,24.03,24.45,10731.0,26120.27
001255.SZ,2024-11-08,24.46,24.66,24.25,24.3,12913.0,31536.94
001255.SZ,2024-11-11,24.22,24.78,24.22,24.66,16591.0,40789.32
001255.SZ,2024-11-12,25.2,27.13,24.91,27.13,49027.0,129176.26
001255.SZ,2024-11-13,27.49,29.81,26.7,29.6,78708.01,221375.16
001255.SZ,2024-11-14,29.06,30.9,27.8,28.91,61506.0,177613.73
001255.SZ,2024-11-15,27.52,31.8,27.5,31.8,58984.64,178068.1
001255.SZ,2024-11-18,32.07,34.98,32.07,34.98,44316.95,149682.77
001255.SZ,2024-11-19,34.98,38.48,33.22,36.79,88169.41,326045.58
001255.SZ,2024-11-20,34.89,40.47,33.17,40.47,97781.05,364177.27
001255.SZ,2024-11-21,40.52,40.9,36.42,36.42,89030.64,341477.46
001255.SZ,2024-11-22,33.91,35.6,32.78,32.81,71363.05,239840.41
001255.SZ,2024-11-25,32.5,32.5,29.71,30.55,54366.34,166515.08
001255.SZ,2024-11-26,30.3,32.45,29.5,31.45,69040.81,211202.67
001255.SZ,2024-11-27,30.45,30.45,28.6,29.94,46058.47,135536.46
001255.SZ,2024-11-28,29.58,30.29,29.5,29.88,31462.54,93829.56
001255.SZ,2024-11-29,29.98,30.3,28.85,29.74,30991.34,91821.08
001255.SZ,2024-12-02,29.75,30.7,29.57,30.53,39868.0,120384.9
001255.SZ,2024-12-03,30.54,31.37,30.28,30.82,36425.71,112358.71
001255.SZ,2024-12-04,30.56,32.82,30.41,31.86,43593.05,137401.19
001255.SZ,2024-12-05,31.56,31.96,30.91,31.89,31925.34,100229.39
001255.SZ,2024-12-06,31.8,33.4,31.55,32.96,41038.34,134431.43
001255.SZ,2024-12-09,32.95,36.26,32.53,34.77,90040.71,315763.39
001255.SZ,2024-12-10,34.76,34.76,32.44,32.47,68212.0,227976.45
001255.SZ,2024-12-11,31.92,31.95,30.21,30.91,46369.71,142601.24
001255.SZ,2024-12-12,30.8,31.6,30.52,31.57,28857.71,89503.97
001255.SZ,2024-12-13,31.05,31.45,30.6,30.75,20369.04,63015.02
001255.SZ,2024-12-16,30.51,31.34,30.31,30.83,16696.86,51405.3
001255.SZ,2024-12-17,30.82,30.82,29.12,29.35,22580.5,67582.63
001255.SZ,2024-12-18,29.35,29.89,28.62,29.6,14102.0,41446.53
001255.SZ,2024-12-19,29.14,29.96,28.9,29.96,11056.0,32704.92
001255.SZ,2024-12-20,29.82,30.21,29.67,29.88,11013.64,32968.73
001255.SZ,2024-12-23,29.61,30.26,28.29,28.39,14921.0,42924.67
001255.SZ,2024-12-24,28.36,29.05,28.03,28.73,9991.05,28541.36
001255.SZ,2024-12-25,28.72,28.72,27.1,27.36,12292.71,33891.71
001255.SZ,2024-12-26,27.42,28.1,27.32,27.85,11458.0,31931.52
001255.SZ,2024-12-27,27.9,29.3,27.85,29.03,17807.34,51205.17
001255.SZ,2024-12-30,28.7,29.89,28.05,29.22,22458.34,65616.87
001255.SZ,2024-12-31,29.22,29.29,28.16,28.39,11448.64,32813.3
001255.SZ,2025-01-02,28.12,28.74,27.9,28.01,11552.0,32615.1
001255.SZ,2025-01-03,28.4,28.49,27.23,27.32,11999.0,33272.14
001255.SZ,2025-01-06,27.32,29.6,26.43,29.25,23892.0,68559.08
001255.SZ,2025-01-07,29.82,30.24,28.97,30.24,21790.0,64932.22
001255.SZ,2025-01-08,29.99,30.33,29.53,30.1,14599.0,43703.43
001255.SZ,2025-01-09,30.12,30.57,29.95,30.48,15272.0,46315.16
001255.SZ,2025-01-10,30.49,30.49,29.7,29.75,12119.0,36385.17
001255.SZ,2025-01-13,29.52,31.9,29.03,31.8,30785.36,95491.04
001255.SZ,2025-01-14,31.58,34.8,31.05,32.6,86325.4,284721.88
001255.SZ,2025-01-15,31.35,31.35,29.34,29.34,53279.7,158622.17
001255.SZ,2025-01-16,27.82,29.54,27.82,29.33,41419.7,118249.0
001255.SZ,2025-01-17,28.88,32.26,28.7,32.26,69751.98,216078.5
001255.SZ,2025-01-20,32.07,32.58,30.77,31.1,65638.7,207958.26
001255.SZ,2025-01-21,31.65,31.72,29.82,30.52,32137.0,97922.89
001255.SZ,2025-01-22,30.5,30.76,29.74,29.74,27637.99,83314.97
001255.SZ,2025-01-23,29.84,31.45,29.8,30.8,39771.0,121817.59
001255.SZ,2025-01-24,30.03,30.68,29.0,30.68,35758.0,106935.33
001255.SZ,2025-01-27,30.59,30.69,29.83,29.83,15630.0,47171.93
001255.SZ,2025-02-05,30.01,30.04,29.18,29.24,15776.0,46562.95
001255.SZ,2025-02-06,29.14,30.31,29.03,30.31,19117.0,56996.88
001255.SZ,2025-02-07,30.82,31.35,29.94,30.67,25770.0,79450.04
001255.SZ,2025-02-10,31.0,31.0,30.3,30.78,15400.0,47063.28
001255.SZ,2025-02-11,30.78,30.94,30.3,30.75,15889.99,48623.37
001255.SZ,2025-02-12,30.7,32.2,30.57,30.99,18727.3,58156.15
001255.SZ,2025-02-13,30.85,31.34,30.15,30.21,17687.0,54179.99
001255.SZ,2025-02-14,30.2,30.58,29.58,29.76,14076.0,42133.6
001255.SZ,2025-02-17,29.74,30.06,29.53,29.81,12557.0,37398.43
001255.SZ,2025-02-18,30.0,30.0,28.8,29.03,12563.0,36939.85
001255.SZ,2025-02-19,29.06,29.82,28.7,29.67,8794.0,25985.54
001255.SZ,2025-02-20,29.63,30.34,29.39,29.86,13023.0,38970.03
001255.SZ,2025-02-21,29.8,29.8,29.1,29.27,14128.0,41396.97
001255.SZ,2025-02-24,29.37,29.5,29.0,29.23,10327.0,30220.89
001255.SZ,2025-02-25,29.2,29.35,28.89,29.1,9135.0,26598.52
001255.SZ,2025-02-26,29.13,29.45,29.01,29.11,8799.7,25643.01
001255.SZ,2025-02-27,29.22,29.22,28.41,28.97,11106.0,31994.7
001255.SZ,2025-02-28,28.7,28.9,28.07,28.18,9019.0,25707.54
001255.SZ,2025-03-03,28.39,28.8,28.19,28.39,9130.0,25999.28
001255.SZ,2025-03-04,28.45,28.62,28.09,28.51,5633.0,16030.43
001255.SZ,2025-03-05,28.91,28.91,28.11,28.31,7848.0,22184.04
001255.SZ,2025-03-06,28.65,28.7,28.0,28.67,9543.0,27190.93
001255.SZ,2025-03-07,28.54,28.95,28.45,28.61,6825.0,19590.59
001255.SZ,2025-03-10,28.8,29.1,28.58,29.04,9169.0,26532.78
001255.SZ,2025-03-11,28.79,29.0,28.5,28.95,7244.0,20840.33
001255.SZ,2025-03-12,29.05,29.28,28.86,29.0,8800.89,25550.49
001255.SZ,2025-03-13,29.0,29.15,28.25,28.52,6947.0,19839.39
001255.SZ,2025-03-14,28.7,28.93,28.2,28.82,8974.17,25736.57
001255.SZ,2025-03-17,28.85,29.18,28.83,29.1,8571.0,24874.31
001255.SZ,2025-03-18,29.22,29.35,29.02,29.34,8461.0,24710.24
001255.SZ,2025-03-19,29.44,29.48,28.93,29.01,8520.17,24777.88
001255.SZ,2025-03-20,29.0,29.24,28.62,28.88,6867.0,19830.49
001255.SZ,2025-03-21,28.98,28.98,28.31,28.48,7015.0,20045.05
001255.SZ,2025-03-24,28.5,28.7,27.01,27.45,10368.0,28686.88
001255.SZ,2025-03-25,27.47,27.99,27.01,27.75,8334.0,22963.67
001255.SZ,2025-03-26,27.75,28.44,27.12,28.37,9159.0,25884.84
001255.SZ,2025-03-27,28.43,28.55,27.81,28.01,5560.0,15651.81
001255.SZ,2025-03-28,28.0,28.0,26.87,26.96,9996.0,27199.69
001255.SZ,2025-03-31,27.47,27.47,26.09,26.6,8044.0,21297.76
001255.SZ,2025-04-01,26.62,27.74,26.6,27.39,10547.0,28816.19
001255.SZ,2025-04-02,27.36,27.74,27.12,27.4,5871.0,16155.0
001255.SZ,2025-04-03,27.54,27.54,26.76,27.31,6481.0,17596.82
001255.SZ,2025-04-07,26.73,26.73,24.58,24.58,8195.0,20417.25
001255.SZ,2025-04-08,24.58,24.9,22.6,23.28,17288.0,40602.62
001255.SZ,2025-04-09,23.23,24.13,21.39,24.05,13921.0,31988.92
001255.SZ,2025-04-10,24.32,25.39,24.32,25.11,11751.0,29428.56
001255.SZ,2025-04-11,25.05,25.89,24.5,25.45,8363.0,21375.98
001255.SZ,2025-04-14,26.0,26.18,25.54,25.92,6527.0,16940.32
001255.SZ,2025-04-15,25.89,26.27,25.63,26.08,7398.0,19159.53
001255.SZ,2025-04-16,26.09,26.35,25.06,25.36,7332.0,18698.6
001255.SZ,2025-04-17,25.33,26.0,25.06,25.47,9954.0,25627.91
001255.SZ,2025-04-18,25.5,25.65,25.0,25.2,6859.0,17310.2
001255.SZ,2025-04-21,25.01,25.83,25.01,25.62,8260.0,21129.0
001255.SZ,2025-04-22,25.76,25.95,25.56,25.76,6423.5,16554.68
001255.SZ,2025-04-23,25.76,25.98,25.7,25.94,9554.0,24732.47
001255.SZ,2025-04-24,25.94,26.08,25.45,25.61,7515.5,19380.52
001255.SZ,2025-04-25,25.84,28.17,24.0,28.17,56023.89,149782.39
001255.SZ,2025-04-28,28.73,29.33,26.2,26.95,64959.66,177164.51
001255.SZ,2025-04-29,26.69,27.15,26.3,27.0,36443.16,97599.87
001255.SZ,2025-04-30,26.86,27.5,26.6,26.6,26824.5,72212.04
001255.SZ,2025-05-06,27.0,28.98,26.85,28.2,42226.0,117071.08
001255.SZ,2025-05-07,28.5,28.76,27.8,28.14,25278.0,71385.96
001255.SZ,2025-05-08,28.0,28.52,27.81,28.37,16714.0,47182.55
001255.SZ,2025-05-09,29.06,29.39,27.95,28.09,25392.0,72597.62
001255.SZ,2025-05-12,28.08,28.65,27.86,28.6,19667.7,55754.06
001255.SZ,2025-05-13,28.8,29.68,28.5,29.67,39686.7,116429.36
001255.SZ,2025-05-14,29.52,32.64,29.07,32.64,47455.8,144842.85
001255.SZ,2025-05-15,32.06,32.1,30.5,30.63,61924.0,191870.67
001255.SZ,2025-05-16,30.6,31.2,30.0,30.95,41128.0,125833.67
001255.SZ,2025-05-19,31.31,34.05,31.02,32.0,70408.0,231342.11
001255.SZ,2025-05-20,30.9,30.9,29.81,30.31,57165.8,172799.46
001255.SZ,2025-05-21,30.01,30.29,29.43,29.66,27733.0,82611.65
001255.SZ,2025-05-22,29.49,30.17,29.07,29.41,18536.3,54664.51
001255.SZ,2025-05-23,29.29,29.47,28.67,28.9,17447.8,50849.71
001255.SZ,2025-05-26,28.85,30.25,28.6,29.99,31150.0,93026.02
001255.SZ,2025-05-27,29.96,30.14,29.2,29.81,18213.8,54065.52
001255.SZ,2025-05-28,29.82,30.85,29.59,30.22,28344.2,85334.29
001255.SZ,2025-05-29,29.98,31.5,29.63,31.3,39929.8,123161.93
001255.SZ,2025-05-30,31.0,31.21,30.0,30.13,24225.0,73536.9
001255.SZ,2025-06-03,29.83,29.93,29.29,29.48,16667.8,49228.6
001255.SZ,2025-06-04,29.8,30.88,29.8,30.3,17031.0,51531.58
001255.SZ,2025-06-05,30.4,30.44,29.92,30.0,12284.0,36968.2
001255.SZ,2025-06-06,30.04,31.29,29.99,31.01,30824.16,94887.05
001255.SZ,2025-06-09,30.98,31.44,30.51,31.35,21623.24,67406.65
001255.SZ,2025-06-10,31.39,31.66,30.37,30.79,17658.0,54552.77
001255.SZ,2025-06-11,30.8,31.33,30.65,30.71,13352.64,41272.4
001255.SZ,2025-06-12,30.98,31.0,30.46,30.78,11169.0,34291.69
001255.SZ,2025-06-13,30.45,31.3,30.22,30.88,19423.0,59835.89
001255.SZ,2025-06-16,30.78,31.29,30.52,30.89,17316.0,53642.3
001255.SZ,2025-06-17,30.9,31.07,30.3,30.56,10275.0,31384.01
001255.SZ,2025-06-18,30.52,30.65,29.66,30.23,10191.0,30818.08
001255.SZ,2025-06-19,30.53,30.53,29.18,29.49,10693.0,31926.55
001255.SZ,2025-06-20,29.49,30.03,29.07,29.38,8278.0,24471.36
001255.SZ,2025-06-23,29.36,30.05,29.02,29.95,8833.0,26325.86
001255.SZ,2025-06-24,30.02,31.08,29.98,30.86,13728.0,42108.64
001255.SZ,2025-06-25,31.18,31.48,30.75,31.2,15053.0,46874.31
001255.SZ,2025-06-26,31.03,31.66,30.87,31.28,14845.0,46340.42
001255.SZ,2025-06-27,31.48,31.48,30.93,31.07,10071.0,31341.5
001255.SZ,2025-06-30,31.0,32.6,30.92,32.27,23144.0,73808.51
001255.SZ,2025-07-01,32.28,32.58,31.44,31.96,16588.0,52835.2
001255.SZ,2025-07-02,32.44,35.16,31.84,35.16,103813.9,356796.36
001255.SZ,2025-07-03,34.89,34.93,32.45,33.27,100347.07,330895.61
001255.SZ,2025-07-04,33.0,33.0,31.98,32.1,47844.86,153940.95
001255.SZ,2025-07-07,32.0,32.68,31.52,32.4,36754.2,118063.2
001255.SZ,2025-07-08,32.24,32.75,31.67,32.6,43025.67,138954.82
001255.SZ,2025-07-09,32.68,33.86,32.62,32.63,61212.87,203200.39
001255.SZ,2025-07-10,32.12,33.25,32.12,32.85,38994.17,127597.27
001255.SZ,2025-07-11,32.98,32.98,31.6,32.06,31913.5,102090.72
001255.SZ,2025-07-14,32.3,33.18,31.98,33.07,36162.0,118259.91
001255.SZ,2025-07-15,32.98,33.0,31.92,32.15,23011.0,74168.19
001255.SZ,2025-07-16,32.2,32.25,31.6,32.03,14494.0,46447.65
001255.SZ,2025-07-17,32.35,32.35,31.83,32.11,13136.2,42100.44
001255.SZ,2025-07-18,32.11,32.27,31.75,31.96,11513.0,36775.01
001255.SZ,2025-07-21,32.37,33.77,32.2,33.29,44178.0,146699.0
001255.SZ,2025-07-22,33.31,34.38,33.0,34.0,53255.2,180199.14
001255.SZ,2025-07-23,35.1,35.28,32.95,32.98,34896.0,116974.49
001255.SZ,2025-07-24,32.98,33.15,32.6,32.8,22426.0,73477.79
001255.SZ,2025-07-25,32.8,32.91,32.23,32.75,17271.0,56280.54
001255.SZ,2025-07-28,32.75,33.3,32.65,33.18,16888.0,55702.32
001255.SZ,2025-07-29,33.13,33.18,32.45,32.88,14705.0,48100.32
001255.SZ,2025-07-30,32.87,32.87,32.01,32.44,12727.0,41265.23
001255.SZ,2025-07-31,32.4,32.83,32.0,32.1,15051.0,48732.49
001255.SZ,2025-08-01,32.1,32.35,31.87,32.15,10649.0,34229.76
001255.SZ,2025-08-04,32.14,32.66,31.67,32.65,14137.0,45733.92
001255.SZ,2025-08-05,32.65,33.06,32.58,32.88,11276.0,37023.33
001255.SZ,2025-08-06,33.06,33.39,32.8,33.38,14748.0,48904.74
001255.SZ,2025-08-07,33.35,33.89,33.17,33.85,22044.0,74052.97
001255.SZ,2025-08-08,33.85,33.99,33.5,33.98,19693.0,66468.94
001255.SZ,2025-08-11,34.16,35.06,34.16,34.76,33790.0,117040.61
001255.SZ,2025-08-12,34.59,34.86,34.01,34.5,26622.0,91464.02
001255.SZ,2025-08-13,34.33,34.88,34.23,34.42,21212.0,73217.32
001255.SZ,2025-08-14,34.38,35.2,34.16,34.26,26309.16,91132.13
001255.SZ,2025-08-15,34.35,34.98,34.01,34.5,16900.0,58367.12
001255.SZ,2025-08-18,35.28,35.45,34.36,34.46,21296.0,73837.82
001255.SZ,2025-08-19,34.5,34.56,33.93,34.47,15046.0,51612.23
001255.SZ,2025-08-20,34.47,34.69,34.07,34.63,12289.0,42416.45
001255.SZ,2025-08-21,34.66,34.91,34.21,34.34,14464.06,49948.45
001255.SZ,2025-08-22,34.55,34.55,33.76,34.04,15387.5,52308.13
001255.SZ,2025-08-25,34.45,37.13,34.12,35.35,54295.19,194950.36
001255.SZ,2025-08-26,35.29,36.29,35.01,35.64,35686.0,127893.92
001255.SZ,2025-08-27,35.6,35.98,33.77,33.87,31160.09,108522.12
001255.SZ,2025-08-28,33.8,34.57,32.52,33.88,23823.8,79893.12
001255.SZ,2025-08-29,33.88,34.15,33.38,33.7,13001.6,43735.52
001255.SZ,2025-09-01,33.7,34.23,33.26,33.84,13434.06,45454.04
001255.SZ,2025-09-02,33.69,33.77,31.69,32.75,24924.15,81086.92
001255.SZ,2025-09-03,32.75,33.24,31.8,31.92,12557.47,40729.39
001255.SZ,2025-09-04,31.92,32.99,31.63,32.2,17464.6,56699.07
001255.SZ,2025-09-05,32.22,32.97,32.19,32.62,9527.0,31050.1
001255.SZ,2025-09-08,32.53,33.57,32.53,33.49,12653.2,41958.0
001255.SZ,2025-09-09,33.46,33.65,32.82,33.02,8217.0,27301.66
001255.SZ,2025-09-10,32.99,33.2,32.65,32.92,7923.63,26102.85
001255.SZ,2025-09-11,32.91,33.47,32.45,32.95,15626.0,51420.04
001255.SZ,2025-09-12,33.1,33.16,32.61,32.94,9310.0,30609.44
001255.SZ,2025-09-15,32.72,33.28,32.53,32.83,10392.0,34208.56
001255.SZ,2025-09-16,32.81,33.16,32.46,32.88,8400.0,27597.44
001255.SZ,2025-09-17,32.85,33.12,32.53,32.63,8354.0,27435.05
001255.SZ,2025-09-18,32.63,32.63,31.53,31.72,13480.0,43321.03
001255.SZ,2025-09-19,31.88,31.94,31.2,31.61,8652.0,27320.04
001255.SZ,2025-09-22,31.61,31.77,31.0,31.4,8531.0,26758.76
001255.SZ,2025-09-23,31.4,31.45,29.77,31.1,10927.0,33427.87
001255.SZ,2025-09-24,31.07,32.37,30.79,32.31,11845.0,37822.8
001255.SZ,2025-09-25,32.26,32.48,31.62,31.73,9180.0,29354.33
001255.SZ,2025-09-26,31.72,32.4,31.42,31.9,8931.0,28550.28
001255.SZ,2025-09-29,32.06,32.79,31.41,32.39,10716.01,34621.62
001255.SZ,2025-09-30,32.33,32.97,31.92,32.42,11370.2,37008.74
001255.SZ,2025-10-09,32.1,32.42,31.2,31.65,16157.0,51128.58
001255.SZ,2025-10-10,31.53,32.9,31.34,32.49,16431.2,53277.96
001255.SZ,2025-10-13,31.8,32.87,30.5,32.71,12235.2,39277.56
001255.SZ,2025-10-14,32.74,33.63,32.54,32.55,17697.47,58362.4
001255.SZ,2025-10-15,32.56,33.45,32.34,32.64,11847.8,38738.69
001255.SZ,2025-10-16,32.58,33.0,31.47,31.74,11796.0,37806.69
001255.SZ,2025-10-17,31.58,34.91,30.96,31.34,28382.38,91161.84
001255.SZ,2025-10-20,31.4,32.51,31.39,32.08,25955.27,82513.97
001255.SZ,2025-10-21,32.0,32.3,31.7,32.1,12355.68,39549.57
001255.SZ,2025-10-22,32.0,32.25,31.62,31.82,11739.8,37494.18
001255.SZ,2025-10-23,31.85,32.98,31.42,32.9,20687.01,67020.29
001255.SZ,2025-10-24,32.92,33.28,32.67,33.06,14760.0,48743.55
001255.SZ,2025-10-27,33.22,33.5,32.9,33.45,12694.0,42243.41
001255.SZ,2025-10-28,33.15,33.74,32.57,33.3,18875.0,62341.07
001255.SZ,2025-10-29,33.14,33.89,32.7,33.73,21575.38,71907.31
001255.SZ,2025-10-30,33.73,34.05,32.52,33.01,21995.0,73434.66
001255.SZ,2025-10-31,33.75,33.82,32.71,32.9,13708.0,45330.85
001255.SZ,2025-11-03,32.9,33.13,32.6,32.88,10528.0,34559.94
001255.SZ,2025-11-04,32.6,36.17,32.34,36.17,48209.5,170603.53
001255.SZ,2025-11-05,38.5,39.79,38.1,39.79,85721.01,339283.53
001255.SZ,2025-11-06,39.4,39.49,36.71,37.19,116755.38,443222.29
001255.SZ,2025-11-07,36.37,37.62,36.18,37.53,89627.71,329828.51
001255.SZ,2025-11-10,36.82,36.82,35.5,36.4,56517.8,204573.13
001255.SZ,2025-11-11,36.45,37.13,35.8,36.95,53192.96,194770.93
001255.SZ,2025-11-12,36.59,36.59,33.89,34.41,54436.0,190014.24
001255.SZ,2025-11-13,34.41,34.85,34.0,34.79,33843.45,116826.51
001255.SZ,2025-11-14,34.68,34.68,33.79,33.8,31288.51,106782.35
001255.SZ,2025-11-17,33.8,34.35,33.6,34.14,23193.15,78744.29
001255.SZ,2025-11-18,34.0,34.13,33.56,34.08,18337.0,62007.48
001255.SZ,2025-11-19,34.1,34.14,32.78,32.81,23775.0,78860.97
001255.SZ,2025-11-20,32.81,32.98,31.85,32.11,18465.96,59556.51
001255.SZ,2025-11-21,32.42,32.43,30.13,30.24,23851.4,73996.21
001255.SZ,2025-11-24,30.27,30.71,29.88,30.55,16674.4,50499.41
001255.SZ,2025-11-25,30.69,31.3,30.47,30.89,13748.4,42536.92
001255.SZ,2025-11-26,31.0,31.3,30.28,30.31,13362.0,41041.21
001255.SZ,2025-11-27,30.31,30.85,30.31,30.64,10981.0,33669.24
001255.SZ,2025-11-28,30.64,31.08,30.42,31.03,9654.0,29770.11
001255.SZ,2025-12-01,30.84,31.3,30.73,31.17,14510.0,45121.75
001255.SZ,2025-12-02,31.15,32.0,30.82,31.38,14389.0,45070.54
001255.SZ,2025-12-03,31.41,32.31,31.12,32.3,27837.0,88699.02
001255.SZ,2025-12-04,32.14,32.45,31.27,31.27,27856.0,88448.0
001255.SZ,2025-12-05,31.27,31.8,30.68,31.68,13055.12,40992.09
001255.SZ,2025-12-08,31.69,31.99,31.54,31.92,11016.23,35081.45
001255.SZ,2025-12-09,31.75,32.37,31.62,32.14,13823.0,44262.49
001255.SZ,2025-12-10,32.14,32.63,31.91,32.45,14368.0,46441.23
001255.SZ,2025-12-11,32.45,32.45,31.43,31.5,14687.12,46927.1
001255.SZ,2025-12-12,31.51,31.9,30.88,30.99,11573.5,36344.54
001255.SZ,2025-12-15,31.26,31.3,30.44,30.95,10439.5,32325.95
001255.SZ,2025-12-16,30.95,34.05,30.13,34.05,53492.86,178317.16
001255.SZ,2025-12-17,35.64,37.46,35.64,37.46,96173.2,356061.17
001255.SZ,2025-12-18,39.29,41.21,34.46,41.21,73654.34,292023.74
001255.SZ,2025-12-19,37.12,39.65,37.09,37.09,91895.45,344758.53
001255.SZ,2025-12-22,34.56,35.24,33.44,33.88,97201.21,330827.11
001255.SZ,2025-12-23,33.31,33.5,32.0,32.13,65770.79,214843.07
001255.SZ,2025-12-24,31.55,32.55,31.55,32.51,40892.66,132023.79
001255.SZ,2025-12-25,32.38,33.16,32.12,32.95,45393.77,148445.11
001255.SZ,2025-12-26,32.63,33.12,32.3,32.73,36204.12,117882.82
001255.SZ,2025-12-29,32.83,32.99,32.36,32.45,24854.42,80943.44
001255.SZ,2025-12-30,32.29,32.55,31.87,32.16,24354.3,78376.41
001255.SZ,2025-12-31,32.16,32.27,31.57,32.03,18447.3,58834.52
001255.SZ,2026-01-05,32.04,32.59,31.8,32.56,23390.0,75665.83
001255.SZ,2026-01-06,32.58,35.82,32.39,35.82,60377.0,208563.54
001255.SZ,2026-01-07,35.38,35.55,33.92,34.1,83644.85,288108.98
001255.SZ,2026-01-08,33.76,34.69,33.65,34.26,51527.56,176372.85
001255.SZ,2026-01-09,34.29,34.29,33.6,34.28,39476.22,134311.98
001255.SZ,2026-01-12,34.29,37.71,33.99,37.71,53487.52,189775.77
001255.SZ,2026-01-13,40.87,41.48,40.83,41.48,45144.35,186231.3
001255.SZ,2026-01-14,43.43,45.63,43.01,45.63,92153.43,414497.25
001255.SZ,2026-01-15,45.7,50.19,45.7,50.19,51266.87,248993.59
001255.SZ,2026-01-16,52.63,55.21,52.63,55.21,25468.51,137859.91
001255.SZ,2026-01-19,57.89,58.97,49.69,49.69,176001.63,892362.77
001255.SZ,2026-01-20,48.2,49.1,44.72,44.72,126755.12,573537.77
001255.SZ,2026-01-21,41.01,42.25,40.25,40.25,116878.36,473125.85
001255.SZ,2026-01-22,38.72,40.04,38.21,39.84,76020.34,297522.34
001255.SZ,2026-01-23,39.45,41.88,39.25,41.87,85001.62,347514.21
001255.SZ,2026-01-26,41.4,41.4,39.41,39.61,59138.4,237141.97
001255.SZ,2026-01-27,39.9,40.38,39.03,40.22,47224.9,188142.84
001255.SZ,2026-01-28,40.64,40.64,39.0,39.2,37906.0,150059.64
001255.SZ,2026-01-29,38.95,39.57,37.97,39.14,29431.4,114709.49
001255.SZ,2026-01-30,39.0,39.73,38.02,39.64,32750.0,127439.85
001255.SZ,2026-02-02,39.75,41.09,39.64,40.43,56661.44,228701.35
001255.SZ,2026-02-03,40.48,42.49,39.14,41.68,61666.52,250580.07
001255.SZ,2026-02-04,40.95,41.5,40.5,41.12,38297.0,156779.43
001255.SZ,2026-02-05,40.59,40.6,39.29,39.3,31649.0,125831.8
001255.SZ,2026-02-06,38.72,40.19,38.11,39.71,26032.4,102894.02
001255.SZ,2026-02-09,40.08,40.5,39.71,40.23,28403.4,114181.83
001255.SZ,2026-02-10,40.2,40.57,39.95,40.25,25510.58,102867.86
001255.SZ,2026-02-11,40.09,41.48,40.04,40.34,31328.0,127347.93
001255.SZ,2026-02-12,40.35,41.1,39.6,40.49,30435.0,123409.31
001255.SZ,2026-02-13,40.25,40.8,40.0,40.3,20608.0,83159.81
001255.SZ,2026-02-24,40.33,41.5,40.33,41.44,39021.0,160558.28
001255.SZ,2026-02-25,41.53,41.74,40.83,41.05,31281.0,128271.24
001255.SZ,2026-02-26,40.85,41.2,40.69,41.11,25841.0,105943.09
001255.SZ,2026-02-27,41.1,41.64,40.8,41.5,26658.0,110048.77
001255.SZ,2026-03-02,40.9,41.4,39.8,40.26,32237.2,130174.82
001255.SZ,2026-03-03,40.46,40.74,38.43,38.48,30104.4,118912.5
001255.SZ,2026-03-04,38.39,39.35,37.99,38.95,18769.5,72831.14
001255.SZ,2026-03-05,39.42,40.13,39.35,39.79,20271.0,80648.8
001255.SZ,2026-03-06,39.5,41.89,39.5,41.07,37263.0,153312.0
001255.SZ,2026-03-09,40.51,40.97,39.66,40.83,26487.0,107018.72
001255.SZ,2026-03-10,40.99,41.79,40.8,41.56,25619.0,106301.46
001255.SZ,2026-03-11,41.56,41.7,41.0,41.31,19965.0,82333.0
001255.SZ,2026-03-12,41.36,41.78,40.56,40.78,20735.0,85148.58
001255.SZ,2026-03-13,40.58,41.97,40.05,41.57,37625.0,156028.4
001255.SZ,2026-03-16,41.0,41.59,40.55,40.83,23672.0,96952.36
001255.SZ,2026-03-17,40.91,41.56,39.52,39.59,22868.0,92121.88
001255.SZ,2026-03-18,39.88,40.38,39.55,40.31,14593.38,58340.69
001255.SZ,2026-03-19,40.0,40.55,38.46,38.69,19528.5,76363.75
001255.SZ,2026-03-20,39.07,39.2,36.5,36.5,24281.38,90755.83
001255.SZ,2026-03-23,35.85,36.68,34.34,34.76,21425.0,75963.26
001255.SZ,2026-03-24,35.5,36.18,34.55,36.04,17913.0,63372.6
001255.SZ,2026-03-25,36.37,36.93,36.37,36.74,13204.38,48425.23
001255.SZ,2026-03-26,36.74,36.98,35.7,35.95,11761.38,42603.64
001255.SZ,2026-03-27,35.68,36.73,35.4,36.55,11334.0,41179.57
001255.SZ,2026-03-30,36.3,37.16,35.94,37.16,11884.0,43636.38
001255.SZ,2026-03-31,37.53,37.8,36.38,36.59,13800.0,51137.5
001255.SZ,2026-04-01,37.29,37.58,36.6,36.88,13071.73,48263.6
001255.SZ,2026-04-02,36.92,37.38,35.68,35.99,15698.0,57104.9
001255.SZ,2026-04-03,36.16,36.16,34.68,34.91,10921.0,38273.17
001255.SZ,2026-04-07,35.29,36.49,35.12,36.19,16807.0,60591.14
001255.SZ,2026-04-08,36.91,37.3,36.63,37.23,13346.0,49483.46
001255.SZ,2026-04-09,37.0,37.05,36.41,36.81,11602.0,42630.7
001255.SZ,2026-04-10,36.93,37.31,36.77,36.82,9750.0,36142.95
001255.SZ,2026-04-13,36.83,37.0,36.26,36.82,10620.0,38909.17
001255.SZ,2026-04-14,37.01,37.25,36.42,36.86,11441.0,41999.4
001255.SZ,2026-04-15,37.0,37.34,36.72,36.8,11590.0,42935.57
001255.SZ,2026-04-16,36.81,37.68,36.4,37.48,13196.0,49028.45
001255.SZ,2026-04-17,38.0,38.0,37.01,37.27,10237.0,38162.48
001255.SZ,2026-04-20,37.28,37.88,37.06,37.54,13061.0,49082.06
001255.SZ,2026-04-21,37.49,37.5,36.89,37.25,9994.0,37158.55
001255.SZ,2026-04-22,37.2,37.25,36.67,36.78,9672.13,35682.47
001255.SZ,2026-04-23,36.79,37.02,35.64,35.82,15379.0,55536.84
001255.SZ,2026-04-24,35.76,36.25,35.07,35.63,12492.16,44499.57
001255.SZ,2026-04-27,36.02,36.22,35.11,36.13,11665.0,41673.01
001255.SZ,2026-04-28,35.9,36.23,35.14,35.34,9230.0,32815.32
001255.SZ,2026-04-29,34.99,34.99,32.91,34.22,24366.0,82837.06
001255.SZ,2026-04-30,34.24,34.83,33.9,34.82,16806.0,57729.02
001255.SZ,2026-05-06,35.28,35.28,34.63,34.97,16232.38,56806.94
001255.SZ,2026-06-05,29.83,30.59,28.82,30.18,15159.0,45233.69
001255.SZ,2026-06-08,29.58,30.0,28.31,28.99,13259.0,38598.18
001255.SZ,2026-06-09,29.22,29.48,28.67,29.05,12345.0,35862.27
001255.SZ,2026-06-10,29.12,29.29,28.3,28.85,10914.0,31338.69
001255.SZ,2026-06-11,29.1,29.1,28.01,28.46,10043.0,28513.8
001255.SZ,2026-06-12,29.0,29.6,28.03,29.15,13098.0,38012.21
001255.SZ,2026-06-15,29.23,29.96,28.85,29.15,13655.6,39972.07
001255.SZ,2026-06-16,29.15,29.5,28.44,29.15,10594.7,30755.37
001255.SZ,2026-06-17,29.21,29.21,28.18,28.24,10649.8,30291.16
001255.SZ,2026-06-18,27.91,28.36,27.49,27.98,8929.0,24941.52
001255.SZ,2026-06-22,27.9,28.23,26.84,28.05,14554.0,39967543.5
001255.SZ,2026-06-23,28.0,28.64,27.52,28.11,13427.0,38022425.0
001255.SZ,2026-06-24,28.24,28.4,26.81,27.14,13391.0,36603870.0
001255.SZ,2026-06-25,26.99,27.27,26.13,26.31,14799.0,39157826.71
001255.SZ,2026-06-26,26.13,26.36,25.52,25.83,11694.0,30262074.82
001255.SZ,2026-06-29,25.65,25.99,23.27,25.55,36636.0,90624417.27
001255.SZ,2026-06-30,25.55,25.9,24.78,25.09,16248.0,40917783.0
001255.SZ,2026-07-01,25.5,26.26,24.93,25.74,18230.0,46599143.0
001255.SZ,2026-07-03,26.0,27.15,25.6,26.54,20418.24,53817.65
001255.SZ,2026-07-06,26.29,26.89,25.63,25.73,12315.95,32068.18
001255.SZ,2026-07-07,25.64,25.83,24.78,24.84,9254.0,23255.9
001255.SZ,2026-07-08,24.87,25.19,24.17,24.31,10143.0,24709.88
001255.SZ,2026-07-09,24.2,24.44,23.47,24.12,10228.34,24532.57
001255.SZ,2026-07-10,24.32,24.89,23.83,24.39,15074.0,36908.29
001255.SZ,2026-07-13,24.15,25.0,23.07,23.2,19443.0,46065.7
001255.SZ,2026-07-14,23.39,23.55,22.59,23.43,12419.0,28809.46
001255.SZ,2026-07-15,23.43,23.97,23.2,23.59,10675.0,25209.27
001255.SZ,2026-07-16,23.49,24.29,23.11,23.86,10868.9,25955.85
001255.SZ,2026-07-17,23.96,24.28,22.64,22.89,13070.0,30609.55
001255.SZ,2026-07-20,22.89,23.58,21.5,21.93,17127.0,38553.81
001255.SZ,2026-07-21,21.82,22.12,20.43,21.71,18078.74,38616.35
001255.SZ,2026-07-22,21.73,22.02,21.0,21.16,11890.95,25436.43
001255.SZ,2026-07-23,21.27,22.28,21.0,22.28,13515.5,29385.88
001255.SZ,2026-07-24,22.22,22.35,21.5,21.7,12420.0,27119.99
001255.SZ,2026-07-27,21.73,22.79,21.62,22.48,12940.85,28970.23
001255.SZ,2026-07-28,22.26,23.0,22.23,22.54,12399.0,28134.44
001255.SZ,2026-07-29,22.6,23.1,22.46,23.04,11624.0,26521.01
001255.SZ,2026-07-30,23.04,23.4,22.51,22.75,11835.0,27183.57
001255.SZ,2026-07-31,22.9,23.38,22.7,23.22,10245.0,23721.44
001255.SZ,2026-08-03,23.45,24.0,23.16,24.0,13314.0,31515.38
001255.SZ,2026-08-04,24.12,24.48,24.08,24.3,11921.49,28966.32
001255.SZ,2026-08-05,24.3,25.26,24.15,24.85,14245.0,35340.79
001255.SZ,2026-08-06,24.65,24.97,24.35,24.85,10055.0,24807.72
001255.SZ,2026-08-07,24.87,24.99,24.2,24.85,13618.62,33507.07
001255.SZ,2026-08-10,25.1,25.57,24.71,25.47,12079.0,30624.07
001255.SZ,2026-08-11,25.56,25.63,24.99,25.31,10627.0,26878.95
001255.SZ,2026-08-12,25.31,25.68,25.23,25.47,6826.0,17383.51
001255.SZ,2026-08-13,25.61,25.66,24.9,24.94,11661.0,29423.8
001255.SZ,2026-08-14,24.93,25.56,24.69,25.18,12041.43,30234.24
001255.SZ,2026-08-17,25.34,25.9,25.0,25.78,11467.0,29334.52
001255.SZ,2026-08-18,25.72,26.66,25.53,26.47,12200.75,31720.68
001255.SZ,2026-08-19,26.24,26.32,25.16,25.39,13254.55,33933.32
001255.SZ,2026-08-20,25.5,25.98,25.39,25.8,8506.0,21875.73
001255.SZ,2026-08-21,25.8,26.19,25.37,26.11,7966.0,20557.14
001255.SZ,2026-08-24,26.24,26.24,25.4,25.8,9690.13,24961.61
001255.SZ,2026-08-25,25.7,26.29,25.27,26.15,11781.08,30401.77
001255.SZ,2026-08-26,26.35,27.37,26.05,26.63,14076.96,37522.47
001255.SZ,2026-08-27,26.66,26.77,26.09,26.31,10791.68,28464.01
001255.SZ,2026-08-28,26.32,27.17,26.21,27.0,13791.29,37039.0
001255.SZ,2026-08-31,26.85,27.3,26.58,27.25,11494.0,31069.52
001255.SZ,2026-09-01,27.3,27.98,27.15,27.34,9250.5,25339.68
001255.SZ,2026-09-02,27.42,28.0,26.94,27.7,14192.01,39086.33
001255.SZ,2026-09-03,27.7,27.98,27.27,27.51,12127.0,33455.25
001255.SZ,2026-09-04,27.58,27.98,26.87,27.08,17450.7,47818.88
001255.SZ,2026-09-07,27.09,27.22,26.74,27.13,9881.29,26703.26
001255.SZ,2026-09-08,27.21,27.86,26.85,27.54,11178.01,30658.03
001255.SZ,2026-09-09,27.55,27.79,27.45,27.68,9691.85,26795.84
001255.SZ,2026-09-10,27.48,27.67,27.0,27.01,9609.21,26143.82
001255.SZ,2026-09-11,26.8,26.98,25.81,26.12,14135.0,37037.79
001255.SZ,2026-09-14,26.27,26.9,25.92,26.41,13704.0,36374.01
001255.SZ,2026-09-15,26.67,26.67,25.58,25.6,13525.0,35004.28
001255.SZ,2026-09-16,25.51,26.35,25.42,26.22,12604.64,32852.75
001255.SZ,2026-09-17,26.19,26.46,25.76,26.38,9883.28,25848.21
001255.SZ,2026-09-18,26.49,26.84,26.29,26.56,8698.65,23166.45
