symbol,datetime,open,high,low,close,volume,amount
002840.SZ,2017-01-10,7.86,9.43,7.86,9.43,127.88,120.38
002840.SZ,2017-01-11,10.37,10.37,10.37,10.37,52.0,53.92
002840.SZ,2017-01-12,11.41,11.41,11.41,11.41,55.54,63.37
002840.SZ,2017-01-13,12.55,12.55,12.55,12.55,174.14,218.55
002840.SZ,2017-01-16,13.81,13.81,13.81,13.81,568.76,785.46
002840.SZ,2017-01-17,15.19,15.19,15.19,15.19,411.36,624.86
002840.SZ,2017-01-18,16.71,16.71,16.71,16.71,304.78,509.29
002840.SZ,2017-01-19,18.38,18.38,18.38,18.38,909.59,1671.83
002840.SZ,2017-01-20,20.22,20.22,20.22,20.22,4141.95,8375.02
002840.SZ,2017-01-23,22.24,22.24,22.24,22.24,1418.37,3154.45
002840.SZ,2017-01-24,24.46,24.46,22.6,22.7,271124.08,637056.23
002840.SZ,2017-01-25,21.61,22.95,21.22,22.3,178669.22,392752.61
002840.SZ,2017-01-26,22.21,23.5,21.88,23.2,169418.37,383667.02
002840.SZ,2017-02-03,22.85,23.04,22.22,22.53,89107.6,201740.06
002840.SZ,2017-02-06,23.1,24.78,23.1,24.78,183960.55,445327.92
002840.SZ,2017-02-07,24.68,24.68,23.84,24.61,150417.92,365960.37
002840.SZ,2017-02-08,24.43,26.55,24.15,25.39,165477.65,419428.49
002840.SZ,2017-02-09,25.2,27.26,25.15,25.7,157252.84,411907.41
002840.SZ,2017-02-10,25.65,26.2,25.25,25.85,112861.75,290303.53
002840.SZ,2017-02-13,26.0,28.44,25.85,28.44,116323.27,316713.51
002840.SZ,2017-02-14,29.8,31.28,27.98,31.28,126525.79,378681.38
002840.SZ,2017-02-15,31.28,34.38,29.87,31.44,246004.19,792540.94
002840.SZ,2017-02-16,30.11,30.64,28.44,29.1,160721.57,476478.79
002840.SZ,2017-02-17,28.5,29.33,27.7,27.71,111691.82,315005.88
002840.SZ,2017-02-20,27.4,27.6,26.62,27.12,73398.02,198839.55
002840.SZ,2017-02-21,27.28,27.9,27.23,27.58,82298.62,226999.18
002840.SZ,2017-02-22,27.36,27.4,26.4,26.71,81117.28,217779.3
002840.SZ,2017-02-23,26.87,27.97,26.87,27.55,87467.89,239987.78
002840.SZ,2017-02-24,27.8,29.96,27.49,29.0,126165.98,363065.42
002840.SZ,2017-02-27,28.7,29.2,28.07,29.18,86754.05,248708.23
002840.SZ,2017-02-28,28.85,29.49,28.56,29.4,75747.6,220151.78
002840.SZ,2017-03-01,29.33,29.66,28.49,28.5,68949.93,200032.7
002840.SZ,2017-03-02,28.39,29.3,28.06,28.88,77054.78,221592.47
002840.SZ,2017-03-03,28.57,29.21,28.27,29.09,63152.87,182343.18
002840.SZ,2017-03-06,29.14,30.69,28.93,30.51,131254.96,391700.23
002840.SZ,2017-03-07,30.2,30.88,29.79,30.56,104548.36,317820.49
002840.SZ,2017-03-08,30.65,32.61,30.65,31.65,121355.45,386318.7
002840.SZ,2017-03-09,31.39,31.57,29.72,30.0,97072.3,295516.06
002840.SZ,2017-03-10,29.76,30.58,29.76,30.02,52950.6,159906.31
002840.SZ,2017-03-13,29.89,30.28,28.82,30.19,52141.7,154494.37
002840.SZ,2017-03-14,30.0,30.93,29.98,30.59,59382.06,181460.83
002840.SZ,2017-03-15,30.4,30.4,29.9,30.02,49241.52,148316.81
002840.SZ,2017-03-16,30.15,31.98,30.15,31.17,93310.53,291059.2
002840.SZ,2017-03-17,31.35,31.97,30.62,30.64,86739.92,271670.2
002840.SZ,2017-03-20,30.22,31.66,30.02,31.66,68814.15,213724.97
002840.SZ,2017-03-21,31.65,33.65,31.61,32.92,129721.88,423392.64
002840.SZ,2017-03-22,32.35,33.31,31.89,32.91,101496.87,331046.24
002840.SZ,2017-03-23,32.88,33.3,30.56,32.23,100164.22,321780.3
002840.SZ,2017-03-24,31.69,32.77,31.65,32.24,59969.62,194041.36
002840.SZ,2017-03-27,32.27,32.46,31.6,32.33,50494.02,161857.7
002840.SZ,2017-03-28,32.38,32.45,31.01,31.12,61143.89,194054.69
002840.SZ,2017-03-29,30.93,31.35,29.16,29.6,70343.46,211559.68
002840.SZ,2017-03-30,29.35,29.35,28.26,28.78,44719.47,128924.2
002840.SZ,2017-03-31,29.7,30.48,29.03,29.06,41476.83,122900.15
002840.SZ,2017-04-05,28.8,29.99,28.46,29.78,31333.31,92128.62
002840.SZ,2017-04-06,29.78,30.46,29.56,29.82,30195.88,90592.97
002840.SZ,2017-04-07,29.6,29.91,28.86,28.94,31077.54,91304.99
002840.SZ,2017-04-10,28.53,28.91,26.45,26.6,45834.61,125505.27
002840.SZ,2017-04-11,26.5,27.37,26.16,27.3,26368.38,70928.31
002840.SZ,2017-04-12,27.23,27.37,26.68,26.7,18396.86,49659.23
002840.SZ,2017-04-13,26.8,27.22,26.7,26.78,11596.64,31224.8
002840.SZ,2017-04-14,26.7,26.83,26.22,26.22,12755.82,33838.86
002840.SZ,2017-04-17,25.0,25.5,24.2,24.65,28724.67,71234.22
002840.SZ,2017-04-18,24.6,25.13,24.16,24.21,17470.1,43122.07
002840.SZ,2017-04-19,24.17,25.08,23.83,24.96,27608.41,67821.22
002840.SZ,2017-04-20,25.18,25.48,24.68,25.43,23187.3,58211.43
002840.SZ,2017-04-21,25.02,25.39,24.95,25.13,24756.97,62335.96
002840.SZ,2017-04-24,24.9,25.1,24.08,24.52,18165.55,44435.67
002840.SZ,2017-04-25,24.69,25.14,24.6,24.69,15469.74,38500.22
002840.SZ,2017-04-26,24.75,25.23,24.5,25.06,18753.78,46821.47
002840.SZ,2017-04-27,24.95,26.08,24.57,25.96,32525.44,82715.53
002840.SZ,2017-04-28,25.82,26.67,25.8,26.55,28146.43,74127.44
002840.SZ,2017-05-02,26.3,26.78,26.15,26.52,18043.98,47843.28
002840.SZ,2017-05-03,26.33,26.98,26.33,26.93,19321.48,51396.39
002840.SZ,2017-05-04,26.94,27.45,26.43,26.92,28289.58,76533.62
002840.SZ,2017-05-05,26.64,26.95,26.56,26.65,17823.0,47616.42
002840.SZ,2017-05-08,26.4,26.56,25.79,25.79,20339.0,53361.12
002840.SZ,2017-05-09,25.51,26.65,25.5,26.45,12549.05,32827.3
002840.SZ,2017-05-10,26.67,26.88,26.03,26.24,14433.09,38328.97
002840.SZ,2017-05-11,25.99,26.68,25.01,26.65,25643.02,66281.78
002840.SZ,2017-05-12,26.5,26.75,26.12,26.52,18229.18,48300.27
002840.SZ,2017-05-15,26.69,26.95,26.2,26.53,22372.55,59409.9
002840.SZ,2017-05-16,26.41,26.94,25.95,26.9,22670.55,60056.95
002840.SZ,2017-05-17,26.86,27.26,26.67,26.79,16135.97,43420.21
002840.SZ,2017-05-18,26.59,26.97,26.58,26.61,16030.71,42879.43
002840.SZ,2017-05-19,26.61,26.66,26.36,26.38,10362.67,27440.47
002840.SZ,2017-05-22,26.3,26.38,24.91,25.39,19152.1,48925.73
002840.SZ,2017-05-23,25.01,25.99,23.9,24.97,24098.43,59110.11
002840.SZ,2017-05-24,24.66,25.0,24.09,24.9,7765.92,19124.32
002840.SZ,2017-05-25,24.81,24.92,24.25,24.71,8975.54,22081.08
002840.SZ,2017-05-26,24.69,25.2,24.6,24.85,7814.76,19466.11
002840.SZ,2017-05-31,25.7,25.7,24.65,24.72,9732.24,24497.91
002840.SZ,2017-06-01,24.66,24.66,23.65,23.9,12339.1,29645.82
002840.SZ,2017-06-02,23.78,24.54,23.31,24.45,7662.92,18505.67
002840.SZ,2017-06-05,24.66,24.96,24.41,24.61,8830.01,21855.31
002840.SZ,2017-06-06,24.46,24.82,24.15,24.72,4396.11,10822.82
002840.SZ,2017-06-07,24.78,25.5,24.52,25.22,14539.93,36523.56
002840.SZ,2017-06-08,25.25,25.35,25.1,25.18,11285.47,28438.08
002840.SZ,2017-06-09,25.24,25.68,24.74,25.61,31765.43,80442.84
002840.SZ,2017-06-12,25.1,25.3,24.48,24.79,11650.36,29007.55
002840.SZ,2017-06-13,24.39,25.36,24.39,25.2,8931.1,22392.73
002840.SZ,2017-06-14,25.0,25.25,24.89,24.96,6512.29,16284.35
002840.SZ,2017-06-15,24.85,25.5,24.85,25.35,13332.36,33708.48
002840.SZ,2017-06-16,25.37,25.38,24.91,25.02,6611.0,16589.25
002840.SZ,2017-06-19,24.98,25.38,24.86,25.08,5291.54,13291.1
002840.SZ,2017-06-20,25.32,25.55,25.12,25.15,6806.54,17197.57
002840.SZ,2017-06-21,25.13,25.25,25.02,25.14,7555.16,18977.62
002840.SZ,2017-06-22,25.15,25.19,24.59,24.8,6935.54,17321.84
002840.SZ,2017-06-23,24.71,25.2,24.61,25.09,21390.64,53400.92
002840.SZ,2017-06-26,25.07,25.33,24.91,25.26,9364.25,23544.24
002840.SZ,2017-06-27,25.27,25.42,25.14,25.26,5631.0,14240.09
002840.SZ,2017-06-28,25.2,25.26,25.02,25.17,4972.44,12509.2
002840.SZ,2017-06-29,25.26,25.42,25.14,25.35,6602.28,16702.88
002840.SZ,2017-06-30,25.3,25.65,25.3,25.47,11088.02,28225.37
002840.SZ,2017-07-03,25.47,26.88,25.47,26.6,17151.65,45267.81
002840.SZ,2017-07-04,26.5,26.99,26.06,26.79,14213.34,37584.4
002840.SZ,2017-07-05,26.3,26.74,26.3,26.48,8644.96,22927.61
002840.SZ,2017-07-06,26.39,26.9,26.26,26.51,10498.0,27905.31
002840.SZ,2017-07-07,26.55,27.37,26.55,27.34,22021.74,59729.37
002840.SZ,2017-07-10,27.5,28.25,27.0,27.05,30134.06,82941.02
002840.SZ,2017-07-11,27.0,27.57,26.69,26.9,14314.92,38640.17
002840.SZ,2017-07-12,26.79,27.55,26.6,27.55,15904.97,43130.56
002840.SZ,2017-07-13,27.36,27.94,27.21,27.33,13213.76,36387.63
002840.SZ,2017-07-14,27.43,27.43,26.5,26.51,9897.98,26537.38
002840.SZ,2017-07-17,26.44,26.52,23.86,25.4,18668.22,47282.87
002840.SZ,2017-07-18,25.29,25.96,24.58,25.68,5633.05,14353.4
002840.SZ,2017-07-19,25.58,26.0,25.25,25.88,4774.03,12259.66
002840.SZ,2017-07-20,25.61,26.28,25.61,25.61,4814.76,12507.63
002840.SZ,2017-07-21,25.6,25.85,25.42,25.5,4551.24,11627.04
002840.SZ,2017-07-24,25.42,25.99,25.42,25.77,4883.22,12553.29
002840.SZ,2017-07-25,25.7,26.54,25.52,26.23,10996.06,28563.24
002840.SZ,2017-07-26,26.22,26.49,25.92,26.0,4527.6,11800.2
002840.SZ,2017-07-27,26.0,26.6,25.73,26.54,8896.84,23359.54
002840.SZ,2017-07-28,26.78,26.78,26.0,26.03,5037.08,13219.63
002840.SZ,2017-07-31,25.75,26.15,25.72,25.82,5440.78,14058.67
002840.SZ,2017-08-01,25.75,26.14,25.62,26.09,13407.05,34682.34
002840.SZ,2017-08-02,26.07,26.36,25.8,25.95,7758.54,20149.98
002840.SZ,2017-08-03,25.72,26.2,25.7,25.95,6297.58,16369.34
002840.SZ,2017-08-04,25.8,26.15,25.73,25.91,8034.98,20798.69
002840.SZ,2017-08-07,25.85,25.99,25.7,25.76,3415.0,8817.7
002840.SZ,2017-08-08,25.68,26.5,25.4,26.5,13025.05,34043.31
002840.SZ,2017-08-09,26.48,26.51,25.81,25.81,9162.0,23920.12
002840.SZ,2017-08-10,25.61,25.97,25.41,25.41,5124.28,13154.24
002840.SZ,2017-08-11,25.38,25.38,24.78,24.88,6087.38,15212.79
002840.SZ,2017-08-14,24.89,25.3,24.89,25.1,3058.84,7698.48
002840.SZ,2017-08-15,25.1,25.26,25.02,25.17,3619.27,9091.69
002840.SZ,2017-08-16,25.1,25.47,25.01,25.39,3676.03,9298.65
002840.SZ,2017-08-17,25.39,25.49,25.14,25.33,4061.73,10251.33
002840.SZ,2017-08-18,25.11,25.35,25.06,25.21,3943.28,9942.13
002840.SZ,2017-08-21,25.33,25.85,25.33,25.79,4903.65,12545.28
002840.SZ,2017-08-22,25.7,26.2,25.56,25.81,5319.14,13772.41
002840.SZ,2017-08-23,25.95,25.95,25.25,25.37,4548.82,11599.51
002840.SZ,2017-08-24,25.37,25.5,25.06,25.11,4102.21,10355.13
002840.SZ,2017-08-25,25.03,25.4,25.02,25.3,3825.0,9654.68
002840.SZ,2017-08-28,25.34,25.92,25.34,25.91,11615.38,29917.3
002840.SZ,2017-08-29,25.93,26.24,25.63,26.1,11297.0,29296.04
002840.SZ,2017-08-30,25.88,26.35,25.76,25.97,7618.0,19881.25
002840.SZ,2017-08-31,25.86,26.43,25.86,26.42,11940.46,31315.99
002840.SZ,2017-09-01,26.35,26.96,26.17,26.77,18343.6,48859.08
002840.SZ,2017-09-04,26.78,27.48,26.0,26.55,19330.51,51843.52
002840.SZ,2017-09-05,26.48,26.96,26.3,26.86,10045.82,26897.72
002840.SZ,2017-09-06,26.7,26.89,26.6,26.84,9829.67,26315.05
002840.SZ,2017-09-07,26.85,27.2,26.65,27.12,12559.91,33964.69
002840.SZ,2017-09-08,27.12,27.5,26.95,27.49,21959.0,60141.58
002840.SZ,2017-09-11,27.45,27.98,27.23,27.47,16478.39,45493.99
002840.SZ,2017-09-12,27.33,28.0,27.33,27.47,26996.15,74577.48
002840.SZ,2017-09-13,27.45,28.05,27.33,28.05,15391.24,42671.19
002840.SZ,2017-09-14,28.3,28.77,28.0,28.02,31157.18,88543.01
002840.SZ,2017-09-15,27.74,29.29,27.38,28.35,27330.26,76695.25
002840.SZ,2017-09-18,28.03,28.76,27.91,28.47,13176.08,37487.72
002840.SZ,2017-09-19,28.5,28.78,28.15,28.22,10584.75,30096.52
002840.SZ,2017-09-20,28.5,28.5,28.0,28.3,9371.0,26455.97
002840.SZ,2017-09-21,28.08,28.47,27.72,28.0,11663.3,32711.24
002840.SZ,2017-09-22,28.16,28.16,27.68,27.82,6072.69,16867.21
002840.SZ,2017-09-25,27.35,28.52,27.35,27.63,15845.26,44389.98
002840.SZ,2017-09-26,27.59,27.89,27.4,27.73,5087.08,14099.98
002840.SZ,2017-09-27,27.89,28.73,27.1,28.28,32838.64,92995.8
002840.SZ,2017-09-28,28.15,29.08,28.15,28.83,25170.49,71941.66
002840.SZ,2017-09-29,28.83,29.08,28.6,29.05,18710.0,54250.04
002840.SZ,2017-10-09,29.1,29.3,28.7,29.06,15329.08,44495.96
002840.SZ,2017-10-10,29.06,29.13,28.8,29.04,6365.54,18440.54
002840.SZ,2017-10-11,28.94,29.15,28.9,29.05,4383.22,12719.84
002840.SZ,2017-10-12,29.07,29.45,28.9,29.04,7020.68,20497.26
002840.SZ,2017-10-13,28.9,29.72,28.9,29.24,19380.54,57172.38
002840.SZ,2017-10-16,29.14,29.67,28.86,29.04,8170.0,23949.94
002840.SZ,2017-10-17,29.39,29.45,28.93,29.2,8700.0,25378.61
002840.SZ,2017-10-18,29.4,29.4,28.88,28.88,6732.54,19549.01
002840.SZ,2017-10-19,28.6,29.13,28.49,28.98,6269.48,18134.21
002840.SZ,2017-10-20,28.73,29.4,28.73,29.16,4392.0,12816.9
002840.SZ,2017-10-23,29.38,29.38,29.02,29.21,2800.12,8169.34
002840.SZ,2017-10-24,29.16,29.72,29.11,29.55,9304.3,27459.85
002840.SZ,2017-10-25,29.61,30.19,29.43,30.15,19242.3,57460.1
002840.SZ,2017-10-26,30.55,30.57,30.18,30.26,14443.97,43932.72
002840.SZ,2017-10-27,30.37,30.52,30.0,30.25,10182.74,30779.33
002840.SZ,2017-10-30,30.1,30.6,29.29,30.33,9516.54,28568.43
002840.SZ,2017-10-31,30.43,30.63,30.04,30.3,11320.01,34340.83
002840.SZ,2017-11-01,30.43,30.6,30.22,30.59,5587.82,17047.81
002840.SZ,2017-11-02,30.63,30.63,29.83,29.83,8910.98,26909.45
002840.SZ,2017-11-03,29.79,30.0,29.53,29.58,5112.0,15189.31
002840.SZ,2017-11-06,29.87,30.14,29.3,29.95,3537.0,10553.03
002840.SZ,2017-11-07,29.8,30.77,29.66,30.6,11676.7,35578.98
002840.SZ,2017-11-08,30.38,30.71,30.32,30.36,5815.08,17772.92
002840.SZ,2017-11-09,30.4,30.75,30.36,30.75,19779.0,60601.35
002840.SZ,2017-11-10,30.68,31.75,30.68,31.7,17846.08,56086.02
002840.SZ,2017-11-13,31.8,32.43,31.51,32.0,10875.22,34680.19
002840.SZ,2017-11-14,32.05,32.19,31.5,31.89,16926.93,53941.13
002840.SZ,2017-11-15,31.7,32.83,29.36,30.4,59569.08,179305.77
002840.SZ,2017-11-16,29.6,30.3,29.5,30.3,21993.14,65527.56
002840.SZ,2017-11-17,30.24,30.3,29.4,30.05,12028.36,35774.73
002840.SZ,2017-11-20,29.71,31.06,28.7,30.95,14855.93,44598.23
002840.SZ,2017-11-21,30.95,34.05,30.95,34.05,52378.67,173304.83
002840.SZ,2017-11-22,34.11,34.3,33.2,33.2,29183.6,97664.32
002840.SZ,2017-11-23,33.27,33.43,32.63,32.81,14687.35,48312.95
002840.SZ,2017-11-24,32.48,33.0,32.31,32.95,9220.0,30239.54
002840.SZ,2017-11-27,32.0,33.24,32.0,32.6,14457.84,47463.59
002840.SZ,2017-11-28,31.0,33.03,30.94,32.64,10038.0,32761.35
002840.SZ,2017-11-29,32.58,33.4,32.28,33.29,9949.78,32778.3
002840.SZ,2017-11-30,33.14,33.69,32.93,33.45,11182.16,37338.38
002840.SZ,2017-12-01,33.45,33.75,32.45,33.29,24575.0,80987.86
002840.SZ,2017-12-04,33.01,33.26,32.73,32.82,10480.7,34447.74
002840.SZ,2017-12-05,32.8,33.49,32.06,33.28,28232.62,92216.54
002840.SZ,2017-12-06,32.81,33.48,32.69,33.45,9817.08,32561.28
002840.SZ,2017-12-07,33.4,34.7,33.4,34.18,19755.61,67492.51
002840.SZ,2017-12-08,33.98,35.65,33.75,35.65,20941.21,72994.31
002840.SZ,2017-12-11,36.1,36.39,35.03,36.28,14995.28,53505.52
002840.SZ,2017-12-12,36.11,36.9,36.1,36.48,22961.54,83720.8
002840.SZ,2017-12-13,35.9,38.9,35.9,38.49,38114.65,142418.37
002840.SZ,2017-12-14,38.33,38.75,37.24,37.95,28210.16,107426.02
002840.SZ,2017-12-15,37.71,38.0,36.36,36.85,18741.0,68934.16
002840.SZ,2017-12-18,36.85,36.87,36.28,36.58,7893.54,28848.17
002840.SZ,2017-12-19,36.3,36.92,36.01,36.6,8720.54,31941.26
002840.SZ,2017-12-20,36.63,36.63,36.15,36.45,7427.0,26978.84
002840.SZ,2017-12-21,36.46,37.2,36.08,36.8,12570.0,46296.48
002840.SZ,2017-12-22,36.8,37.5,36.51,37.35,43757.96,162383.06
002840.SZ,2017-12-25,37.41,39.5,37.41,39.49,33374.78,129419.78
002840.SZ,2017-12-26,39.0,40.05,38.58,38.6,17377.08,67729.07
002840.SZ,2017-12-27,38.82,38.95,38.1,38.48,8793.54,33735.5
002840.SZ,2017-12-28,39.0,39.65,38.31,39.6,38438.04,149782.18
002840.SZ,2017-12-29,39.62,40.16,39.0,39.76,14951.16,59322.7
002840.SZ,2018-01-02,39.55,40.3,38.5,39.94,17831.08,70628.64
002840.SZ,2018-01-03,39.35,40.0,37.54,39.5,29486.71,113999.58
002840.SZ,2018-01-04,39.46,40.29,35.55,35.55,107730.68,418037.11
002840.SZ,2018-01-05,32.0,32.0,32.0,32.0,7644.0,24460.8
002840.SZ,2018-01-08,28.8,31.9,28.8,30.2,120487.74,367131.7
002840.SZ,2018-01-09,29.04,30.0,29.04,29.51,45952.67,135779.83
002840.SZ,2018-01-10,29.5,29.98,27.8,29.17,45177.39,129030.72
002840.SZ,2018-01-11,29.02,30.15,28.5,29.59,44222.0,131984.36
002840.SZ,2018-01-12,29.57,29.99,29.3,29.8,23586.62,70006.2
002840.SZ,2018-01-15,29.65,29.66,28.9,29.1,14700.98,42934.63
002840.SZ,2018-01-16,28.7,29.3,28.62,29.3,18562.0,53600.46
002840.SZ,2018-01-17,29.25,29.94,28.76,29.89,14000.29,41025.81
002840.SZ,2018-01-18,29.8,29.92,29.43,29.9,9506.61,28189.79
002840.SZ,2018-01-19,29.91,30.28,29.18,29.92,9825.54,29394.64
002840.SZ,2018-01-22,29.43,30.31,28.7,30.27,15140.62,45294.91
002840.SZ,2018-01-23,30.25,30.66,29.91,30.62,9540.1,29013.14
002840.SZ,2018-01-24,30.59,31.21,30.11,30.96,16667.0,50931.35
002840.SZ,2018-01-25,31.1,31.32,30.77,31.31,10498.16,32714.63
002840.SZ,2018-01-26,31.65,31.65,31.06,31.25,5016.0,15682.64
002840.SZ,2018-01-29,31.2,31.42,30.65,31.03,5659.0,17481.05
002840.SZ,2018-01-30,31.3,31.3,30.79,30.89,34838.06,108413.3
002840.SZ,2018-01-31,30.88,30.93,28.0,30.76,37678.16,115250.69
002840.SZ,2018-02-01,30.0,30.9,29.34,29.5,62437.62,190710.27
002840.SZ,2018-02-02,29.51,29.87,28.01,28.33,77201.16,218179.55
002840.SZ,2018-02-05,28.19,28.93,28.18,28.44,28023.0,80118.72
002840.SZ,2018-02-06,28.44,31.28,28.44,31.16,25929.2,79535.73
002840.SZ,2018-02-07,31.78,32.98,31.2,32.0,24618.36,78087.11
002840.SZ,2018-02-08,31.7,34.0,31.58,33.66,15318.0,50359.04
002840.SZ,2018-02-09,33.53,34.5,31.99,33.62,23751.4,79724.78
002840.SZ,2018-02-12,33.63,34.7,33.63,34.56,34428.0,118062.54
002840.SZ,2018-02-13,35.0,35.0,31.1,34.98,37054.36,122829.25
002840.SZ,2018-02-14,34.6,35.36,34.4,35.36,18660.91,64933.37
002840.SZ,2018-02-22,35.5,35.6,34.73,35.38,15286.22,53581.57
002840.SZ,2018-02-23,35.35,35.54,34.92,35.3,17296.91,60888.81
002840.SZ,2018-02-26,35.25,35.3,35.0,35.3,9995.0,35159.37
002840.SZ,2018-02-27,35.28,35.5,35.03,35.28,23998.0,84378.86
002840.SZ,2018-02-28,35.28,35.5,33.83,34.65,23803.0,83754.11
002840.SZ,2018-03-01,34.6,35.5,33.35,33.83,30447.0,103193.36
002840.SZ,2018-03-02,33.58,34.34,33.58,33.83,13865.16,46919.74
002840.SZ,2018-03-05,33.85,34.8,33.78,34.56,34388.62,117011.66
002840.SZ,2018-03-06,34.58,36.18,34.31,36.18,16896.0,59354.43
002840.SZ,2018-03-07,36.16,36.78,35.64,36.17,55318.0,199840.91
002840.SZ,2018-03-08,35.81,36.5,35.68,36.28,36914.44,134201.07
002840.SZ,2018-03-09,36.18,36.98,35.73,36.45,12175.44,44206.33
002840.SZ,2018-03-12,36.16,36.53,35.8,36.0,6561.0,23642.66
002840.SZ,2018-03-13,35.96,36.35,35.89,35.93,7601.0,27414.97
002840.SZ,2018-03-14,35.68,36.1,35.53,35.8,11654.62,41906.85
002840.SZ,2018-03-15,35.8,36.0,35.45,35.7,5355.0,19062.79
002840.SZ,2018-03-16,35.53,35.89,35.35,35.88,8695.0,31026.12
002840.SZ,2018-03-19,35.57,36.11,35.57,36.04,10739.06,38552.02
002840.SZ,2018-03-20,36.58,36.58,36.06,36.25,13144.54,47561.68
002840.SZ,2018-03-21,36.25,36.6,35.91,36.46,10451.86,37963.53
002840.SZ,2018-03-22,36.11,37.45,36.11,37.21,9588.54,35451.27
002840.SZ,2018-03-23,37.0,37.74,36.81,37.59,25650.05,95790.58
002840.SZ,2018-03-26,37.4,38.55,37.26,37.99,10748.04,40682.7
002840.SZ,2018-03-27,38.08,39.09,37.9,38.95,11716.04,45102.69
002840.SZ,2018-03-28,38.7,39.3,38.18,38.68,11875.24,46077.7
002840.SZ,2018-03-29,38.68,39.45,38.4,39.4,18123.0,70122.44
002840.SZ,2018-03-30,39.4,41.96,39.4,41.79,16895.54,68197.04
002840.SZ,2018-04-02,41.7,42.5,41.58,42.49,11820.54,49671.82
002840.SZ,2018-04-03,42.5,42.5,41.5,41.76,7932.42,33100.1
002840.SZ,2018-04-04,41.76,42.0,41.38,41.65,8027.0,33453.67
002840.SZ,2018-04-09,41.0,41.99,41.0,41.81,36741.0,153055.9
002840.SZ,2018-04-10,41.81,43.76,41.81,43.57,16034.51,68959.92
002840.SZ,2018-04-11,43.68,44.68,43.5,44.67,20105.54,88908.3
002840.SZ,2018-04-12,44.6,47.6,44.32,47.6,16920.99,79089.41
002840.SZ,2018-04-13,47.56,47.56,45.51,46.77,21418.98,100210.73
002840.SZ,2018-04-16,46.4,47.0,46.2,46.55,5237.15,24324.76
002840.SZ,2018-04-17,47.1,48.18,46.56,47.79,13233.08,62929.49
002840.SZ,2018-04-18,47.7,49.88,47.31,49.37,9434.98,45443.24
002840.SZ,2018-04-19,48.89,50.35,48.88,50.08,19804.0,98334.85
002840.SZ,2018-04-20,50.1,50.11,49.39,49.61,9700.08,48223.59
002840.SZ,2018-04-23,49.57,50.16,48.51,48.68,18717.0,91507.01
002840.SZ,2018-04-24,48.31,50.96,48.31,50.96,9974.64,49495.07
002840.SZ,2018-04-25,50.92,51.36,50.14,50.8,11828.64,60266.55
002840.SZ,2018-04-26,50.8,51.25,50.09,50.4,15679.0,79178.63
002840.SZ,2018-04-27,50.51,50.88,50.23,50.44,12584.16,63504.55
002840.SZ,2018-05-02,50.45,51.44,50.31,50.42,8159.0,41350.45
002840.SZ,2018-05-03,50.45,52.05,50.45,51.89,9623.0,49438.25
002840.SZ,2018-05-04,51.95,54.23,51.8,54.23,8847.0,47023.16
002840.SZ,2018-05-07,54.8,57.8,53.75,56.51,20652.54,114246.55
002840.SZ,2018-05-08,56.89,56.89,56.2,56.46,17598.53,99270.01
002840.SZ,2018-05-09,56.58,57.5,56.4,56.45,8516.54,48267.55
002840.SZ,2018-05-10,56.57,57.8,56.45,56.85,15893.54,90592.69
002840.SZ,2018-05-11,56.67,57.29,55.75,56.16,31999.08,180501.95
002840.SZ,2018-05-14,56.1,56.99,55.7,56.79,9294.54,52385.02
002840.SZ,2018-05-15,56.8,58.39,55.99,58.31,17004.68,96793.26
002840.SZ,2018-05-16,58.33,58.79,57.75,58.0,14608.15,85273.36
002840.SZ,2018-05-17,58.0,58.0,57.3,57.6,15788.54,90777.78
002840.SZ,2018-05-18,57.6,58.03,57.42,58.0,21308.23,123006.28
002840.SZ,2018-05-21,59.0,59.0,57.8,58.71,27576.96,161708.26
002840.SZ,2018-05-22,58.71,58.88,58.55,58.71,11197.53,65765.68
002840.SZ,2018-05-23,58.68,59.19,58.51,58.79,5976.0,35209.09
002840.SZ,2018-05-24,58.81,59.98,58.7,58.71,11664.0,68786.83
002840.SZ,2018-05-25,59.17,59.25,57.75,57.9,20228.71,118541.78
002840.SZ,2018-05-28,58.05,59.5,57.75,57.76,7967.54,46431.39
002840.SZ,2018-05-29,57.87,58.45,57.7,58.14,7058.0,40998.44
002840.SZ,2018-05-30,58.03,58.14,57.56,58.01,7515.71,43534.39
002840.SZ,2018-05-31,57.76,58.97,57.63,58.35,10556.77,61589.11
002840.SZ,2018-06-01,58.3,58.39,57.5,58.06,3889.06,22513.22
002840.SZ,2018-06-04,57.96,58.3,57.5,58.1,3361.0,19470.81
002840.SZ,2018-06-05,57.92,58.14,57.62,58.11,3857.0,22300.02
002840.SZ,2018-06-06,57.98,58.47,57.98,58.3,6484.0,37750.22
002840.SZ,2018-06-07,58.5,58.6,58.08,58.29,6808.0,39660.6
002840.SZ,2018-06-08,58.01,58.34,57.53,57.53,2277.0,13202.92
002840.SZ,2018-06-11,57.47,57.65,56.6,56.81,11669.54,66461.25
002840.SZ,2018-06-12,56.82,57.36,56.5,56.84,13072.0,74286.3
002840.SZ,2018-06-13,56.82,56.95,56.38,56.65,12519.0,70983.72
002840.SZ,2018-06-14,56.7,56.7,54.0,56.05,19422.54,107926.22
002840.SZ,2018-06-15,56.0,57.38,50.45,50.45,5569.14,29754.76
002840.SZ,2018-06-19,50.6,53.99,45.41,52.0,72832.46,361236.58
002840.SZ,2018-06-20,52.0,52.99,51.07,51.71,54375.35,281908.5
002840.SZ,2018-06-21,51.71,52.0,51.21,51.32,41261.54,212285.01
002840.SZ,2018-06-22,51.6,51.6,49.66,51.34,25738.77,130790.1
002840.SZ,2018-06-25,51.37,52.06,50.98,51.57,21011.91,108457.83
002840.SZ,2018-06-26,34.35,35.6,34.22,35.58,14479.81,50183.49
002840.SZ,2018-06-27,35.59,36.0,35.29,35.37,15691.0,55682.9
002840.SZ,2018-06-28,35.35,35.88,35.2,35.29,7685.5,27166.77
002840.SZ,2018-06-29,35.3,35.98,35.23,35.86,7211.0,25519.78
002840.SZ,2018-07-02,36.02,36.36,35.82,36.0,4683.81,16864.15
002840.SZ,2018-07-03,35.92,36.65,35.08,36.09,19056.0,67947.84
002840.SZ,2018-07-04,36.05,36.66,35.85,36.6,6242.5,22509.65
002840.SZ,2018-07-05,32.94,32.94,32.94,32.94,321.0,1057.37
002840.SZ,2018-07-06,29.65,29.65,29.65,29.65,193.0,572.25
002840.SZ,2018-07-09,26.69,26.69,26.69,26.69,11692.0,31205.95
002840.SZ,2018-07-10,24.02,24.02,24.02,24.02,1798.0,4318.8
002840.SZ,2018-07-11,21.62,21.62,21.62,21.62,708.0,1530.7
002840.SZ,2018-07-12,19.46,21.6,19.46,20.86,379684.96,752740.98
002840.SZ,2018-07-13,19.58,19.79,18.89,19.5,248936.92,484236.72
002840.SZ,2018-07-16,19.12,19.18,17.56,17.99,186097.16,337550.24
002840.SZ,2018-07-17,17.8,18.58,17.7,18.38,122236.1,223492.29
002840.SZ,2018-07-18,18.39,18.86,17.9,18.42,106348.55,194625.99
002840.SZ,2018-07-19,18.2,18.24,17.77,17.88,80526.71,144746.69
002840.SZ,2018-07-20,17.96,18.16,17.8,17.94,59668.0,107498.78
002840.SZ,2018-07-23,17.89,17.98,16.47,17.13,100325.11,172987.22
002840.SZ,2018-07-24,17.49,17.65,17.08,17.3,78961.67,136468.63
002840.SZ,2018-07-25,17.54,17.59,16.95,17.04,76837.07,132484.01
002840.SZ,2018-07-26,17.18,17.39,17.07,17.3,105602.75,181920.6
002840.SZ,2018-07-27,17.3,17.3,16.78,16.8,89648.31,151637.19
002840.SZ,2018-07-30,16.77,16.77,15.14,15.49,141803.81,221573.07
002840.SZ,2018-07-31,15.62,15.68,15.14,15.24,74971.19,114985.05
002840.SZ,2018-08-01,15.23,15.38,14.9,15.04,80632.43,122163.09
002840.SZ,2018-08-02,15.15,15.17,13.58,14.13,123473.61,177139.46
002840.SZ,2018-08-03,14.18,15.25,14.12,14.37,106653.83,155181.48
002840.SZ,2018-08-06,14.5,14.68,13.61,13.8,79250.38,110873.29
002840.SZ,2018-08-07,13.97,14.17,13.62,14.05,73640.59,102615.69
002840.SZ,2018-08-08,14.15,14.17,13.42,13.55,65293.16,89838.37
002840.SZ,2018-08-09,13.5,13.79,13.36,13.62,86374.38,117452.32
002840.SZ,2018-08-10,13.62,14.43,13.52,13.95,89934.57,124805.09
002840.SZ,2018-08-13,13.73,13.93,13.54,13.84,58237.32,79922.75
002840.SZ,2018-08-14,13.88,14.71,13.76,14.26,90716.59,129140.23
002840.SZ,2018-08-15,14.13,14.43,13.84,13.86,55747.04,78534.44
002840.SZ,2018-08-16,13.86,13.88,13.4,13.51,43801.32,59732.73
002840.SZ,2018-08-17,13.6,13.71,12.9,13.0,41723.81,55876.73
002840.SZ,2018-08-20,13.15,13.25,12.7,13.14,34634.5,44972.74
002840.SZ,2018-08-21,13.03,13.2,12.92,13.08,25820.5,33762.35
002840.SZ,2018-08-22,13.0,13.08,12.81,12.81,21155.5,27331.86
002840.SZ,2018-08-23,12.81,12.94,11.97,12.3,63480.93,78800.69
002840.SZ,2018-08-24,12.23,13.53,12.2,13.53,85989.96,110854.0
002840.SZ,2018-08-27,13.79,14.68,13.61,14.13,141396.81,199321.22
002840.SZ,2018-08-28,13.89,13.89,13.46,13.6,85798.71,117013.65
002840.SZ,2018-08-29,13.51,13.52,13.2,13.44,49288.02,65753.95
002840.SZ,2018-08-30,13.38,14.5,13.34,13.98,93914.59,130911.39
002840.SZ,2018-08-31,13.72,14.14,13.54,13.54,65057.0,89777.43
002840.SZ,2018-09-03,13.53,14.6,13.2,14.5,112648.18,159201.18
002840.SZ,2018-09-04,14.35,14.8,14.18,14.56,106885.0,155479.0
002840.SZ,2018-09-05,14.5,15.98,14.28,15.17,180280.18,270624.78
002840.SZ,2018-09-06,14.8,15.15,14.63,14.78,94649.65,140355.17
002840.SZ,2018-09-07,14.79,15.51,14.6,15.19,107239.04,161884.36
002840.SZ,2018-09-10,15.36,15.49,14.62,14.75,81981.27,123707.99
002840.SZ,2018-09-11,14.68,14.9,14.24,14.47,60555.5,88131.74
002840.SZ,2018-09-12,14.47,14.6,13.93,14.01,63541.5,90700.58
002840.SZ,2018-09-13,14.17,14.3,13.54,13.8,65809.33,91545.22
002840.SZ,2018-09-14,13.83,15.0,13.65,14.48,97479.54,138551.79
002840.SZ,2018-09-17,14.3,15.14,14.16,14.82,113655.83,167517.98
002840.SZ,2018-09-18,14.5,14.98,14.41,14.88,84625.97,124487.51
002840.SZ,2018-09-19,14.8,15.21,14.68,14.78,79935.88,119135.58
002840.SZ,2018-09-20,14.59,14.92,14.42,14.86,61609.38,90302.13
002840.SZ,2018-09-21,15.29,15.85,14.77,14.82,97705.15,147330.35
002840.SZ,2018-09-25,14.55,15.09,14.3,14.93,59748.47,88188.96
002840.SZ,2018-09-26,14.92,14.99,14.59,14.64,58706.82,86733.36
002840.SZ,2018-09-27,14.6,15.07,14.56,14.72,72650.02,107725.76
002840.SZ,2018-09-28,14.63,14.77,14.24,14.53,64323.5,93045.27
002840.SZ,2018-10-08,14.35,14.65,14.0,14.05,40486.0,57973.4
002840.SZ,2018-10-09,14.19,14.2,13.3,13.55,51246.12,70299.33
002840.SZ,2018-10-10,13.54,13.97,13.45,13.84,38622.12,52948.04
002840.SZ,2018-10-11,13.32,13.61,12.46,13.0,64379.64,83693.86
002840.SZ,2018-10-12,12.67,12.87,11.91,12.59,42418.5,52957.92
002840.SZ,2018-10-15,12.85,13.07,12.5,12.58,31602.13,40497.04
002840.SZ,2018-10-16,12.59,12.78,12.25,12.38,27586.21,34512.02
002840.SZ,2018-10-17,12.53,12.7,12.0,12.49,31837.44,39433.5
002840.SZ,2018-10-18,12.46,12.75,12.05,12.59,50637.23,63174.75
002840.SZ,2018-10-19,12.61,13.7,12.48,13.18,53462.95,69615.42
002840.SZ,2018-10-22,13.06,13.84,12.92,13.58,80200.09,107605.81
002840.SZ,2018-10-23,13.5,13.62,13.25,13.34,41515.5,55553.11
002840.SZ,2018-10-24,13.14,13.39,12.98,13.1,31910.69,41978.99
002840.SZ,2018-10-25,12.68,12.9,12.58,12.81,21675.19,27580.75
002840.SZ,2018-10-26,12.99,13.07,12.69,12.7,18090.31,23223.27
002840.SZ,2018-10-29,12.73,12.8,12.5,12.55,15295.81,19306.4
002840.SZ,2018-10-30,12.55,12.73,12.38,12.65,15838.32,19952.28
002840.SZ,2018-10-31,12.64,12.86,12.56,12.71,21045.03,26806.5
002840.SZ,2018-11-01,12.7,12.95,12.7,12.76,23559.13,30184.57
002840.SZ,2018-11-02,12.92,13.05,12.8,13.04,34593.18,44695.58
002840.SZ,2018-11-05,13.09,13.59,13.01,13.52,62951.67,84187.22
002840.SZ,2018-11-06,13.36,13.58,13.14,13.58,32518.48,43422.34
002840.SZ,2018-11-07,13.52,14.94,13.52,14.94,111532.62,160230.76
002840.SZ,2018-11-08,15.31,16.4,15.03,15.08,181251.44,282196.76
002840.SZ,2018-11-09,14.78,14.94,14.34,14.36,90937.69,132543.18
002840.SZ,2018-11-12,14.3,14.55,14.1,14.5,59493.72,85562.87
002840.SZ,2018-11-13,14.31,14.89,14.23,14.62,75099.88,110267.78
002840.SZ,2018-11-14,14.58,14.78,14.35,14.39,52517.07,76397.64
002840.SZ,2018-11-15,14.49,15.28,14.4,15.17,83981.5,125039.83
002840.SZ,2018-11-16,15.24,15.34,14.87,14.97,57071.5,85945.89
002840.SZ,2018-11-19,15.0,15.18,14.83,15.06,38666.39,57939.52
002840.SZ,2018-11-20,14.89,14.95,14.1,14.16,53201.95,77035.14
002840.SZ,2018-11-21,14.0,14.58,13.85,14.46,39606.95,56584.64
002840.SZ,2018-11-22,14.43,14.62,14.25,14.37,26584.0,38281.67
002840.SZ,2018-11-23,14.37,14.51,13.71,13.73,40083.31,56371.49
002840.SZ,2018-11-26,13.6,13.89,13.25,13.41,24457.0,33211.01
002840.SZ,2018-11-27,13.43,13.83,13.43,13.55,22058.0,29954.12
002840.SZ,2018-11-28,13.57,13.63,13.02,13.63,27318.3,36493.04
002840.SZ,2018-11-29,13.62,14.21,13.5,13.87,52463.31,72801.84
002840.SZ,2018-11-30,13.8,14.5,13.6,14.34,58860.03,82879.03
002840.SZ,2018-12-03,14.4,15.0,14.16,14.96,76331.48,111864.09
002840.SZ,2018-12-04,14.75,14.95,14.6,14.83,48986.22,72268.34
002840.SZ,2018-12-05,14.45,14.83,14.4,14.67,41304.81,60487.33
002840.SZ,2018-12-06,14.63,15.4,14.29,14.35,60335.0,89412.46
002840.SZ,2018-12-07,14.3,14.63,14.12,14.37,36426.72,52146.14
002840.SZ,2018-12-10,14.16,14.19,14.0,14.04,25611.5,36082.92
002840.SZ,2018-12-11,14.02,14.3,14.02,14.2,22302.07,31582.86
002840.SZ,2018-12-12,14.18,14.29,13.85,13.88,27467.0,38471.57
002840.SZ,2018-12-13,13.89,14.1,13.81,13.97,23376.88,32643.04
002840.SZ,2018-12-14,13.98,14.15,13.7,13.7,23580.5,32733.69
002840.SZ,2018-12-17,13.68,13.82,13.56,13.7,17539.5,23964.3
002840.SZ,2018-12-18,13.69,13.75,13.44,13.56,16310.5,22154.9
002840.SZ,2018-12-19,13.56,13.71,13.45,13.57,12273.5,16661.23
002840.SZ,2018-12-20,13.55,13.86,13.55,13.85,19108.0,26275.25
002840.SZ,2018-12-21,13.71,14.02,13.71,13.93,21987.5,30564.26
002840.SZ,2018-12-24,14.08,14.4,13.94,14.16,29386.2,41504.2
002840.SZ,2018-12-25,13.83,13.99,13.45,13.81,21903.5,30135.06
002840.SZ,2018-12-26,13.71,13.89,13.54,13.55,16234.0,22202.77
002840.SZ,2018-12-27,13.7,13.84,12.99,12.99,24344.0,32530.33
002840.SZ,2018-12-28,13.28,13.36,12.98,13.07,15515.5,20390.36
002840.SZ,2019-01-02,13.01,13.22,13.01,13.09,9561.5,12520.99
002840.SZ,2019-01-03,13.01,13.18,12.73,12.76,14420.5,18684.14
002840.SZ,2019-01-04,12.71,13.05,12.51,12.91,16805.0,21520.99
002840.SZ,2019-01-07,12.98,13.58,12.98,13.21,21745.5,28673.29
002840.SZ,2019-01-08,13.2,13.21,12.92,12.97,15614.5,20369.36
002840.SZ,2019-01-09,13.1,13.24,12.97,13.1,17672.87,23199.93
002840.SZ,2019-01-10,13.08,13.15,12.94,12.99,13504.5,17568.34
002840.SZ,2019-01-11,12.9,13.16,12.89,12.96,19996.0,25999.73
002840.SZ,2019-01-14,12.97,13.25,12.92,13.08,19444.5,25472.82
002840.SZ,2019-01-15,13.04,13.16,12.96,13.16,17029.5,22276.92
002840.SZ,2019-01-16,13.17,13.53,13.1,13.49,29640.0,39469.91
002840.SZ,2019-01-17,13.43,14.7,13.35,13.96,74641.0,104275.64
002840.SZ,2019-01-18,14.2,14.45,13.73,13.84,55012.5,77387.86
002840.SZ,2019-01-21,13.84,14.05,13.7,13.74,31555.5,43679.46
002840.SZ,2019-01-22,14.0,14.4,13.8,13.9,40999.5,57599.28
002840.SZ,2019-01-23,13.75,13.89,13.52,13.88,22425.03,30740.12
002840.SZ,2019-01-24,13.74,14.3,13.66,13.99,34630.5,48434.56
002840.SZ,2019-01-25,14.0,14.15,13.7,13.76,25703.0,35649.8
002840.SZ,2019-01-28,13.81,14.13,13.75,13.78,26064.22,36318.51
002840.SZ,2019-01-29,13.68,13.74,12.5,13.0,32820.84,43212.38
002840.SZ,2019-01-30,13.01,13.6,13.01,13.34,25207.34,33558.5
002840.SZ,2019-01-31,13.55,13.68,13.09,13.13,23684.14,31646.44
002840.SZ,2019-02-01,13.12,13.45,13.12,13.41,13753.5,18344.38
002840.SZ,2019-02-11,13.42,14.35,13.36,14.15,43948.74,61397.55
002840.SZ,2019-02-12,14.12,14.29,13.96,14.18,38955.5,54996.99
002840.SZ,2019-02-13,14.2,14.34,14.1,14.28,34355.15,48780.19
002840.SZ,2019-02-14,14.3,14.69,14.25,14.61,57587.08,83744.89
002840.SZ,2019-02-15,14.67,16.07,14.39,15.23,133178.39,204391.59
002840.SZ,2019-02-18,15.18,15.98,15.03,15.65,125447.14,193715.45
002840.SZ,2019-02-19,15.41,15.7,15.16,15.34,79318.5,121783.29
002840.SZ,2019-02-20,15.32,15.85,15.2,15.33,66659.0,103359.14
002840.SZ,2019-02-21,15.53,15.86,14.92,15.39,109468.45,169056.43
002840.SZ,2019-02-22,15.19,15.58,14.98,15.34,68111.58,103995.28
002840.SZ,2019-02-25,15.2,16.5,15.11,16.02,114187.64,178928.51
002840.SZ,2019-02-26,16.02,17.62,15.9,17.62,143988.36,243833.16
002840.SZ,2019-02-27,18.24,19.18,17.0,17.29,173514.84,312805.87
002840.SZ,2019-02-28,16.9,17.78,16.9,17.33,77399.08,133784.83
002840.SZ,2019-03-01,17.3,17.58,17.06,17.25,56895.81,98335.07
002840.SZ,2019-03-04,17.22,18.8,17.22,18.25,146586.76,265873.61
002840.SZ,2019-03-05,19.02,20.08,18.71,19.8,154637.76,303810.15
002840.SZ,2019-03-06,19.01,19.55,18.87,19.3,95374.05,183004.36
002840.SZ,2019-03-07,19.19,20.28,18.93,19.56,85753.87,168191.04
002840.SZ,2019-03-08,19.2,20.56,18.4,20.1,134522.47,263149.24
002840.SZ,2019-03-11,19.8,22.11,19.76,22.11,143049.04,298134.22
002840.SZ,2019-03-12,22.58,24.01,21.59,23.77,167102.94,383908.35
002840.SZ,2019-03-13,23.59,23.82,21.39,21.39,146281.55,330113.49
002840.SZ,2019-03-14,20.5,20.93,19.25,19.68,96772.96,191657.09
002840.SZ,2019-03-15,19.8,20.13,19.01,19.63,66921.39,130889.39
002840.SZ,2019-03-18,19.77,20.05,19.22,19.83,66801.89,130567.73
002840.SZ,2019-03-19,19.7,19.8,19.38,19.7,44700.89,87464.84
002840.SZ,2019-03-20,19.85,19.85,19.0,19.38,51793.92,100315.65
002840.SZ,2019-03-21,19.44,19.83,19.16,19.54,55517.81,108015.66
002840.SZ,2019-03-22,19.7,19.73,18.8,19.03,58786.73,112554.71
002840.SZ,2019-03-25,18.5,18.96,18.3,18.42,41731.46,77735.86
002840.SZ,2019-03-26,18.73,19.29,18.45,18.52,57106.81,107430.6
002840.SZ,2019-03-27,18.44,18.72,18.11,18.37,37308.24,68306.8
002840.SZ,2019-03-28,18.3,18.55,18.04,18.2,31124.5,57032.12
002840.SZ,2019-03-29,18.11,19.2,18.11,19.03,67349.89,127106.25
002840.SZ,2019-04-01,19.03,19.67,19.03,19.46,69434.74,134667.29
002840.SZ,2019-04-02,19.46,19.58,19.11,19.28,54768.31,105508.1
002840.SZ,2019-04-03,19.08,19.3,19.05,19.2,36668.0,70353.54
002840.SZ,2019-04-04,19.21,19.73,19.07,19.54,66945.15,130077.39
002840.SZ,2019-04-08,19.71,20.21,19.6,19.83,75297.65,149691.08
002840.SZ,2019-04-09,19.76,19.77,19.12,19.18,47051.0,90838.8
002840.SZ,2019-04-10,19.04,19.05,18.46,18.67,45796.86,85493.59
002840.SZ,2019-04-11,18.99,19.25,18.53,18.55,30392.0,57323.82
002840.SZ,2019-04-12,18.52,19.29,18.2,18.67,43787.5,82259.89
002840.SZ,2019-04-15,18.79,19.07,18.3,18.33,34692.5,64940.09
002840.SZ,2019-04-16,18.31,18.57,17.55,18.06,46397.38,83126.06
002840.SZ,2019-04-17,18.29,18.97,18.06,18.72,59668.37,111045.89
002840.SZ,2019-04-18,18.72,19.49,18.56,19.01,69848.07,133521.93
002840.SZ,2019-04-19,19.08,19.08,18.59,18.71,39329.5,73761.76
002840.SZ,2019-04-22,18.72,19.9,18.63,19.67,98364.88,190908.88
002840.SZ,2019-04-23,19.85,21.27,19.2,20.77,161487.2,329708.67
002840.SZ,2019-04-24,20.68,22.28,20.05,21.51,155384.28,329183.2
002840.SZ,2019-04-25,21.3,22.24,20.21,20.24,141469.04,302110.06
002840.SZ,2019-04-26,19.65,20.44,18.22,18.48,124760.63,239347.46
002840.SZ,2019-04-29,18.11,18.96,17.28,17.3,80058.99,145961.99
002840.SZ,2019-04-30,17.2,19.03,17.2,19.03,109661.26,202398.25
002840.SZ,2019-05-06,18.57,19.96,17.71,19.65,144335.02,275213.75
002840.SZ,2019-05-07,19.51,20.5,19.01,20.25,153952.06,304731.85
002840.SZ,2019-05-08,19.5,20.2,18.31,18.34,122896.54,238087.14
002840.SZ,2019-05-09,17.69,18.7,17.39,17.98,79625.74,143486.92
002840.SZ,2019-05-10,18.34,18.89,17.62,18.32,72187.3,132768.83
002840.SZ,2019-05-13,18.09,18.71,17.91,18.08,48756.5,88751.01
002840.SZ,2019-05-14,17.75,18.5,17.66,18.11,43458.8,78776.51
002840.SZ,2019-05-15,18.27,18.4,18.02,18.31,42116.5,76797.98
002840.SZ,2019-05-16,18.35,18.78,18.04,18.13,45860.41,84054.05
002840.SZ,2019-05-17,18.2,18.36,17.73,17.77,51978.61,93585.3
002840.SZ,2019-05-20,17.55,17.76,16.06,16.4,56353.0,93186.51
002840.SZ,2019-05-21,16.45,16.99,16.32,16.82,35623.0,59814.9
002840.SZ,2019-05-22,16.8,17.1,16.55,16.69,30507.5,51267.6
002840.SZ,2019-05-23,16.76,16.8,16.08,16.17,30362.0,49609.7
002840.SZ,2019-05-24,16.51,16.67,15.81,15.98,32340.3,52492.74
002840.SZ,2019-05-27,15.98,16.6,15.98,16.5,27716.8,45248.2
002840.SZ,2019-05-28,16.58,17.29,16.43,16.82,45511.5,76758.79
002840.SZ,2019-05-29,16.81,17.08,16.55,16.73,23597.5,39656.5
002840.SZ,2019-05-30,16.85,17.36,16.71,17.36,44720.9,75969.51
002840.SZ,2019-05-31,17.3,17.71,16.9,17.48,46933.03,81375.34
002840.SZ,2019-06-03,17.62,18.05,17.11,17.26,41220.53,72629.65
002840.SZ,2019-06-04,17.29,17.43,16.8,17.22,27155.43,46474.39
002840.SZ,2019-06-05,17.33,17.5,16.83,17.0,19296.31,32874.81
002840.SZ,2019-06-06,17.09,17.09,15.97,16.2,28046.81,46016.07
002840.SZ,2019-06-10,16.18,16.8,16.02,16.68,26480.31,43747.88
002840.SZ,2019-06-11,16.79,17.61,16.61,17.51,38147.04,66294.0
002840.SZ,2019-06-12,17.51,17.67,17.18,17.27,30140.3,52346.09
002840.SZ,2019-06-13,17.53,17.6,17.24,17.34,26228.0,45612.76
002840.SZ,2019-06-14,17.35,17.46,16.91,16.98,20165.52,34589.35
002840.SZ,2019-06-17,16.91,17.2,16.75,16.78,13598.25,22998.8
002840.SZ,2019-06-18,16.92,17.12,16.66,17.02,15174.55,25722.13
002840.SZ,2019-06-19,17.36,17.52,16.96,17.04,25793.82,44108.86
002840.SZ,2019-06-20,17.04,17.15,16.81,17.03,20673.0,35145.14
002840.SZ,2019-06-21,17.1,17.38,16.96,17.27,34525.34,59156.68
002840.SZ,2019-06-24,17.26,17.38,17.01,17.15,23598.77,40466.83
002840.SZ,2019-06-25,17.05,17.35,16.92,17.02,21755.3,37189.12
002840.SZ,2019-06-26,17.06,17.23,16.94,17.04,16881.5,28774.72
002840.SZ,2019-06-27,17.04,17.31,17.0,17.25,23123.5,39684.33
002840.SZ,2019-06-28,17.15,17.3,17.0,17.0,17124.7,29317.16
002840.SZ,2019-07-01,17.2,17.64,17.05,17.47,33272.2,57656.51
002840.SZ,2019-07-02,17.35,18.29,17.35,18.29,59991.9,107351.27
002840.SZ,2019-07-03,18.19,18.87,17.92,18.65,83334.67,153955.49
002840.SZ,2019-07-04,18.6,18.7,17.75,17.89,49437.51,89412.27
002840.SZ,2019-07-05,17.88,18.2,17.76,18.05,29196.0,52557.59
002840.SZ,2019-07-08,18.1,18.54,18.06,18.47,62790.25,115057.22
002840.SZ,2019-07-09,18.46,18.46,17.83,18.2,43686.01,79388.12
002840.SZ,2019-07-10,18.01,18.45,17.91,18.17,35771.31,64997.74
002840.SZ,2019-07-11,18.05,18.35,17.42,17.61,31808.94,56725.06
002840.SZ,2019-07-12,17.73,17.73,16.82,17.06,34767.69,59509.63
002840.SZ,2019-07-15,17.14,17.4,16.53,17.29,23970.0,40881.4
002840.SZ,2019-07-16,17.22,17.5,17.1,17.21,20919.25,36019.45
002840.SZ,2019-07-17,17.2,17.74,17.06,17.58,48026.58,83885.03
002840.SZ,2019-07-18,17.32,18.28,17.11,17.58,55550.0,98625.42
002840.SZ,2019-07-19,17.8,17.9,17.31,17.6,37117.19,65486.23
002840.SZ,2019-07-22,17.32,17.45,16.61,16.9,29073.54,49090.92
002840.SZ,2019-07-23,16.9,17.05,16.77,16.91,15963.5,27001.87
002840.SZ,2019-07-24,16.95,17.07,16.81,16.91,21176.5,35887.02
002840.SZ,2019-07-25,16.86,17.05,16.75,16.99,17867.5,30129.57
002840.SZ,2019-07-26,16.9,17.16,16.86,16.92,15287.0,25972.53
002840.SZ,2019-07-29,16.94,17.42,16.74,17.29,23896.5,40802.0
002840.SZ,2019-07-30,17.22,17.39,17.1,17.13,18970.5,32679.49
002840.SZ,2019-07-31,17.13,17.19,16.88,16.91,14042.27,23901.91
002840.SZ,2019-08-01,16.8,17.14,16.72,16.94,12406.5,21082.98
002840.SZ,2019-08-02,16.61,16.9,16.45,16.61,22934.0,38149.22
002840.SZ,2019-08-05,16.59,16.88,16.55,16.72,16000.0,26836.87
002840.SZ,2019-08-06,16.33,16.58,16.03,16.49,20541.0,33661.81
002840.SZ,2019-08-07,16.51,16.78,16.43,16.5,15184.0,25204.5
002840.SZ,2019-08-08,16.5,16.71,16.33,16.5,15660.5,25834.92
002840.SZ,2019-08-09,16.5,16.62,16.0,16.3,18544.75,30109.25
002840.SZ,2019-08-12,16.25,16.38,16.03,16.36,11034.0,17954.19
002840.SZ,2019-08-13,16.15,16.35,15.83,16.19,16710.55,26957.8
002840.SZ,2019-08-14,16.43,16.43,16.11,16.22,9409.0,15275.54
002840.SZ,2019-08-15,15.95,16.2,15.81,16.13,10582.55,16963.64
002840.SZ,2019-08-16,16.26,16.63,16.14,16.49,18898.5,31077.02
002840.SZ,2019-08-19,16.5,16.77,16.01,16.74,25298.0,41826.11
002840.SZ,2019-08-20,16.73,17.05,16.55,16.94,20297.25,34280.47
002840.SZ,2019-08-21,16.9,17.11,16.76,16.85,12744.0,21558.73
002840.SZ,2019-08-22,16.88,17.23,16.72,17.05,22923.5,39049.34
002840.SZ,2019-08-23,16.9,17.06,16.81,16.85,14451.0,24482.87
002840.SZ,2019-08-26,16.51,17.09,16.51,16.86,14849.5,25104.53
002840.SZ,2019-08-27,16.86,17.15,16.86,16.98,18871.4,32081.96
002840.SZ,2019-08-28,16.94,17.85,16.91,17.57,45814.9,79964.55
002840.SZ,2019-08-29,17.56,17.57,17.2,17.28,21173.5,36669.46
002840.SZ,2019-08-30,17.28,17.34,16.78,16.78,24448.6,41739.19
002840.SZ,2019-09-02,17.0,17.33,16.84,17.23,20171.7,34632.07
002840.SZ,2019-09-03,17.29,17.65,17.2,17.27,24050.9,41850.09
002840.SZ,2019-09-04,17.28,17.47,16.94,17.1,24275.5,41512.06
002840.SZ,2019-09-05,17.12,17.26,17.03,17.2,24248.12,41607.75
002840.SZ,2019-09-06,17.24,17.24,16.88,17.05,17584.0,29886.82
002840.SZ,2019-09-09,17.23,17.23,16.92,17.11,19483.35,33211.27
002840.SZ,2019-09-10,17.15,17.48,17.12,17.38,38124.4,66089.31
002840.SZ,2019-09-11,17.5,17.54,17.07,17.09,25322.97,43574.34
002840.SZ,2019-09-12,16.9,17.07,16.8,16.88,26106.75,44012.8
002840.SZ,2019-09-16,16.92,16.98,16.7,16.74,18109.5,30381.03
002840.SZ,2019-09-17,16.77,16.78,16.4,16.49,21126.5,35014.35
002840.SZ,2019-09-18,16.56,16.73,16.46,16.55,8150.15,13488.95
002840.SZ,2019-09-19,16.52,16.62,16.35,16.6,9898.5,16329.91
002840.SZ,2019-09-20,16.59,16.88,16.53,16.73,14872.0,24924.7
002840.SZ,2019-09-23,16.75,16.8,16.52,16.69,10864.84,18073.38
002840.SZ,2019-09-24,16.66,16.79,16.43,16.55,12525.0,20775.22
002840.SZ,2019-09-25,16.59,16.59,16.2,16.22,10007.5,16350.97
002840.SZ,2019-09-26,16.25,16.35,15.5,15.78,13886.23,22141.67
002840.SZ,2019-09-27,15.73,16.2,15.73,15.96,10426.0,16722.29
002840.SZ,2019-09-30,15.98,16.19,15.76,16.01,6961.55,11165.35
002840.SZ,2019-10-08,16.49,16.49,16.09,16.18,10725.0,17492.17
002840.SZ,2019-10-09,16.11,16.29,15.56,16.05,9828.0,15765.63
002840.SZ,2019-10-10,16.08,16.25,15.91,16.18,11805.5,19041.83
002840.SZ,2019-10-11,16.2,16.22,16.07,16.13,8053.5,12984.45
002840.SZ,2019-10-14,16.14,16.38,16.14,16.27,10355.15,16861.76
002840.SZ,2019-10-15,16.14,16.36,16.14,16.21,8669.38,14106.73
002840.SZ,2019-10-16,16.29,16.41,16.12,16.34,13122.0,21421.55
002840.SZ,2019-10-17,16.37,16.7,16.24,16.5,17940.5,29625.34
002840.SZ,2019-10-18,16.5,16.93,16.5,16.69,23666.5,39528.77
002840.SZ,2019-10-21,16.68,17.14,16.54,17.12,33973.07,57552.26
002840.SZ,2019-10-22,17.48,17.62,16.82,17.07,39902.52,68774.39
002840.SZ,2019-10-23,16.81,17.5,16.79,17.05,37620.38,64772.63
002840.SZ,2019-10-24,16.94,17.31,16.6,17.05,27411.0,46283.8
002840.SZ,2019-10-25,16.83,17.97,16.83,17.7,76974.34,135324.81
002840.SZ,2019-10-28,17.22,17.64,16.7,17.39,42376.6,73160.7
002840.SZ,2019-10-29,17.3,18.7,17.2,18.31,73595.87,134064.5
002840.SZ,2019-10-30,18.22,18.78,17.84,18.56,62741.0,115252.57
002840.SZ,2019-10-31,18.29,18.72,17.89,18.35,44722.85,81680.29
002840.SZ,2019-11-01,18.06,18.2,17.81,17.92,28565.0,51385.69
002840.SZ,2019-11-04,18.15,18.54,17.8,18.48,34760.15,62914.03
002840.SZ,2019-11-05,19.51,20.19,18.63,18.7,124049.16,241391.4
002840.SZ,2019-11-06,18.59,19.16,17.75,17.77,75507.5,138171.73
002840.SZ,2019-11-07,17.5,18.2,17.4,17.81,48299.81,86064.97
002840.SZ,2019-11-08,17.74,18.17,17.43,17.93,39364.81,70217.21
002840.SZ,2019-11-11,17.75,18.07,17.2,17.24,33257.0,58424.96
002840.SZ,2019-11-12,17.14,17.4,16.87,17.21,20749.31,35553.34
002840.SZ,2019-11-13,17.07,17.47,16.81,16.83,24251.5,41303.79
002840.SZ,2019-11-14,16.78,16.94,16.68,16.86,16926.0,28402.36
002840.SZ,2019-11-15,16.61,16.76,16.22,16.5,21514.38,35400.94
002840.SZ,2019-11-18,16.43,16.58,16.2,16.42,22005.62,36148.66
002840.SZ,2019-11-19,16.5,16.6,16.4,16.47,14197.0,23377.36
002840.SZ,2019-11-20,16.8,17.43,16.77,17.36,48642.12,83146.34
002840.SZ,2019-11-21,17.46,17.46,17.0,17.07,22824.81,39151.26
002840.SZ,2019-11-22,17.07,17.14,16.71,16.78,17199.5,29155.38
002840.SZ,2019-11-25,16.63,17.07,16.62,16.83,11465.38,19318.59
002840.SZ,2019-11-26,16.83,17.19,16.78,17.18,16732.88,28419.31
002840.SZ,2019-11-27,17.1,17.3,17.03,17.19,12224.9,20933.03
002840.SZ,2019-11-28,17.27,17.27,17.0,17.0,9942.5,16977.96
002840.SZ,2019-11-29,17.0,17.05,16.9,16.93,5838.36,9894.41
002840.SZ,2019-12-02,16.8,17.09,16.73,16.78,7513.38,12647.39
002840.SZ,2019-12-03,16.78,16.9,16.61,16.72,7386.81,12371.1
002840.SZ,2019-12-04,16.66,16.7,16.43,16.57,10936.0,18094.45
002840.SZ,2019-12-05,16.61,16.75,16.51,16.66,6334.5,10530.33
002840.SZ,2019-12-06,16.7,16.81,16.64,16.67,5806.0,9701.48
002840.SZ,2019-12-09,16.78,16.78,16.45,16.51,10520.73,17409.68
002840.SZ,2019-12-10,16.51,16.68,16.29,16.3,15109.5,24807.58
002840.SZ,2019-12-11,16.36,16.37,16.12,16.33,13370.36,21699.61
002840.SZ,2019-12-12,16.47,16.47,16.22,16.28,8177.96,13320.54
002840.SZ,2019-12-13,16.29,16.35,16.14,16.25,9836.0,15964.66
002840.SZ,2019-12-16,16.26,16.36,16.17,16.35,13743.0,22330.72
002840.SZ,2019-12-17,16.45,16.68,16.35,16.51,17137.0,28384.72
002840.SZ,2019-12-18,16.5,16.51,16.35,16.36,12657.17,20792.67
002840.SZ,2019-12-19,16.36,16.44,16.23,16.42,12897.33,21013.86
002840.SZ,2019-12-20,16.42,16.63,16.41,16.54,16525.5,27316.79
002840.SZ,2019-12-23,16.54,16.62,16.12,16.14,15734.5,25641.15
002840.SZ,2019-12-24,16.14,16.18,16.04,16.14,10791.53,17364.9
002840.SZ,2019-12-25,16.14,16.31,16.08,16.23,5924.0,9585.07
002840.SZ,2019-12-26,16.23,16.26,15.93,16.14,12692.31,20408.01
002840.SZ,2019-12-27,16.1,16.52,16.0,16.29,23290.86,37961.61
002840.SZ,2019-12-30,16.35,16.35,15.95,16.14,12169.5,19580.26
002840.SZ,2019-12-31,16.29,16.33,16.22,16.3,11382.81,18519.87
002840.SZ,2020-01-02,16.3,16.57,16.3,16.52,18294.12,30214.66
002840.SZ,2020-01-03,16.55,16.6,16.33,16.4,14343.3,23551.6
002840.SZ,2020-01-06,16.33,16.38,16.16,16.28,19001.13,30884.29
002840.SZ,2020-01-07,16.4,16.76,16.4,16.74,33653.76,56007.34
002840.SZ,2020-01-08,16.58,16.68,16.31,16.33,22704.29,37483.58
002840.SZ,2020-01-09,16.39,16.58,16.38,16.48,12356.87,20334.7
002840.SZ,2020-01-10,16.6,16.6,16.25,16.37,10188.65,16657.12
002840.SZ,2020-01-13,16.35,16.35,16.08,16.23,14966.42,24218.84
002840.SZ,2020-01-14,16.28,16.3,16.05,16.18,15143.0,24475.04
002840.SZ,2020-01-15,16.15,16.27,16.1,16.19,11804.9,19106.95
002840.SZ,2020-01-16,16.17,16.38,16.12,16.27,16056.88,26142.32
002840.SZ,2020-01-17,16.29,16.4,16.18,16.19,7000.0,11360.69
002840.SZ,2020-01-20,16.13,16.24,16.07,16.15,8147.47,13147.01
002840.SZ,2020-01-21,16.21,16.22,15.98,16.04,8764.4,14074.0
002840.SZ,2020-01-22,15.95,15.95,15.55,15.7,11749.0,18428.5
002840.SZ,2020-01-23,15.76,15.76,14.8,15.0,18977.94,28934.26
002840.SZ,2020-02-03,13.5,13.5,13.5,13.5,2957.0,3991.95
002840.SZ,2020-02-04,12.16,13.5,12.16,13.39,43952.86,55415.76
002840.SZ,2020-02-05,13.2,13.78,13.1,13.35,23146.92,31171.29
002840.SZ,2020-02-06,13.47,13.75,13.33,13.57,19127.33,25902.2
002840.SZ,2020-02-07,13.56,14.29,13.56,13.93,18659.0,25892.82
002840.SZ,2020-02-10,13.93,14.99,13.78,14.9,34066.6,49610.04
002840.SZ,2020-02-11,14.85,14.95,14.41,14.55,20946.5,30533.22
002840.SZ,2020-02-12,14.58,14.6,14.43,14.48,12092.5,17526.19
002840.SZ,2020-02-13,14.46,14.53,14.15,14.18,13645.38,19524.03
002840.SZ,2020-02-14,14.16,14.34,14.05,14.19,10088.0,14332.77
002840.SZ,2020-02-17,14.62,14.62,14.33,14.37,22421.0,32401.91
002840.SZ,2020-02-18,14.36,14.58,14.3,14.47,17912.31,25872.56
002840.SZ,2020-02-19,14.43,15.07,14.41,15.07,37278.11,55439.74
002840.SZ,2020-02-20,15.16,15.38,14.81,14.95,32351.88,48480.43
002840.SZ,2020-02-21,14.86,15.17,14.71,14.91,24067.33,35910.14
002840.SZ,2020-02-24,14.77,15.3,14.47,15.28,35974.31,53254.22
002840.SZ,2020-02-25,14.86,15.08,14.68,14.95,33764.69,50354.72
002840.SZ,2020-02-26,14.88,15.03,14.73,14.88,19949.81,29725.8
002840.SZ,2020-02-27,15.02,15.24,14.84,15.16,20984.51,31576.42
002840.SZ,2020-02-28,14.75,14.95,14.62,14.65,22031.0,32657.7
002840.SZ,2020-03-02,14.7,15.07,14.7,14.98,14210.5,21262.93
002840.SZ,2020-03-03,15.19,15.19,14.81,14.91,15049.0,22527.78
002840.SZ,2020-03-04,14.9,14.98,14.83,14.96,11225.87,16723.52
002840.SZ,2020-03-05,15.0,16.33,14.9,15.98,57857.17,90759.41
002840.SZ,2020-03-06,15.76,15.85,15.31,15.4,37140.48,57522.75
002840.SZ,2020-03-09,15.08,15.47,14.96,14.99,19449.59,29516.46
002840.SZ,2020-03-10,14.6,15.2,14.4,15.12,30300.82,45103.16
002840.SZ,2020-03-11,15.12,15.44,15.12,15.14,24675.45,37703.94
002840.SZ,2020-03-12,14.94,15.19,14.83,15.06,17413.5,26084.87
002840.SZ,2020-03-13,14.5,14.97,14.5,14.69,11864.0,17357.72
002840.SZ,2020-03-16,14.78,14.99,14.3,14.3,11864.0,17450.83
002840.SZ,2020-03-17,14.46,14.69,13.31,13.82,16150.5,22359.2
002840.SZ,2020-03-18,13.88,14.35,13.79,13.82,13408.5,18836.19
002840.SZ,2020-03-19,13.81,13.89,13.33,13.58,9745.0,13222.52
002840.SZ,2020-03-20,13.65,14.4,13.44,14.4,17320.7,24252.78
002840.SZ,2020-03-23,14.32,15.09,14.03,14.75,29502.97,43248.5
002840.SZ,2020-03-24,15.0,15.07,14.32,14.83,30404.0,44743.01
002840.SZ,2020-03-25,14.97,15.1,14.65,14.69,17930.0,26549.97
002840.SZ,2020-03-26,14.69,14.75,14.54,14.59,12408.0,18163.71
002840.SZ,2020-03-27,14.65,14.83,14.5,14.51,6594.4,9630.17
002840.SZ,2020-03-30,14.5,14.59,13.97,14.23,8842.5,12673.55
002840.SZ,2020-03-31,14.31,15.18,14.31,15.02,46634.0,69514.97
002840.SZ,2020-04-01,15.02,15.07,14.36,14.43,30202.68,44559.05
002840.SZ,2020-04-02,14.26,14.42,13.78,13.98,30137.0,42017.11
002840.SZ,2020-04-03,13.98,14.45,13.9,14.22,25823.5,36824.92
002840.SZ,2020-04-07,14.53,15.57,14.53,15.54,77645.5,117333.38
002840.SZ,2020-04-08,15.5,15.54,14.83,14.93,57739.5,86767.71
002840.SZ,2020-04-09,15.02,16.06,14.8,15.75,86866.57,134810.59
002840.SZ,2020-04-10,15.51,16.48,15.31,16.14,123963.37,195613.59
002840.SZ,2020-04-13,16.0,16.48,15.69,15.9,63693.62,101602.85
002840.SZ,2020-04-14,15.76,16.0,15.36,15.52,81905.0,127995.79
002840.SZ,2020-04-15,15.46,15.46,14.92,15.09,43456.94,65599.96
002840.SZ,2020-04-16,15.08,15.22,14.9,14.97,24387.12,36627.79
002840.SZ,2020-04-17,15.05,15.19,14.84,14.97,28369.5,42505.14
002840.SZ,2020-04-20,14.93,15.14,14.93,15.02,19710.0,29645.08
002840.SZ,2020-04-21,15.0,15.02,14.56,14.66,23546.12,34753.79
002840.SZ,2020-04-22,14.66,15.59,14.6,15.46,53862.81,82421.37
002840.SZ,2020-04-23,15.4,16.08,15.31,15.7,54946.0,86363.14
002840.SZ,2020-04-24,15.7,15.94,15.43,15.75,32586.62,51232.39
002840.SZ,2020-04-27,15.92,16.25,15.42,15.47,24154.0,37731.04
002840.SZ,2020-04-28,15.48,15.51,14.8,15.17,23310.5,35289.73
002840.SZ,2020-04-29,15.3,15.96,15.02,15.75,34143.0,53506.75
002840.SZ,2020-04-30,15.74,16.2,15.65,16.08,41948.48,66843.67
002840.SZ,2020-05-06,15.74,16.2,15.73,15.85,31229.12,49651.1
002840.SZ,2020-05-07,15.86,17.1,15.65,16.8,82429.81,135621.6
002840.SZ,2020-05-08,16.71,17.15,16.4,16.9,75603.11,126690.88
002840.SZ,2020-05-11,16.83,17.06,16.41,16.45,42794.5,71188.62
002840.SZ,2020-05-12,16.4,16.67,16.2,16.65,24833.69,40948.71
002840.SZ,2020-05-13,17.0,17.8,16.61,16.68,107093.87,183078.03
002840.SZ,2020-05-14,16.49,16.89,15.82,16.32,67364.11,110590.74
002840.SZ,2020-05-15,16.3,16.48,16.0,16.32,43262.86,70234.82
002840.SZ,2020-05-18,16.1,16.46,16.09,16.41,36283.37,59288.01
002840.SZ,2020-05-19,16.41,17.05,16.31,16.89,56207.74,94374.56
002840.SZ,2020-05-20,16.68,17.55,16.6,17.49,93835.03,161728.16
002840.SZ,2020-05-21,17.3,17.6,16.9,17.13,55589.01,95294.56
002840.SZ,2020-05-22,17.01,17.3,16.81,16.97,32047.5,54561.57
002840.SZ,2020-05-25,16.97,17.39,16.72,17.33,51755.5,88677.97
002840.SZ,2020-05-26,17.3,17.67,17.06,17.39,61215.24,106389.71
002840.SZ,2020-05-27,17.33,17.35,16.78,16.97,43533.0,74138.5
002840.SZ,2020-05-28,16.9,16.9,16.39,16.43,38207.5,63400.72
002840.SZ,2020-05-29,16.6,16.93,16.42,16.76,35143.5,58682.61
002840.SZ,2020-06-01,16.95,17.23,16.83,17.12,48009.24,81839.7
002840.SZ,2020-06-02,17.08,17.29,16.9,17.1,35409.5,60398.11
002840.SZ,2020-06-03,17.09,17.09,16.8,16.85,29043.5,49116.21
002840.SZ,2020-06-04,16.85,17.0,16.5,16.52,37793.0,63079.73
002840.SZ,2020-06-05,16.51,16.78,16.15,16.3,44547.17,73074.35
002840.SZ,2020-06-08,16.31,16.46,15.85,16.0,51819.99,83234.33
002840.SZ,2020-06-09,15.93,16.24,15.88,16.11,37287.0,59918.03
002840.SZ,2020-06-10,16.11,16.19,15.93,16.0,23889.0,38272.75
002840.SZ,2020-06-11,15.98,16.0,15.75,15.78,30826.5,48855.64
002840.SZ,2020-06-12,15.51,15.89,15.45,15.8,25682.89,40343.28
002840.SZ,2020-06-15,15.89,16.15,15.8,15.92,39724.74,63675.26
002840.SZ,2020-06-16,15.9,16.1,15.79,16.08,28709.24,45817.76
002840.SZ,2020-06-17,16.24,16.45,16.09,16.13,41276.74,66896.23
002840.SZ,2020-06-18,16.01,16.41,16.01,16.17,35337.95,57165.47
002840.SZ,2020-06-19,16.25,16.84,16.22,16.74,71739.94,118933.24
002840.SZ,2020-06-22,16.9,17.35,16.71,17.29,87431.87,149444.34
002840.SZ,2020-06-23,17.12,17.55,17.06,17.22,65941.18,114149.71
002840.SZ,2020-06-24,17.4,17.65,17.08,17.56,50424.27,87518.98
002840.SZ,2020-06-29,17.52,18.97,17.5,18.73,93228.67,171466.47
002840.SZ,2020-06-30,18.88,19.0,18.37,18.94,81253.22,152511.98
002840.SZ,2020-07-01,11.94,12.23,11.54,11.93,132579.27,156883.31
002840.SZ,2020-07-02,12.0,12.88,11.93,12.45,147936.24,183809.58
002840.SZ,2020-07-03,12.49,12.58,12.18,12.29,102324.1,126201.75
002840.SZ,2020-07-06,12.48,13.09,12.32,12.91,130004.19,165786.55
002840.SZ,2020-07-07,12.88,13.19,12.66,12.79,125072.0,160984.58
002840.SZ,2020-07-08,12.61,13.05,12.57,12.9,93938.69,120865.75
002840.SZ,2020-07-09,13.01,13.24,12.9,13.08,106431.0,138920.0
002840.SZ,2020-07-10,12.94,13.18,12.82,12.89,74816.2,96974.18
002840.SZ,2020-07-13,13.17,13.95,12.99,13.82,139176.2,188469.56
002840.SZ,2020-07-14,14.1,14.28,13.73,14.2,155484.9,217549.49
002840.SZ,2020-07-15,14.16,14.64,13.6,13.8,186010.4,262884.64
002840.SZ,2020-07-16,13.79,13.79,12.91,13.0,121633.89,162379.14
002840.SZ,2020-07-17,13.0,13.46,12.92,13.33,83903.69,110609.49
002840.SZ,2020-07-20,13.21,13.6,13.15,13.51,79442.8,106204.16
002840.SZ,2020-07-21,13.3,13.7,13.17,13.41,61525.18,82307.79
002840.SZ,2020-07-22,13.33,13.96,13.27,13.69,107017.2,146886.39
002840.SZ,2020-07-23,13.73,13.86,13.29,13.39,109373.07,147872.35
002840.SZ,2020-07-24,13.38,14.3,12.94,13.05,157165.36,213329.52
002840.SZ,2020-07-27,13.1,13.23,12.29,12.5,116138.58,147772.46
002840.SZ,2020-07-28,12.5,12.88,12.4,12.75,80987.72,102459.22
002840.SZ,2020-07-29,12.7,12.89,12.4,12.84,68711.6,87389.53
002840.SZ,2020-07-30,12.86,13.13,12.68,12.76,67820.2,87208.57
002840.SZ,2020-07-31,12.74,12.9,12.55,12.89,49574.6,63294.21
002840.SZ,2020-08-03,12.84,13.83,12.84,13.78,104923.8,140669.72
002840.SZ,2020-08-04,13.81,14.08,13.5,13.69,117081.8,162080.77
002840.SZ,2020-08-05,13.5,13.57,13.18,13.3,96502.08,128732.65
002840.SZ,2020-08-06,13.45,13.45,12.61,12.85,108486.81,139605.24
002840.SZ,2020-08-07,12.83,12.89,12.25,12.44,66449.8,83196.7
002840.SZ,2020-08-10,12.44,12.69,12.26,12.48,49713.79,61978.79
002840.SZ,2020-08-11,12.55,12.82,12.38,12.41,59782.6,75471.25
002840.SZ,2020-08-12,12.41,12.53,11.99,12.2,53817.45,65550.87
002840.SZ,2020-08-13,12.35,12.54,12.21,12.33,54298.3,67403.95
002840.SZ,2020-08-14,12.5,12.64,12.27,12.51,61514.72,76560.77
002840.SZ,2020-08-17,12.69,12.7,12.42,12.55,58048.2,72659.29
002840.SZ,2020-08-18,12.59,13.05,12.48,12.77,77614.0,99140.9
002840.SZ,2020-08-19,12.7,12.95,12.5,12.66,71750.01,91116.43
002840.SZ,2020-08-20,12.55,12.55,12.28,12.31,49701.85,61576.4
002840.SZ,2020-08-21,12.34,12.67,12.34,12.53,52836.08,66076.59
002840.SZ,2020-08-24,12.56,12.7,12.48,12.58,52195.18,65794.09
002840.SZ,2020-08-25,12.58,12.6,12.19,12.23,55891.02,69137.74
002840.SZ,2020-08-26,12.29,12.38,11.87,11.9,67285.8,81502.44
002840.SZ,2020-08-27,11.91,12.03,11.7,11.92,40657.0,48330.83
002840.SZ,2020-08-28,11.96,11.97,11.59,11.94,52047.2,61472.95
002840.SZ,2020-08-31,11.99,12.2,11.93,11.99,40533.2,48824.28
002840.SZ,2020-09-01,11.99,12.05,11.77,12.04,36952.8,43981.61
002840.SZ,2020-09-02,12.05,12.19,11.87,11.91,37870.8,45422.95
002840.SZ,2020-09-03,11.91,11.99,11.7,11.77,38147.2,45198.79
002840.SZ,2020-09-04,11.5,11.73,11.46,11.72,38504.18,44532.6
002840.SZ,2020-09-07,11.6,11.72,11.01,11.15,66446.6,75505.49
002840.SZ,2020-09-08,11.15,11.25,10.53,10.82,73481.27,79622.91
002840.SZ,2020-09-09,10.83,10.83,10.37,10.45,37732.22,39792.26
002840.SZ,2020-09-10,10.6,10.65,10.28,10.29,26795.89,28006.63
002840.SZ,2020-09-11,10.25,10.67,10.14,10.67,35393.21,37036.84
002840.SZ,2020-09-14,10.64,10.95,10.61,10.92,36456.67,39502.39
002840.SZ,2020-09-15,10.87,10.91,10.69,10.71,25308.22,27265.49
002840.SZ,2020-09-16,10.7,10.79,10.44,10.49,24844.67,26233.53
002840.SZ,2020-09-17,10.51,10.57,10.32,10.46,24354.68,25349.79
002840.SZ,2020-09-18,10.45,10.6,10.27,10.51,32512.0,34009.58
002840.SZ,2020-09-21,10.48,10.96,10.35,10.6,41229.73,43822.32
002840.SZ,2020-09-22,10.59,10.62,10.38,10.48,25221.87,26482.78
002840.SZ,2020-09-23,10.54,10.59,10.44,10.47,16404.67,17214.95
002840.SZ,2020-09-24,10.43,10.43,10.18,10.18,23428.8,24057.75
002840.SZ,2020-09-25,10.18,10.42,10.17,10.29,17236.6,17782.95
002840.SZ,2020-09-28,10.38,10.38,10.19,10.22,14048.7,14382.29
002840.SZ,2020-09-29,10.26,10.38,10.16,10.22,16341.98,16767.05
002840.SZ,2020-09-30,10.25,10.43,10.22,10.37,20364.89,21074.82
002840.SZ,2020-10-09,10.53,10.73,10.45,10.68,29137.84,30932.81
002840.SZ,2020-10-12,10.69,10.87,10.67,10.79,25838.45,27837.88
002840.SZ,2020-10-13,10.78,10.82,10.64,10.78,43217.08,46390.06
002840.SZ,2020-10-14,10.78,10.83,10.65,10.7,21229.58,22778.78
002840.SZ,2020-10-15,10.68,10.77,10.51,10.56,22002.23,23369.96
002840.SZ,2020-10-16,10.56,10.64,10.43,10.45,22522.8,23637.81
002840.SZ,2020-10-19,10.45,10.67,10.36,10.37,20068.4,21099.81
002840.SZ,2020-10-20,10.38,10.55,10.26,10.53,18206.8,19000.11
002840.SZ,2020-10-21,10.56,10.58,10.3,10.38,18928.8,19668.9
002840.SZ,2020-10-22,10.3,10.38,10.24,10.37,12608.8,13002.3
002840.SZ,2020-10-23,10.37,10.44,10.2,10.25,17477.93,17954.69
002840.SZ,2020-10-26,10.2,10.3,9.6,10.29,24048.97,24460.91
002840.SZ,2020-10-27,10.25,10.46,10.09,10.15,21503.3,22037.75
002840.SZ,2020-10-28,10.15,10.27,10.09,10.16,14032.98,14246.24
002840.SZ,2020-10-29,10.08,10.32,10.05,10.17,19287.82,19659.65
002840.SZ,2020-10-30,10.18,10.24,10.09,10.13,22412.0,22744.82
002840.SZ,2020-11-02,10.1,10.19,9.8,9.85,29602.4,29349.52
002840.SZ,2020-11-03,9.87,10.33,9.87,10.2,28598.65,29003.6
002840.SZ,2020-11-04,10.2,10.2,9.99,10.0,20175.62,20297.91
002840.SZ,2020-11-05,10.05,10.2,10.04,10.12,13480.48,13613.1
002840.SZ,2020-11-06,10.12,10.18,9.91,9.95,16481.49,16434.58
002840.SZ,2020-11-09,10.0,10.16,9.98,10.03,17417.8,17531.12
002840.SZ,2020-11-10,10.04,10.05,9.86,9.93,16333.46,16257.2
002840.SZ,2020-11-11,9.92,10.07,9.86,9.93,15753.8,15676.23
002840.SZ,2020-11-12,9.96,10.0,9.83,9.99,13488.94,13397.22
002840.SZ,2020-11-13,9.91,9.94,9.74,9.9,13920.38,13688.8
002840.SZ,2020-11-16,9.98,10.44,9.9,10.43,54618.21,55900.24
002840.SZ,2020-11-17,10.46,10.54,10.3,10.5,39557.17,41296.03
002840.SZ,2020-11-18,10.56,11.07,10.47,10.96,74345.56,80564.39
002840.SZ,2020-11-19,10.9,12.06,10.84,11.81,186951.84,218177.81
002840.SZ,2020-11-20,11.59,11.96,11.03,11.84,126879.96,147207.79
002840.SZ,2020-11-23,11.64,11.94,11.61,11.87,79298.78,93671.68
002840.SZ,2020-11-24,11.77,12.24,11.72,11.91,63332.21,75759.12
002840.SZ,2020-11-25,11.89,12.23,11.8,12.02,82750.92,99572.28
002840.SZ,2020-11-26,12.16,12.6,11.9,12.06,77340.0,94323.95
002840.SZ,2020-11-27,11.94,12.14,11.75,11.91,50444.03,60349.63
002840.SZ,2020-11-30,11.96,12.26,11.95,12.15,56857.76,69078.34
002840.SZ,2020-12-01,12.01,12.21,11.88,12.1,51392.77,61763.03
002840.SZ,2020-12-02,12.1,12.42,12.1,12.18,43175.68,52743.34
002840.SZ,2020-12-03,12.12,12.26,12.01,12.23,37969.04,46194.42
002840.SZ,2020-12-04,12.37,12.48,12.18,12.23,47332.51,58244.4
002840.SZ,2020-12-07,12.21,12.55,12.21,12.4,67016.99,82966.66
002840.SZ,2020-12-08,12.35,12.47,12.25,12.27,36106.49,44580.57
002840.SZ,2020-12-09,12.18,12.37,11.75,11.75,63736.18,76442.1
002840.SZ,2020-12-10,11.75,11.86,11.41,11.42,48184.93,55905.6
002840.SZ,2020-12-11,11.6,11.61,11.02,11.22,41050.54,46034.62
002840.SZ,2020-12-14,11.16,11.3,11.05,11.19,28572.46,31890.71
002840.SZ,2020-12-15,11.28,11.28,10.92,11.01,29916.01,33009.29
002840.SZ,2020-12-16,11.0,11.34,10.9,10.99,51477.2,57198.74
002840.SZ,2020-12-17,11.02,11.18,10.65,11.03,43032.19,46946.91
002840.SZ,2020-12-18,11.07,11.28,10.88,11.17,37722.4,41980.18
002840.SZ,2020-12-21,11.14,11.32,10.96,11.0,38755.6,42941.15
002840.SZ,2020-12-22,10.98,11.07,10.67,10.71,34921.15,37930.09
002840.SZ,2020-12-23,10.68,10.83,10.49,10.52,45760.38,48634.46
002840.SZ,2020-12-24,10.42,10.6,10.16,10.23,34002.18,35097.48
002840.SZ,2020-12-25,10.13,10.4,10.1,10.29,28556.39,29387.27
002840.SZ,2020-12-28,10.23,10.44,10.12,10.14,23257.2,23759.4
002840.SZ,2020-12-29,10.17,10.27,10.02,10.05,24411.88,24712.22
002840.SZ,2020-12-30,10.16,10.31,10.07,10.23,24242.46,24716.37
002840.SZ,2020-12-31,10.23,10.57,10.15,10.47,26122.8,27089.73
002840.SZ,2021-01-04,10.47,11.0,10.38,10.88,63400.97,68328.81
002840.SZ,2021-01-05,10.88,11.16,10.75,10.9,64180.84,70105.77
002840.SZ,2021-01-06,10.84,10.95,10.48,10.51,50125.79,53120.8
002840.SZ,2021-01-07,10.3,10.38,10.0,10.02,64337.66,65141.64
002840.SZ,2021-01-08,10.02,10.11,9.75,9.79,48185.7,47499.33
002840.SZ,2021-01-11,9.61,9.7,9.08,9.29,75621.94,70736.65
002840.SZ,2021-01-12,9.34,9.58,9.23,9.34,37358.35,35140.76
002840.SZ,2021-01-13,9.37,9.43,8.98,9.13,37476.15,34020.98
002840.SZ,2021-01-14,9.13,9.24,9.03,9.16,25038.4,22912.66
002840.SZ,2021-01-15,9.24,9.36,9.13,9.32,31950.4,29531.87
002840.SZ,2021-01-18,9.34,9.55,9.28,9.43,32544.73,30544.13
002840.SZ,2021-01-19,9.42,9.48,9.31,9.39,57804.11,54369.83
002840.SZ,2021-01-20,9.39,9.42,9.18,9.22,28291.07,26156.53
002840.SZ,2021-01-21,9.17,9.34,9.14,9.26,24290.0,22426.24
002840.SZ,2021-01-22,9.27,9.32,9.09,9.13,23401.71,21434.67
002840.SZ,2021-01-25,9.14,9.19,8.86,8.98,31746.19,28656.01
002840.SZ,2021-01-26,9.01,9.49,9.0,9.41,48900.49,45439.04
002840.SZ,2021-01-27,9.48,9.48,9.02,9.08,38222.97,34901.7
002840.SZ,2021-01-28,8.9,9.13,8.9,8.99,17771.0,15974.68
002840.SZ,2021-01-29,9.05,9.05,8.82,8.89,22275.8,19848.93
002840.SZ,2021-02-01,8.83,8.86,8.64,8.75,22038.2,19262.62
002840.SZ,2021-02-02,8.83,8.86,8.69,8.79,12276.54,10782.57
002840.SZ,2021-02-03,8.85,9.06,8.61,8.97,25977.18,23075.33
002840.SZ,2021-02-04,8.88,8.93,8.67,8.69,21691.18,18961.0
002840.SZ,2021-02-05,8.68,8.79,8.53,8.69,17436.7,15150.03
002840.SZ,2021-02-08,8.69,8.79,8.5,8.51,23110.71,19789.45
002840.SZ,2021-02-09,8.51,8.64,8.3,8.56,27585.69,23227.91
002840.SZ,2021-02-10,8.55,8.85,8.48,8.79,24433.5,21363.22
002840.SZ,2021-02-18,8.85,9.16,8.85,9.1,26874.4,24225.18
002840.SZ,2021-02-19,9.1,9.75,9.03,9.61,47977.4,45364.35
002840.SZ,2021-02-22,9.75,9.85,9.5,9.51,47615.4,45818.92
002840.SZ,2021-02-23,9.59,9.59,9.33,9.4,27499.2,25898.86
002840.SZ,2021-02-24,9.4,9.58,9.32,9.56,24631.67,23355.57
002840.SZ,2021-02-25,9.6,9.65,9.37,9.45,18507.2,17484.75
002840.SZ,2021-02-26,9.45,9.48,9.26,9.45,17933.6,16846.27
002840.SZ,2021-03-01,9.46,9.84,9.41,9.78,29716.86,28606.85
002840.SZ,2021-03-02,9.78,10.06,9.7,9.84,27344.42,27063.12
002840.SZ,2021-03-03,9.73,9.93,9.73,9.84,15681.0,15406.02
002840.SZ,2021-03-04,9.77,9.88,9.5,9.61,15399.21,14895.28
002840.SZ,2021-03-05,9.61,9.67,9.5,9.56,8870.91,8517.63
002840.SZ,2021-03-08,9.57,9.68,9.41,9.51,15803.09,15043.19
002840.SZ,2021-03-09,9.52,9.95,9.29,9.68,30028.5,28918.95
002840.SZ,2021-03-10,9.57,10.39,9.45,10.14,61814.5,61494.96
002840.SZ,2021-03-11,10.1,10.14,9.86,10.06,38561.02,38540.15
002840.SZ,2021-03-12,10.06,10.1,9.81,10.03,26472.35,26352.42
002840.SZ,2021-03-15,10.01,10.02,9.78,9.83,16487.4,16280.7
002840.SZ,2021-03-16,9.78,10.3,9.78,10.24,40864.7,41342.37
002840.SZ,2021-03-17,10.23,10.28,10.11,10.24,13831.3,14122.77
002840.SZ,2021-03-18,10.11,10.32,10.05,10.08,25486.8,25773.06
002840.SZ,2021-03-19,10.27,10.27,9.91,9.98,18386.8,18466.88
002840.SZ,2021-03-22,10.16,10.88,9.97,10.86,77987.17,82635.87
002840.SZ,2021-03-23,10.88,11.56,10.75,11.22,102033.92,115600.77
002840.SZ,2021-03-24,11.49,11.49,11.1,11.36,46814.81,52810.88
002840.SZ,2021-03-25,11.11,11.69,11.11,11.6,51271.88,58879.81
002840.SZ,2021-03-26,11.52,11.63,11.33,11.58,33736.14,38633.9
002840.SZ,2021-03-29,11.5,11.69,11.3,11.47,31500.34,36303.97
002840.SZ,2021-03-30,11.47,11.58,11.23,11.35,30389.39,34457.25
002840.SZ,2021-03-31,11.35,11.5,11.16,11.32,20869.4,23578.08
002840.SZ,2021-04-01,11.25,11.42,11.11,11.13,21390.8,23977.15
002840.SZ,2021-04-02,11.11,11.22,10.86,11.0,32155.4,35538.04
002840.SZ,2021-04-06,10.91,11.42,10.87,11.24,25381.19,28511.35
002840.SZ,2021-04-07,11.27,11.33,10.95,11.17,25042.0,27773.61
002840.SZ,2021-04-08,11.25,11.56,10.88,11.0,38854.39,43407.92
002840.SZ,2021-04-09,11.44,11.47,10.57,10.67,43085.54,46640.82
002840.SZ,2021-04-12,10.7,10.86,10.46,10.58,28500.99,30272.61
002840.SZ,2021-04-13,10.58,10.68,10.09,10.13,34350.19,35505.0
002840.SZ,2021-04-14,10.22,10.42,9.98,10.26,20233.4,20793.54
002840.SZ,2021-04-15,10.21,10.36,10.14,10.29,13754.06,14105.73
002840.SZ,2021-04-16,10.29,10.45,10.19,10.21,20651.47,21285.3
002840.SZ,2021-04-19,10.44,10.55,10.22,10.32,27403.32,28504.39
002840.SZ,2021-04-20,10.39,10.77,10.22,10.5,34443.84,36317.97
002840.SZ,2021-04-21,10.52,10.58,10.34,10.51,14989.45,15714.96
002840.SZ,2021-04-22,10.71,10.77,10.46,10.54,12497.56,13164.89
002840.SZ,2021-04-23,10.36,10.5,10.11,10.43,16998.64,17583.44
002840.SZ,2021-04-26,10.69,10.7,10.28,10.51,37268.46,39319.93
002840.SZ,2021-04-27,10.48,10.83,10.12,10.7,38977.67,40782.92
002840.SZ,2021-04-28,10.6,10.73,10.53,10.7,17432.2,18515.98
002840.SZ,2021-04-29,10.58,10.63,10.4,10.42,16114.2,16852.49
002840.SZ,2021-04-30,10.4,10.56,10.28,10.48,27140.3,28285.76
002840.SZ,2021-05-06,10.41,10.45,10.18,10.33,23174.34,23781.7
002840.SZ,2021-05-07,10.91,11.36,10.6,10.97,139249.85,154667.63
002840.SZ,2021-05-10,10.61,10.75,10.23,10.72,111997.02,116861.9
002840.SZ,2021-05-11,10.6,11.2,10.51,10.92,63511.68,69063.37
002840.SZ,2021-05-12,10.9,11.13,10.71,10.84,37616.66,41024.51
002840.SZ,2021-05-13,10.76,11.01,10.71,10.87,26344.39,28569.69
002840.SZ,2021-05-14,10.87,11.04,10.79,10.89,20733.3,22606.96
002840.SZ,2021-05-17,10.89,10.9,10.5,10.57,29758.16,31835.78
002840.SZ,2021-05-18,10.5,10.73,10.45,10.6,15389.37,16320.27
002840.SZ,2021-05-19,10.59,10.59,10.02,10.1,45939.91,47093.22
002840.SZ,2021-05-20,10.1,10.12,9.8,9.96,26589.68,26451.07
002840.SZ,2021-05-21,9.88,10.2,9.83,10.05,21632.52,21686.03
002840.SZ,2021-05-24,10.05,10.05,9.6,9.7,44999.09,43859.2
002840.SZ,2021-05-25,9.66,9.96,9.63,9.86,30635.98,30176.32
002840.SZ,2021-05-26,9.92,10.06,9.87,9.98,25679.32,25606.69
002840.SZ,2021-05-27,10.09,10.09,9.95,9.99,24833.8,24851.41
002840.SZ,2021-05-28,10.0,10.04,9.88,9.91,28920.98,28828.56
002840.SZ,2021-05-31,9.9,9.95,9.74,9.78,19058.46,18696.48
002840.SZ,2021-06-01,9.71,9.92,9.7,9.79,28569.12,27969.47
002840.SZ,2021-06-02,9.83,9.89,9.72,9.78,24654.16,24184.73
002840.SZ,2021-06-03,9.9,10.05,9.85,9.88,34813.6,34700.05
002840.SZ,2021-06-04,9.88,10.0,9.86,9.9,20941.9,20770.24
002840.SZ,2021-06-07,10.0,10.05,9.84,9.96,24498.8,24400.2
002840.SZ,2021-06-08,9.97,10.07,9.89,10.07,33419.31,33364.03
002840.SZ,2021-06-09,10.0,10.1,9.86,9.86,25400.97,25217.65
002840.SZ,2021-06-10,9.9,9.91,9.63,9.65,33036.58,32128.17
002840.SZ,2021-06-11,9.67,9.76,9.55,9.61,22987.37,22156.91
002840.SZ,2021-06-15,9.52,9.68,9.31,9.36,29736.4,28043.64
002840.SZ,2021-06-16,9.33,9.48,9.11,9.28,35614.56,33059.91
002840.SZ,2021-06-17,9.25,9.37,8.99,9.06,34149.74,31310.98
002840.SZ,2021-06-18,9.07,9.21,9.04,9.18,22491.22,20514.21
002840.SZ,2021-06-21,9.18,9.25,8.86,9.02,47710.06,43108.21
002840.SZ,2021-06-22,9.02,9.44,9.01,9.38,65289.09,60366.4
002840.SZ,2021-06-23,9.36,9.36,9.04,9.1,51452.69,46939.07
002840.SZ,2021-06-24,9.1,9.13,8.9,8.96,30651.72,27533.7
002840.SZ,2021-06-25,8.95,9.05,8.91,8.96,19332.48,17372.14
002840.SZ,2021-06-28,9.06,9.36,9.01,9.18,70768.8,65181.07
002840.SZ,2021-06-29,9.17,9.17,8.98,9.0,33548.54,30374.12
002840.SZ,2021-06-30,8.98,9.12,8.92,9.01,33665.6,30302.52
002840.SZ,2021-07-01,9.01,9.08,8.97,8.98,20191.95,18204.66
002840.SZ,2021-07-02,8.96,9.03,8.9,8.96,21140.0,18902.77
002840.SZ,2021-07-05,8.96,9.02,8.77,8.88,27003.83,23836.05
002840.SZ,2021-07-06,8.9,8.92,8.76,8.89,35105.26,31028.56
002840.SZ,2021-07-07,8.84,9.03,8.82,8.9,26350.81,23461.77
002840.SZ,2021-07-08,8.85,8.9,8.72,8.75,26577.83,23311.98
002840.SZ,2021-07-09,8.7,8.75,8.62,8.72,23464.07,20325.01
002840.SZ,2021-07-12,8.79,8.91,8.73,8.79,32478.59,28678.78
002840.SZ,2021-07-13,8.85,8.94,8.72,8.91,21069.23,18656.13
002840.SZ,2021-07-14,8.88,9.14,8.85,9.04,54613.54,49229.82
002840.SZ,2021-07-15,9.04,9.08,8.92,9.02,39758.23,35749.87
002840.SZ,2021-07-16,8.95,8.95,8.78,8.82,26663.61,23556.35
002840.SZ,2021-07-19,8.75,8.84,8.7,8.84,18609.88,16308.56
002840.SZ,2021-07-20,8.77,9.11,8.77,9.09,41067.27,36907.35
002840.SZ,2021-07-21,9.09,9.24,9.06,9.14,36809.26,33641.64
002840.SZ,2021-07-22,9.15,9.19,8.98,9.02,24401.2,22065.19
002840.SZ,2021-07-23,9.05,9.05,8.75,8.83,30656.07,27148.28
002840.SZ,2021-07-26,8.85,8.88,8.6,8.64,26674.64,23224.24
002840.SZ,2021-07-27,8.64,8.69,8.25,8.27,34945.09,29466.38
002840.SZ,2021-07-28,8.35,8.42,8.12,8.32,34670.31,28777.47
002840.SZ,2021-07-29,8.4,8.45,8.28,8.28,18343.0,15297.93
002840.SZ,2021-07-30,8.36,8.41,8.28,8.38,18494.87,15453.1
002840.SZ,2021-08-02,8.3,8.65,8.22,8.54,31356.65,26514.06
002840.SZ,2021-08-03,8.55,8.81,8.53,8.8,40944.09,35729.91
002840.SZ,2021-08-04,8.81,8.86,8.63,8.74,26506.22,23103.46
002840.SZ,2021-08-05,8.72,8.8,8.62,8.66,20631.01,17953.45
002840.SZ,2021-08-06,8.66,8.77,8.59,8.72,19586.25,16999.48
002840.SZ,2021-08-09,8.78,9.0,8.72,8.9,48457.74,42940.52
002840.SZ,2021-08-10,8.84,8.97,8.74,8.94,36795.43,32604.49
002840.SZ,2021-08-11,8.92,9.15,8.83,9.06,41032.89,37058.92
002840.SZ,2021-08-12,9.08,9.17,8.85,8.92,35380.05,31768.13
002840.SZ,2021-08-13,8.92,9.07,8.92,9.05,27032.37,24351.24
002840.SZ,2021-08-16,9.05,9.16,8.99,9.14,37712.97,34319.34
002840.SZ,2021-08-17,9.1,9.3,8.92,8.97,42466.42,38723.73
002840.SZ,2021-08-18,8.9,9.19,8.9,9.13,28736.4,26154.29
002840.SZ,2021-08-19,9.1,9.16,8.99,9.04,21148.2,19156.41
002840.SZ,2021-08-20,8.95,9.08,8.82,8.98,28398.58,25283.72
002840.SZ,2021-08-23,8.96,9.09,8.92,9.0,20805.73,18760.09
002840.SZ,2021-08-24,8.97,9.18,8.97,9.15,26659.67,24342.82
002840.SZ,2021-08-25,9.18,9.22,9.09,9.13,28649.07,26264.08
002840.SZ,2021-08-26,9.18,9.26,9.12,9.16,36204.6,33283.41
002840.SZ,2021-08-27,9.05,9.2,8.4,8.51,107915.94,92267.32
002840.SZ,2021-08-30,8.51,8.55,8.26,8.34,47151.87,39369.62
002840.SZ,2021-08-31,8.35,8.44,8.3,8.38,32377.44,27047.2
002840.SZ,2021-09-01,8.42,8.43,8.3,8.38,34100.0,28495.81
002840.SZ,2021-09-02,8.38,8.39,8.32,8.37,22757.84,18985.13
002840.SZ,2021-09-03,8.37,8.44,8.32,8.43,33068.49,27761.72
002840.SZ,2021-09-06,8.42,8.48,8.37,8.47,30958.53,26085.21
002840.SZ,2021-09-07,8.52,8.54,8.44,8.5,28606.36,24285.59
002840.SZ,2021-09-08,8.51,8.61,8.48,8.57,29111.44,24867.6
002840.SZ,2021-09-09,8.58,8.64,8.56,8.6,28682.31,24641.39
002840.SZ,2021-09-10,8.6,8.7,8.45,8.59,36311.05,31081.09
002840.SZ,2021-09-13,8.59,9.15,8.5,9.03,90820.4,80992.77
002840.SZ,2021-09-14,9.93,9.93,9.2,9.3,137887.71,129806.34
002840.SZ,2021-09-15,9.16,9.47,9.07,9.37,75593.72,69875.47
002840.SZ,2021-09-16,9.3,10.31,9.25,10.31,162042.31,161066.53
002840.SZ,2021-09-17,10.42,10.9,10.06,10.42,183124.38,191720.51
002840.SZ,2021-09-22,10.28,10.6,9.91,10.6,137222.18,140952.26
002840.SZ,2021-09-23,10.6,10.66,10.2,10.38,87647.0,90888.84
002840.SZ,2021-09-24,10.36,10.43,10.0,10.24,61285.08,63028.94
002840.SZ,2021-09-27,10.24,11.26,10.11,11.2,205837.81,225024.25
002840.SZ,2021-09-28,10.5,11.0,10.4,10.68,117471.63,125752.85
002840.SZ,2021-09-29,10.53,10.88,10.28,10.54,106797.91,113160.21
002840.SZ,2021-09-30,10.61,11.5,10.45,11.24,159920.59,178568.71
002840.SZ,2021-10-08,11.37,12.06,11.37,11.95,161087.63,191367.32
002840.SZ,2021-10-11,11.86,11.99,10.76,11.66,165388.49,189660.17
002840.SZ,2021-10-12,11.72,11.74,11.16,11.45,93476.32,106641.15
002840.SZ,2021-10-13,11.53,11.55,11.16,11.24,78458.86,88582.94
002840.SZ,2021-10-14,11.1,11.2,10.6,11.03,117839.06,128227.55
002840.SZ,2021-10-15,11.04,11.38,10.79,10.97,89617.04,99260.21
002840.SZ,2021-10-18,10.95,10.95,10.29,10.77,122749.72,129808.75
002840.SZ,2021-10-19,10.77,11.21,10.62,11.05,115935.8,127655.37
002840.SZ,2021-10-20,11.26,11.37,10.6,10.77,106226.0,115357.58
002840.SZ,2021-10-21,10.73,10.93,10.6,10.76,68080.2,73426.59
002840.SZ,2021-10-22,10.59,10.88,10.35,10.5,105859.48,111707.66
002840.SZ,2021-10-25,10.52,10.81,10.38,10.76,105564.66,112426.4
002840.SZ,2021-10-26,10.52,10.86,10.52,10.73,70097.92,75146.12
002840.SZ,2021-10-27,10.68,10.7,10.39,10.48,56782.96,59697.67
002840.SZ,2021-10-28,10.35,10.5,10.21,10.26,36997.24,38276.16
002840.SZ,2021-10-29,10.24,10.44,10.2,10.32,41495.8,42787.18
002840.SZ,2021-11-01,10.27,10.8,10.16,10.42,53786.42,56749.69
002840.SZ,2021-11-02,10.42,10.55,10.11,10.28,71911.2,74183.7
002840.SZ,2021-11-03,10.34,10.61,10.18,10.51,64830.21,68043.68
002840.SZ,2021-11-04,10.41,10.85,10.32,10.72,75949.62,80879.71
002840.SZ,2021-11-05,10.71,10.79,10.22,10.36,74338.08,77530.78
002840.SZ,2021-11-08,10.22,10.56,10.09,10.13,56336.73,57715.28
002840.SZ,2021-11-09,10.13,10.25,9.97,10.2,59050.37,59491.26
002840.SZ,2021-11-10,10.22,10.33,9.93,10.03,63210.57,63472.8
002840.SZ,2021-11-11,10.03,10.54,10.0,10.35,64667.18,67020.79
002840.SZ,2021-11-12,10.35,10.43,10.21,10.31,37577.55,38774.06
002840.SZ,2021-11-15,10.51,11.26,10.45,10.86,95699.12,104129.42
002840.SZ,2021-11-16,10.95,11.15,10.76,10.88,87203.66,95682.77
002840.SZ,2021-11-17,10.89,11.17,10.67,11.13,88491.81,96445.52
002840.SZ,2021-11-18,11.11,11.34,10.91,10.96,77560.41,85783.9
002840.SZ,2021-11-19,11.11,11.11,10.71,10.86,45690.0,49579.29
002840.SZ,2021-11-22,10.99,11.07,10.78,10.85,42821.04,46660.58
002840.SZ,2021-11-23,10.89,11.3,10.81,11.13,72017.76,80171.75
002840.SZ,2021-11-24,11.15,11.27,11.01,11.03,44001.0,48954.0
002840.SZ,2021-11-25,11.07,11.12,10.81,10.89,39578.84,43182.63
002840.SZ,2021-11-26,10.8,10.96,10.65,10.86,30034.6,32541.53
002840.SZ,2021-11-29,10.8,11.18,10.45,11.03,59696.47,65236.27
002840.SZ,2021-11-30,11.09,11.36,11.07,11.25,57217.07,64402.5
002840.SZ,2021-12-01,11.26,11.34,11.15,11.24,32792.0,36805.76
002840.SZ,2021-12-02,11.13,11.33,11.12,11.19,31116.2,34905.07
002840.SZ,2021-12-03,11.27,11.71,10.98,11.6,69248.22,79371.1
002840.SZ,2021-12-06,11.74,12.76,11.6,12.53,279587.08,345441.17
002840.SZ,2021-12-07,12.46,13.23,12.39,13.12,246286.72,317340.32
002840.SZ,2021-12-08,12.94,13.68,12.93,13.28,161283.08,215540.58
002840.SZ,2021-12-09,13.68,13.68,13.04,13.09,152205.71,201633.32
002840.SZ,2021-12-10,13.09,13.85,13.09,13.54,121419.83,164218.75
002840.SZ,2021-12-13,13.59,13.68,13.16,13.29,112052.89,149700.61
002840.SZ,2021-12-14,13.25,13.3,12.9,13.05,82981.99,108378.14
002840.SZ,2021-12-15,13.09,13.24,12.93,13.02,56947.58,74377.76
002840.SZ,2021-12-16,13.04,13.04,12.7,12.8,61521.96,78785.1
002840.SZ,2021-12-17,12.73,13.06,12.71,12.81,56432.4,72648.19
002840.SZ,2021-12-20,12.81,12.91,12.64,12.72,42893.69,54785.91
002840.SZ,2021-12-21,12.72,13.65,12.72,13.52,101112.4,134854.07
002840.SZ,2021-12-22,13.5,14.53,13.37,14.34,117683.26,164606.46
002840.SZ,2021-12-23,14.44,14.68,13.99,14.08,79338.01,112746.33
002840.SZ,2021-12-24,14.15,14.55,14.02,14.15,62165.53,88680.06
002840.SZ,2021-12-27,14.24,15.57,14.13,15.57,185333.09,280353.89
002840.SZ,2021-12-28,15.5,16.98,15.31,15.7,294860.63,476236.53
002840.SZ,2021-12-29,15.31,16.64,15.31,15.9,174663.96,280595.87
002840.SZ,2021-12-30,15.98,16.35,15.73,16.05,107196.73,171374.36
002840.SZ,2021-12-31,16.05,17.58,15.8,17.28,185318.72,310749.39
002840.SZ,2022-01-04,17.28,19.01,16.93,19.01,206901.42,375777.31
002840.SZ,2022-01-05,19.58,19.74,18.01,18.2,247447.42,463454.08
002840.SZ,2022-01-06,17.96,20.02,17.96,19.78,198137.44,380939.01
002840.SZ,2022-01-07,19.78,20.15,17.81,18.07,220129.98,413006.66
002840.SZ,2022-01-10,17.0,18.92,17.0,17.77,244709.42,442116.25
002840.SZ,2022-01-11,18.18,18.18,17.23,17.47,174496.66,306604.06
002840.SZ,2022-01-12,17.77,19.1,17.27,18.84,175173.63,321944.88
002840.SZ,2022-01-13,18.88,18.9,17.78,17.86,134706.34,245223.28
002840.SZ,2022-01-14,17.85,18.27,17.33,17.91,128360.75,229047.63
002840.SZ,2022-01-17,18.0,18.6,17.83,18.29,91116.59,165665.56
002840.SZ,2022-01-18,18.28,18.85,17.57,18.44,120013.45,219808.98
002840.SZ,2022-01-19,18.43,18.6,17.9,17.99,76859.49,139481.94
002840.SZ,2022-01-20,17.99,18.99,17.86,18.2,135164.83,248506.99
002840.SZ,2022-01-21,18.05,18.43,17.87,17.99,70894.81,128412.74
002840.SZ,2022-01-24,18.09,18.93,18.0,18.46,118850.06,221106.07
002840.SZ,2022-01-25,18.63,18.83,17.88,17.98,100948.79,184372.26
002840.SZ,2022-01-26,17.92,18.16,16.18,16.6,193706.11,322867.92
002840.SZ,2022-01-27,16.71,17.33,16.08,16.18,108500.42,180171.81
002840.SZ,2022-01-28,16.24,16.43,15.63,16.2,60045.85,96786.89
002840.SZ,2022-02-07,16.28,16.5,15.32,15.49,94501.79,147964.03
002840.SZ,2022-02-08,15.62,15.86,14.77,15.03,89312.89,135052.64
002840.SZ,2022-02-09,15.2,16.2,14.73,15.63,107778.52,167809.56
002840.SZ,2022-02-10,15.63,16.24,15.44,15.47,170344.61,270023.74
002840.SZ,2022-02-11,15.56,15.6,14.56,14.71,94952.16,140681.7
002840.SZ,2022-02-14,14.67,15.32,14.41,14.88,93154.25,139588.99
002840.SZ,2022-02-15,15.05,15.1,14.61,14.9,45970.48,67949.82
002840.SZ,2022-02-16,14.95,14.95,14.35,14.44,77472.03,112533.32
002840.SZ,2022-02-17,14.3,14.7,14.26,14.34,48719.06,70268.26
002840.SZ,2022-02-18,14.34,14.6,14.14,14.42,49059.28,70359.28
002840.SZ,2022-02-21,14.42,15.09,14.42,14.78,71125.56,105096.72
002840.SZ,2022-02-22,14.9,15.62,14.68,14.99,137107.95,207357.81
002840.SZ,2022-02-23,14.98,15.48,14.92,15.02,54876.04,83029.62
002840.SZ,2022-02-24,15.12,15.15,14.41,14.57,54028.38,79909.66
002840.SZ,2022-02-25,14.72,15.04,14.62,14.93,33517.43,49905.31
002840.SZ,2022-02-28,14.69,16.21,14.38,16.13,117852.28,182544.52
002840.SZ,2022-03-01,16.86,17.0,15.84,16.43,117636.01,192327.9
002840.SZ,2022-03-02,16.43,16.73,16.2,16.67,64525.84,106682.49
002840.SZ,2022-03-03,16.7,17.0,16.5,16.58,43661.03,72923.77
002840.SZ,2022-03-04,16.52,17.55,16.34,17.35,89551.09,153377.55
002840.SZ,2022-03-07,17.39,18.03,16.92,17.36,101646.85,177861.7
002840.SZ,2022-03-08,17.37,17.59,16.45,16.5,116204.72,195421.73
002840.SZ,2022-03-09,16.61,17.14,15.9,16.51,82713.82,136865.77
002840.SZ,2022-03-10,16.61,17.24,16.51,16.6,55588.6,93418.07
002840.SZ,2022-03-11,16.28,17.14,16.22,16.98,54722.99,91969.17
002840.SZ,2022-03-14,16.96,17.14,16.4,16.51,47383.19,79408.29
002840.SZ,2022-03-15,16.3,16.57,15.64,15.7,63064.21,101724.76
002840.SZ,2022-03-16,15.87,15.95,14.77,15.68,62062.84,95790.1
002840.SZ,2022-03-17,15.71,15.98,15.49,15.76,42945.69,67636.28
002840.SZ,2022-03-18,15.49,16.99,15.37,16.57,56643.37,92273.37
002840.SZ,2022-03-21,16.56,17.51,16.51,17.08,65029.02,110619.47
002840.SZ,2022-03-22,16.97,17.99,16.76,17.72,83682.99,146424.75
002840.SZ,2022-03-23,17.7,17.88,17.31,17.58,43953.15,77183.32
002840.SZ,2022-03-24,17.62,17.68,17.01,17.11,36304.6,62891.33
002840.SZ,2022-03-25,17.0,17.56,16.86,17.2,50549.22,87196.09
002840.SZ,2022-03-28,16.93,17.2,16.7,17.18,55444.65,94032.49
002840.SZ,2022-03-29,17.05,18.36,16.93,17.64,86158.3,152886.54
002840.SZ,2022-03-30,17.64,17.76,17.21,17.5,48766.42,85022.79
002840.SZ,2022-03-31,17.39,17.85,17.17,17.8,60930.11,107223.25
002840.SZ,2022-04-01,17.76,18.42,17.65,18.02,60807.54,109739.01
002840.SZ,2022-04-06,18.04,18.25,17.75,18.0,33494.17,60024.71
002840.SZ,2022-04-07,17.75,18.0,17.24,17.3,43776.23,76564.9
002840.SZ,2022-04-08,17.23,17.54,16.7,17.4,45709.51,77806.14
002840.SZ,2022-04-11,17.17,17.85,17.05,17.1,33850.52,58759.67
002840.SZ,2022-04-12,17.1,17.22,16.6,17.18,22736.94,38453.47
002840.SZ,2022-04-13,17.3,17.3,16.07,16.45,43643.06,72172.66
002840.SZ,2022-04-14,16.46,16.86,16.17,16.45,37284.75,61320.6
002840.SZ,2022-04-15,16.27,16.44,15.41,15.63,63310.85,99804.34
002840.SZ,2022-04-18,15.65,16.8,15.5,16.78,58616.61,95921.99
002840.SZ,2022-04-19,16.78,18.18,16.58,17.65,134396.83,237694.47
002840.SZ,2022-04-20,17.65,17.78,17.05,17.33,66345.25,115165.8
002840.SZ,2022-04-21,17.29,17.29,16.04,16.25,54494.62,90060.67
002840.SZ,2022-04-22,16.3,16.5,15.71,16.29,43603.1,70310.84
002840.SZ,2022-04-25,16.18,16.3,15.2,15.4,63893.19,101095.89
002840.SZ,2022-04-26,15.72,15.72,14.55,14.7,58193.6,87763.54
002840.SZ,2022-04-27,14.63,15.89,14.04,15.8,46996.69,70545.2
002840.SZ,2022-04-28,15.98,16.28,15.35,15.91,53805.98,84765.64
002840.SZ,2022-04-29,16.29,16.29,15.58,15.9,41142.71,65472.2
002840.SZ,2022-05-05,15.99,16.25,15.1,15.56,74552.82,115941.75
002840.SZ,2022-05-06,15.12,15.66,14.58,15.39,27779.24,42685.1
002840.SZ,2022-05-09,15.46,15.92,14.95,15.9,29685.06,46671.11
002840.SZ,2022-05-10,15.88,16.07,15.46,15.61,29418.04,45947.39
002840.SZ,2022-05-11,15.68,16.49,15.46,15.91,47159.36,75735.3
002840.SZ,2022-05-12,15.74,16.28,15.64,15.99,22065.2,35313.11
002840.SZ,2022-05-13,16.08,16.4,15.75,15.78,19852.13,31712.59
002840.SZ,2022-05-16,16.1,16.17,15.79,15.89,16908.27,27019.84
002840.SZ,2022-05-17,15.9,16.0,15.62,15.7,14143.0,22215.55
002840.SZ,2022-05-18,15.69,15.85,15.59,15.65,12672.0,19932.96
002840.SZ,2022-05-19,15.45,15.5,14.86,15.16,29156.01,44202.88
002840.SZ,2022-05-20,15.45,15.45,14.46,14.58,63081.4,93092.97
002840.SZ,2022-05-23,14.58,14.79,14.27,14.74,37838.07,55178.71
002840.SZ,2022-05-24,14.73,14.8,13.35,13.45,95470.61,132729.77
002840.SZ,2022-05-25,13.43,13.85,13.19,13.7,37940.0,51705.28
002840.SZ,2022-05-26,13.69,13.89,13.26,13.56,28049.41,37979.64
002840.SZ,2022-05-27,13.55,13.76,13.14,13.36,24422.6,32842.1
002840.SZ,2022-05-30,13.36,13.58,13.15,13.29,19969.43,26588.53
002840.SZ,2022-05-31,13.45,13.56,13.2,13.44,23683.36,31788.46
002840.SZ,2022-06-01,13.33,13.53,13.16,13.43,22574.83,30120.87
002840.SZ,2022-06-02,13.43,13.43,12.94,13.21,23894.3,31403.42
002840.SZ,2022-06-06,13.26,13.32,12.9,13.2,50991.32,67042.21
002840.SZ,2022-06-07,13.2,13.65,13.1,13.4,52578.91,70492.65
002840.SZ,2022-06-08,13.4,13.45,13.1,13.39,50101.35,66919.97
002840.SZ,2022-06-09,13.78,14.73,13.44,14.73,129395.5,182109.71
002840.SZ,2022-06-10,14.83,15.0,14.21,14.43,101065.53,146320.59
002840.SZ,2022-06-13,14.67,15.79,14.44,15.43,105457.62,161253.49
002840.SZ,2022-06-14,15.18,16.97,15.05,16.66,177347.92,293266.97
002840.SZ,2022-06-15,16.62,17.54,16.31,16.66,149981.49,254729.76
002840.SZ,2022-06-16,16.54,18.01,16.3,17.66,167407.6,293075.48
002840.SZ,2022-06-17,17.43,18.17,17.43,17.91,111519.11,198248.73
002840.SZ,2022-06-20,17.6,18.98,17.6,18.65,134487.71,245928.36
002840.SZ,2022-06-21,18.7,19.59,18.09,18.5,121271.71,226541.24
002840.SZ,2022-06-22,18.6,19.66,18.16,19.29,129276.7,244452.9
002840.SZ,2022-06-23,18.86,19.25,18.22,18.8,117309.52,218208.65
002840.SZ,2022-06-24,18.85,19.2,18.59,18.95,81627.61,154251.18
002840.SZ,2022-06-27,19.14,19.45,18.84,19.17,64515.21,123238.46
002840.SZ,2022-06-28,18.85,19.76,18.3,18.54,116579.71,221173.53
002840.SZ,2022-06-29,18.13,18.52,17.3,17.44,125023.99,223071.57
002840.SZ,2022-06-30,17.5,17.9,17.15,17.65,77837.06,136838.41
002840.SZ,2022-07-01,18.07,18.88,17.52,18.37,108688.41,200024.21
002840.SZ,2022-07-04,18.6,20.21,18.5,20.21,220025.51,433250.05
002840.SZ,2022-07-05,20.25,20.4,18.19,19.73,175956.87,347062.18
002840.SZ,2022-07-06,19.78,20.49,19.35,20.05,118095.48,236317.62
002840.SZ,2022-07-07,20.15,21.34,19.93,20.62,123341.44,254972.85
002840.SZ,2022-07-08,20.75,21.39,20.2,20.8,78328.48,162972.79
002840.SZ,2022-07-11,21.06,22.88,21.06,22.65,164893.4,370047.66
002840.SZ,2022-07-12,22.87,23.33,21.33,21.95,163901.34,366674.53
002840.SZ,2022-07-13,21.85,22.94,21.8,22.39,111428.62,248987.21
002840.SZ,2022-07-14,22.1,23.0,21.83,22.85,84775.37,190987.36
002840.SZ,2022-07-15,22.9,23.28,22.19,22.36,81910.6,185462.84
002840.SZ,2022-07-18,22.18,22.52,21.46,22.34,76274.02,168268.35
002840.SZ,2022-07-19,22.34,23.09,21.85,22.96,91071.78,205314.71
002840.SZ,2022-07-20,22.98,23.36,21.75,22.18,93691.98,210235.45
002840.SZ,2022-07-21,22.18,22.73,21.4,21.83,82074.78,180359.33
002840.SZ,2022-07-22,21.83,22.05,21.4,21.6,63520.0,137709.25
002840.SZ,2022-07-25,21.6,21.67,20.68,21.06,67943.26,143706.19
002840.SZ,2022-07-26,21.21,22.28,20.83,21.8,68266.71,148184.68
002840.SZ,2022-07-27,21.8,21.9,21.12,21.88,58035.4,125429.63
002840.SZ,2022-07-28,22.08,22.79,21.51,21.59,93106.86,205841.48
002840.SZ,2022-07-29,21.59,22.88,21.5,22.57,115230.05,256311.05
002840.SZ,2022-08-01,22.5,23.35,22.08,22.96,92800.6,213201.76
002840.SZ,2022-08-02,22.96,23.3,22.28,22.42,72334.66,164856.19
002840.SZ,2022-08-03,22.4,22.84,21.01,21.12,70259.5,152257.03
002840.SZ,2022-08-04,21.5,21.56,20.36,20.58,72078.38,150253.82
002840.SZ,2022-08-05,20.96,21.19,20.14,21.18,61414.86,127150.6
002840.SZ,2022-08-08,21.07,21.98,20.76,21.34,58856.07,126517.34
002840.SZ,2022-08-09,21.34,21.45,20.0,20.3,97059.62,199425.44
002840.SZ,2022-08-10,20.61,20.75,19.8,20.41,50616.81,102299.29
002840.SZ,2022-08-11,20.5,20.56,20.01,20.13,38065.4,76915.84
002840.SZ,2022-08-12,19.83,20.36,19.83,20.09,30559.8,61508.83
002840.SZ,2022-08-15,20.1,20.54,19.68,20.02,58226.2,116575.45
002840.SZ,2022-08-16,20.23,22.02,19.89,22.0,157418.68,338608.72
002840.SZ,2022-08-17,21.95,23.1,21.81,22.9,122011.52,274033.49
002840.SZ,2022-08-18,22.89,23.1,21.82,22.25,69124.5,154003.46
002840.SZ,2022-08-19,22.17,23.98,21.9,23.22,130315.93,302485.6
002840.SZ,2022-08-22,23.21,23.9,22.03,22.72,137741.2,315457.65
002840.SZ,2022-08-23,22.58,23.55,22.3,23.07,71030.18,164397.84
002840.SZ,2022-08-24,23.24,23.98,23.0,23.2,90099.2,210522.61
002840.SZ,2022-08-25,23.58,24.49,23.21,24.32,112786.4,271730.38
002840.SZ,2022-08-26,24.2,24.39,23.0,23.8,79443.11,189280.23
002840.SZ,2022-08-29,23.8,24.63,23.0,23.79,78194.98,186734.66
002840.SZ,2022-08-30,23.39,23.93,23.1,23.83,60131.23,141849.5
002840.SZ,2022-08-31,23.83,24.14,22.4,22.48,80071.4,184224.38
002840.SZ,2022-09-01,22.62,22.97,22.1,22.49,44109.6,99623.06
002840.SZ,2022-09-02,22.48,22.8,21.8,22.21,41107.71,91707.0
002840.SZ,2022-09-05,22.22,22.51,21.28,21.93,61483.85,133546.04
002840.SZ,2022-09-06,21.89,22.25,21.44,22.11,41989.2,91969.28
002840.SZ,2022-09-07,22.34,22.34,21.34,21.65,62272.94,134396.17
002840.SZ,2022-09-08,21.55,22.1,20.29,20.58,112715.77,234623.75
002840.SZ,2022-09-09,20.6,20.8,19.95,20.45,60032.18,122622.86
002840.SZ,2022-09-13,20.66,21.46,19.81,21.17,95362.0,198022.9
002840.SZ,2022-09-14,20.8,21.13,20.35,20.58,50476.14,104043.76
002840.SZ,2022-09-15,20.7,20.94,19.79,19.93,55136.2,111585.24
002840.SZ,2022-09-16,20.1,20.29,19.78,19.96,53887.8,108098.11
002840.SZ,2022-09-19,19.96,20.93,19.8,20.79,64788.34,133824.11
002840.SZ,2022-09-20,20.79,21.76,20.62,21.52,62438.89,133117.01
002840.SZ,2022-09-21,21.47,21.48,20.46,20.55,52079.4,108097.07
002840.SZ,2022-09-22,20.27,20.8,20.1,20.28,35292.4,71946.17
002840.SZ,2022-09-23,20.25,20.25,19.0,19.53,78862.75,154745.72
002840.SZ,2022-09-26,19.4,19.72,18.97,19.0,43369.0,83877.5
002840.SZ,2022-09-27,19.36,19.81,19.07,19.69,46188.11,89956.98
002840.SZ,2022-09-28,19.77,19.8,19.11,19.11,35534.2,68879.55
002840.SZ,2022-09-29,19.31,19.79,19.05,19.21,34725.0,67350.71
002840.SZ,2022-09-30,19.2,19.75,19.08,19.5,34332.97,66902.39
002840.SZ,2022-10-10,20.4,21.45,20.0,21.45,138831.11,294391.09
002840.SZ,2022-10-11,20.81,22.62,20.81,22.37,147300.12,325544.91
002840.SZ,2022-10-12,22.4,23.75,22.11,23.7,139310.43,321494.32
002840.SZ,2022-10-13,23.55,24.57,23.2,24.19,102964.36,247660.82
002840.SZ,2022-10-14,24.25,24.55,22.6,22.99,145813.05,338751.66
002840.SZ,2022-10-17,22.7,22.7,21.7,22.36,102420.94,227241.53
002840.SZ,2022-10-18,22.31,23.37,22.13,22.2,114202.33,258604.35
002840.SZ,2022-10-19,21.95,22.6,20.74,20.9,124287.25,264850.99
002840.SZ,2022-10-20,20.78,21.04,19.84,20.04,135066.11,274440.38
002840.SZ,2022-10-21,19.92,20.35,19.46,19.52,115777.82,229899.18
002840.SZ,2022-10-24,19.33,19.37,17.57,17.57,175139.56,313245.44
002840.SZ,2022-10-25,17.01,17.05,15.81,16.1,363412.99,589448.08
002840.SZ,2022-10-26,16.08,16.29,15.24,15.52,347925.28,543851.09
002840.SZ,2022-10-27,15.4,16.05,15.29,15.79,272824.81,428067.69
002840.SZ,2022-10-28,15.51,15.86,15.34,15.6,165757.52,259069.78
002840.SZ,2022-10-31,15.51,15.82,15.09,15.22,171684.6,264491.19
002840.SZ,2022-11-01,15.15,15.78,15.15,15.7,151986.0,237287.87
002840.SZ,2022-11-02,15.56,15.84,15.39,15.6,135387.26,211154.28
002840.SZ,2022-11-03,15.53,15.81,15.4,15.75,101796.49,159363.76
002840.SZ,2022-11-04,15.77,16.7,15.61,16.37,185137.03,300943.59
002840.SZ,2022-11-07,16.26,16.8,16.16,16.31,140998.83,231468.27
002840.SZ,2022-11-08,16.31,16.67,15.81,15.98,138906.12,223673.22
002840.SZ,2022-11-09,15.86,16.03,15.73,15.92,76519.51,121476.5
002840.SZ,2022-11-10,15.75,16.03,15.62,15.96,87073.41,138274.89
002840.SZ,2022-11-11,16.3,16.38,15.65,15.85,137374.69,219361.64
002840.SZ,2022-11-14,15.85,16.18,15.61,15.8,110976.12,176596.21
002840.SZ,2022-11-15,15.94,15.94,15.52,15.8,107774.52,169677.0
002840.SZ,2022-11-16,15.79,15.97,15.51,15.62,95517.52,150085.8
002840.SZ,2022-11-17,15.5,17.18,15.44,17.18,318542.6,531002.75
002840.SZ,2022-11-18,17.2,17.42,16.69,17.05,255468.36,435977.12
002840.SZ,2022-11-21,16.72,17.28,16.6,16.96,156598.38,265879.56
002840.SZ,2022-11-22,16.88,17.56,16.53,16.67,168010.05,286006.32
002840.SZ,2022-11-23,16.6,16.67,16.1,16.45,108524.58,176998.24
002840.SZ,2022-11-24,16.3,17.06,16.3,16.69,103708.81,173369.32
002840.SZ,2022-11-25,16.68,16.87,16.38,16.72,71411.4,118735.1
002840.SZ,2022-11-28,16.43,16.56,16.05,16.36,87224.45,142271.87
002840.SZ,2022-11-29,16.36,16.77,16.3,16.68,91137.91,151081.73
002840.SZ,2022-11-30,16.7,17.35,16.38,16.42,151593.7,254117.95
002840.SZ,2022-12-01,16.6,16.98,16.55,16.75,129064.28,216491.02
002840.SZ,2022-12-02,16.67,17.64,16.64,17.23,231996.72,397210.26
002840.SZ,2022-12-05,17.49,17.55,16.8,17.1,191439.56,327426.13
002840.SZ,2022-12-06,16.88,17.29,16.76,16.95,129775.06,221240.46
002840.SZ,2022-12-07,16.83,17.72,16.83,17.27,220446.13,382139.71
002840.SZ,2022-12-08,17.02,17.27,16.37,16.37,202391.69,336216.58
002840.SZ,2022-12-09,16.13,16.29,15.55,16.25,199265.01,316630.74
002840.SZ,2022-12-12,15.8,16.06,15.66,15.87,136001.13,215582.8
002840.SZ,2022-12-13,15.97,17.46,15.8,17.46,379393.25,646582.52
002840.SZ,2022-12-14,17.78,17.97,17.0,17.34,423893.12,738853.08
002840.SZ,2022-12-15,17.34,18.17,16.81,17.62,329172.22,576340.67
002840.SZ,2022-12-16,17.63,17.63,16.73,16.89,233631.65,398413.41
002840.SZ,2022-12-19,17.0,17.58,16.39,17.08,232692.74,397983.49
002840.SZ,2022-12-20,17.19,17.19,16.28,16.64,180944.22,300328.68
002840.SZ,2022-12-21,16.41,17.78,16.35,17.37,297951.62,514853.62
002840.SZ,2022-12-22,17.4,17.9,17.39,17.45,239297.58,421412.52
002840.SZ,2022-12-23,17.44,17.69,16.95,17.07,144786.6,249837.78
002840.SZ,2022-12-26,17.33,17.56,16.96,17.25,137859.09,236977.04
002840.SZ,2022-12-27,17.13,17.79,17.01,17.53,172061.54,298889.84
002840.SZ,2022-12-28,17.47,17.47,17.0,17.07,121911.09,209387.41
002840.SZ,2022-12-29,16.98,16.99,16.5,16.59,113019.47,188904.22
002840.SZ,2022-12-30,16.57,16.89,16.35,16.89,114712.78,191481.62
002840.SZ,2023-01-03,16.75,17.09,16.4,17.08,139108.26,233151.64
002840.SZ,2023-01-04,16.91,17.54,16.85,16.98,137806.33,236296.16
002840.SZ,2023-01-05,17.01,17.2,16.57,17.2,164171.42,277303.87
002840.SZ,2023-01-06,17.06,17.13,16.8,16.88,86807.83,146973.73
002840.SZ,2023-01-09,16.75,17.17,16.71,17.0,113807.53,193477.76
002840.SZ,2023-01-10,17.0,17.07,16.67,16.74,82616.93,138718.65
002840.SZ,2023-01-11,16.62,17.97,16.6,17.28,207711.89,357518.95
002840.SZ,2023-01-12,17.26,17.46,16.87,16.92,115638.26,197833.12
002840.SZ,2023-01-13,16.91,17.69,16.91,17.22,188448.98,328297.53
002840.SZ,2023-01-16,17.29,18.28,17.23,17.9,234846.65,417532.08
002840.SZ,2023-01-17,18.0,18.2,17.51,17.7,101770.79,179979.01
002840.SZ,2023-01-18,17.78,17.8,17.21,17.49,122983.56,213877.48
002840.SZ,2023-01-19,17.3,17.44,17.23,17.31,68680.16,119072.39
002840.SZ,2023-01-20,17.31,17.47,17.22,17.38,67759.26,117434.65
002840.SZ,2023-01-30,17.35,17.67,17.22,17.5,113329.97,198002.71
002840.SZ,2023-01-31,17.59,17.99,17.51,17.62,143922.25,255139.3
002840.SZ,2023-02-01,17.61,18.83,17.42,18.45,226406.37,411631.99
002840.SZ,2023-02-02,18.85,18.92,18.2,18.8,115783.49,215411.89
002840.SZ,2023-02-03,18.75,19.09,18.4,18.5,73820.04,137761.48
002840.SZ,2023-02-06,18.52,19.42,18.39,19.4,137901.87,262890.42
002840.SZ,2023-02-07,19.2,19.36,18.81,18.98,99249.68,188368.44
002840.SZ,2023-02-08,18.82,19.12,18.63,18.7,71220.28,133956.76
002840.SZ,2023-02-09,18.51,19.02,18.38,18.7,132080.34,245226.08
002840.SZ,2023-02-10,18.62,18.86,18.41,18.55,82169.34,153218.86
002840.SZ,2023-02-13,18.55,18.78,18.04,18.5,120446.87,220422.27
002840.SZ,2023-02-14,18.4,18.64,18.29,18.49,54368.33,100374.04
002840.SZ,2023-02-15,18.47,18.63,18.17,18.21,71842.32,131881.07
002840.SZ,2023-02-16,18.31,18.48,17.77,17.98,81418.82,147891.93
002840.SZ,2023-02-17,17.9,18.2,17.78,17.89,62891.34,112984.56
002840.SZ,2023-02-20,17.95,18.1,17.57,18.0,68118.32,121365.49
002840.SZ,2023-02-21,18.07,18.37,17.93,18.27,67454.95,122674.9
002840.SZ,2023-02-22,18.15,18.66,18.08,18.43,67234.14,123747.19
002840.SZ,2023-02-23,18.47,18.61,18.09,18.16,49511.8,90615.42
002840.SZ,2023-02-24,18.13,18.29,17.83,17.93,55727.2,100333.39
002840.SZ,2023-02-27,17.98,18.11,17.62,17.76,45582.37,81313.22
002840.SZ,2023-02-28,17.7,17.93,17.6,17.75,35910.0,63631.56
002840.SZ,2023-03-01,17.8,17.8,17.27,17.73,78341.36,137180.35
002840.SZ,2023-03-02,17.59,17.67,17.45,17.45,45834.56,80327.19
002840.SZ,2023-03-03,17.49,17.55,17.07,17.08,64993.99,112068.12
002840.SZ,2023-03-06,17.0,17.52,16.92,17.28,62639.25,108133.65
002840.SZ,2023-03-07,17.28,17.78,17.27,17.46,82211.65,144132.92
002840.SZ,2023-03-08,17.4,17.4,16.82,17.13,64291.0,109485.18
002840.SZ,2023-03-09,17.16,17.35,16.9,16.96,35732.84,61142.21
002840.SZ,2023-03-10,16.9,16.9,16.56,16.69,45975.85,76747.18
002840.SZ,2023-03-13,16.6,17.0,16.5,16.99,45604.06,76558.93
002840.SZ,2023-03-14,16.93,18.05,16.84,17.54,113702.22,200167.15
002840.SZ,2023-03-15,17.53,17.96,17.36,17.57,96986.68,171779.21
002840.SZ,2023-03-16,17.5,17.55,16.43,16.59,102946.24,173269.47
002840.SZ,2023-03-17,16.6,17.09,16.58,16.69,73645.65,124102.91
002840.SZ,2023-03-20,16.79,16.88,15.92,16.02,87091.56,140385.88
002840.SZ,2023-03-21,16.06,16.33,15.96,16.14,45612.35,73662.45
002840.SZ,2023-03-22,16.18,16.41,16.02,16.15,47928.31,77499.8
002840.SZ,2023-03-23,16.03,16.26,15.83,16.08,59300.78,94958.61
002840.SZ,2023-03-24,16.0,16.12,15.92,16.0,37193.7,59573.91
002840.SZ,2023-03-27,15.98,17.2,15.88,16.75,124838.13,206506.22
002840.SZ,2023-03-28,16.68,17.18,16.45,16.7,75063.2,126205.78
002840.SZ,2023-03-29,16.65,16.92,16.45,16.71,58501.29,97678.35
002840.SZ,2023-03-30,16.61,17.95,16.61,17.75,180801.75,314904.29
002840.SZ,2023-03-31,18.75,18.75,17.54,18.33,244630.72,451490.44
002840.SZ,2023-04-03,18.2,19.9,18.16,19.7,248014.41,481103.84
002840.SZ,2023-04-04,19.67,20.45,19.4,19.8,205205.71,411036.14
002840.SZ,2023-04-06,19.81,21.08,19.81,20.29,186751.46,381451.14
002840.SZ,2023-04-07,19.95,20.12,19.12,19.59,179781.65,352471.52
002840.SZ,2023-04-10,19.34,19.8,19.13,19.45,97073.62,188627.26
002840.SZ,2023-04-11,19.44,19.58,18.99,19.34,81079.26,156100.97
002840.SZ,2023-04-12,19.2,19.24,18.65,18.95,81162.11,153654.85
002840.SZ,2023-04-13,18.92,19.2,18.56,18.68,83869.37,157277.54
002840.SZ,2023-04-14,18.67,18.82,18.4,18.56,49078.16,91233.98
002840.SZ,2023-04-17,18.8,19.25,18.54,19.04,86782.24,164447.23
002840.SZ,2023-04-18,19.03,19.06,18.55,18.55,54748.9,102702.48
002840.SZ,2023-04-19,18.57,18.96,18.37,18.61,35740.0,66595.17
002840.SZ,2023-04-20,18.35,18.98,18.06,18.65,71193.07,131784.63
002840.SZ,2023-04-21,18.55,18.85,18.22,18.3,44772.58,82973.75
002840.SZ,2023-04-24,18.21,18.45,17.82,18.19,49279.2,89391.42
002840.SZ,2023-04-25,18.18,18.4,17.3,17.66,60248.63,106736.23
002840.SZ,2023-04-26,17.47,18.0,17.44,17.6,48089.14,84841.25
002840.SZ,2023-04-27,17.61,17.65,17.08,17.24,46472.66,80414.68
002840.SZ,2023-04-28,16.97,17.49,16.6,16.65,100891.96,171504.5
002840.SZ,2023-05-04,16.7,17.0,16.45,16.6,61169.56,102431.9
002840.SZ,2023-05-05,16.6,16.61,15.96,16.15,53490.61,86494.34
002840.SZ,2023-05-08,16.32,16.35,16.06,16.18,37405.02,60589.71
002840.SZ,2023-05-09,16.22,16.96,16.01,16.63,77641.26,128576.56
002840.SZ,2023-05-10,16.5,16.72,16.03,16.2,59037.54,96060.45
002840.SZ,2023-05-11,16.13,16.6,16.01,16.21,47403.72,76931.12
002840.SZ,2023-05-12,16.1,16.36,15.91,15.94,48163.01,77305.43
002840.SZ,2023-05-15,16.03,16.08,15.67,15.97,47491.31,75617.22
002840.SZ,2023-05-16,16.01,16.5,15.98,16.11,63259.02,102532.31
002840.SZ,2023-05-17,16.18,16.5,15.95,16.4,46209.6,75089.81
002840.SZ,2023-05-18,16.35,16.92,16.24,16.33,60917.05,100996.28
002840.SZ,2023-05-19,16.33,16.77,15.82,16.68,57968.14,95031.02
002840.SZ,2023-05-22,16.7,16.85,16.4,16.73,32555.4,54201.76
002840.SZ,2023-05-23,16.63,16.88,16.46,16.55,26758.51,44684.06
002840.SZ,2023-05-24,16.46,16.57,16.29,16.38,30800.77,50587.54
002840.SZ,2023-05-25,16.3,16.49,16.13,16.35,20596.8,33577.38
002840.SZ,2023-05-26,16.35,16.4,16.06,16.22,17267.4,27942.96
002840.SZ,2023-05-29,16.16,16.34,15.92,16.0,27166.75,43589.43
002840.SZ,2023-05-30,16.0,16.24,15.88,16.24,27383.89,43950.66
002840.SZ,2023-05-31,16.1,16.4,15.66,15.76,39483.33,62932.37
002840.SZ,2023-06-01,15.75,16.08,15.55,15.83,39000.62,61846.54
002840.SZ,2023-06-02,15.89,16.08,15.8,15.96,35453.99,56460.02
002840.SZ,2023-06-05,15.99,15.99,15.02,15.19,89681.96,137119.62
002840.SZ,2023-06-06,15.24,15.24,14.67,14.69,59308.45,88093.86
002840.SZ,2023-06-07,14.68,14.84,14.4,14.74,48964.89,71320.06
002840.SZ,2023-06-08,14.65,16.04,14.65,15.74,131906.52,205679.08
002840.SZ,2023-06-09,15.58,15.89,15.1,15.89,92361.8,142055.4
002840.SZ,2023-06-12,15.65,15.8,15.4,15.66,70828.84,110476.77
002840.SZ,2023-06-13,15.66,16.01,15.4,15.54,74405.09,116318.92
002840.SZ,2023-06-14,15.44,15.56,15.11,15.17,47317.09,72233.02
002840.SZ,2023-06-15,15.13,15.32,14.94,15.07,38907.0,58627.11
002840.SZ,2023-06-16,15.13,15.48,15.07,15.37,55313.95,84698.92
002840.SZ,2023-06-19,15.27,15.54,15.1,15.14,52493.08,80349.83
002840.SZ,2023-06-20,15.1,15.2,14.83,15.0,54092.33,81256.79
002840.SZ,2023-06-21,14.98,15.11,14.78,14.87,43670.55,65287.62
002840.SZ,2023-06-26,14.95,15.09,14.43,14.88,86190.72,127636.91
002840.SZ,2023-06-27,14.88,15.39,14.72,15.34,74657.83,113282.5
002840.SZ,2023-06-28,15.27,15.46,15.03,15.22,42800.99,65221.26
002840.SZ,2023-06-29,15.24,15.84,15.1,15.6,71516.97,111229.2
002840.SZ,2023-06-30,15.65,15.98,15.55,15.64,58421.1,92017.73
002840.SZ,2023-07-03,15.64,16.2,15.46,16.06,77007.02,121937.92
002840.SZ,2023-07-04,16.06,16.6,15.82,16.33,69084.58,112042.09
002840.SZ,2023-07-05,16.21,16.49,15.88,15.96,42154.0,67590.66
002840.SZ,2023-07-06,15.75,16.85,15.75,16.25,68457.66,111592.9
002840.SZ,2023-07-07,16.24,16.79,15.88,16.6,73563.01,121457.47
002840.SZ,2023-07-10,17.47,17.99,17.06,17.23,147865.74,258701.75
002840.SZ,2023-07-11,17.27,17.65,16.98,17.34,92769.8,160331.0
002840.SZ,2023-07-12,17.43,17.8,17.07,17.57,89598.32,157284.09
002840.SZ,2023-07-13,17.53,17.66,17.27,17.55,69871.32,121972.27
002840.SZ,2023-07-14,17.4,17.91,17.08,17.23,76378.2,133140.26
002840.SZ,2023-07-17,17.2,18.06,17.01,17.99,96434.39,171921.04
002840.SZ,2023-07-18,18.1,18.79,18.0,18.51,116528.15,214384.42
002840.SZ,2023-07-19,18.45,18.6,17.68,18.0,133759.29,242447.41
002840.SZ,2023-07-20,17.79,18.18,17.63,17.86,62938.04,112647.5
002840.SZ,2023-07-21,17.9,18.52,17.82,18.3,63418.4,116264.8
002840.SZ,2023-07-24,18.16,18.45,17.82,18.12,64354.15,116221.71
002840.SZ,2023-07-25,17.68,17.99,16.91,17.54,89760.6,156691.13
002840.SZ,2023-07-26,17.48,17.72,17.06,17.6,51063.9,88897.45
002840.SZ,2023-07-27,17.52,17.85,17.31,17.72,36816.06,65099.1
002840.SZ,2023-07-28,17.66,17.88,17.39,17.72,38318.0,67746.14
002840.SZ,2023-07-31,17.9,18.07,17.0,17.62,83249.02,145507.44
002840.SZ,2023-08-01,17.6,17.8,17.11,17.2,70896.7,122603.95
002840.SZ,2023-08-02,17.22,17.35,17.02,17.17,29470.93,50559.6
002840.SZ,2023-08-03,17.1,17.34,17.01,17.09,33710.0,57723.96
002840.SZ,2023-08-04,16.99,17.28,16.78,16.85,42258.88,71527.69
002840.SZ,2023-08-07,16.85,17.12,16.54,16.82,35700.2,60079.16
002840.SZ,2023-08-08,16.8,17.02,16.45,16.69,28653.8,47710.13
002840.SZ,2023-08-09,16.59,16.65,16.2,16.25,30409.61,49770.19
002840.SZ,2023-08-10,16.29,16.4,16.05,16.13,23015.0,37160.28
002840.SZ,2023-08-11,16.16,16.24,15.63,15.66,63437.83,100261.02
002840.SZ,2023-08-14,15.74,15.79,15.45,15.64,51842.81,80624.62
002840.SZ,2023-08-15,15.64,15.73,15.31,15.51,42400.0,65746.5
002840.SZ,2023-08-16,15.53,15.67,15.38,15.48,31710.03,49189.24
002840.SZ,2023-08-17,15.48,15.49,15.26,15.48,24077.0,37010.06
002840.SZ,2023-08-18,15.4,15.49,15.12,15.17,25487.0,39027.92
002840.SZ,2023-08-21,15.27,15.31,14.97,14.99,23574.0,35607.71
002840.SZ,2023-08-22,15.02,15.13,14.69,14.85,31553.0,47036.48
002840.SZ,2023-08-23,15.07,15.07,14.6,14.64,38657.0,56962.56
002840.SZ,2023-08-24,14.79,15.17,14.57,15.01,41298.88,61685.54
002840.SZ,2023-08-25,15.12,15.59,14.64,14.75,82966.27,125772.11
002840.SZ,2023-08-28,15.23,15.49,14.55,14.58,55445.43,83197.36
002840.SZ,2023-08-29,14.58,14.95,14.48,14.91,34037.29,50291.78
002840.SZ,2023-08-30,14.77,15.02,14.62,14.7,42552.2,62830.08
002840.SZ,2023-08-31,14.7,14.71,14.43,14.51,29547.0,42911.73
002840.SZ,2023-09-01,14.4,14.84,14.4,14.77,35314.66,51963.05
002840.SZ,2023-09-04,14.78,14.94,14.6,14.94,33899.77,50183.87
002840.SZ,2023-09-05,14.9,15.04,14.75,14.8,23905.8,35433.01
002840.SZ,2023-09-06,15.0,15.06,14.2,14.46,96338.92,140073.42
002840.SZ,2023-09-07,14.44,14.71,13.98,14.04,73861.0,105762.31
002840.SZ,2023-09-08,13.92,14.24,13.91,13.97,37534.65,52722.26
002840.SZ,2023-09-11,13.93,14.33,13.81,14.29,63901.53,89839.18
002840.SZ,2023-09-12,14.3,15.13,14.13,14.78,122120.68,180066.58
002840.SZ,2023-09-13,14.71,15.0,14.34,14.66,63769.27,93182.2
002840.SZ,2023-09-14,14.61,14.61,14.16,14.22,36501.27,52248.75
002840.SZ,2023-09-15,14.31,14.51,14.08,14.15,65447.24,93040.33
002840.SZ,2023-09-18,14.15,14.34,14.0,14.3,32252.95,45877.93
002840.SZ,2023-09-19,14.26,14.69,14.23,14.46,47344.25,68557.63
002840.SZ,2023-09-20,14.33,14.9,14.33,14.72,55553.0,81778.82
002840.SZ,2023-09-21,14.6,14.71,14.3,14.4,36789.32,53286.33
002840.SZ,2023-09-22,14.32,14.6,14.18,14.58,30480.0,43965.33
002840.SZ,2023-09-25,14.54,14.77,14.32,14.4,36303.13,52666.56
002840.SZ,2023-09-26,14.26,14.47,14.21,14.35,29774.88,42625.92
002840.SZ,2023-09-27,14.42,14.66,14.24,14.26,41687.81,60061.2
002840.SZ,2023-09-28,14.25,14.47,14.13,14.42,46396.76,66281.55
002840.SZ,2023-10-09,14.4,14.7,13.82,14.56,53744.0,77121.89
002840.SZ,2023-10-10,14.51,14.92,14.45,14.67,48908.0,71875.77
002840.SZ,2023-10-11,14.64,14.76,14.49,14.73,29264.48,42846.63
002840.SZ,2023-10-12,14.73,15.12,14.61,15.07,42985.09,64295.69
002840.SZ,2023-10-13,15.0,15.0,14.54,14.64,46312.76,68226.81
002840.SZ,2023-10-16,14.64,14.83,14.39,14.44,33168.64,48378.16
002840.SZ,2023-10-17,14.44,14.53,14.3,14.49,24768.0,35658.57
002840.SZ,2023-10-18,14.48,14.67,14.19,14.19,26799.77,38552.53
002840.SZ,2023-10-19,14.16,14.58,14.02,14.1,45611.0,65301.9
002840.SZ,2023-10-20,14.1,14.34,14.02,14.23,23752.0,33721.05
002840.SZ,2023-10-23,14.31,15.4,14.23,14.72,82546.66,122928.8
002840.SZ,2023-10-24,14.79,15.65,14.52,15.4,83185.14,125606.14
002840.SZ,2023-10-25,15.3,15.97,15.12,15.79,75483.84,118174.39
002840.SZ,2023-10-26,15.9,16.22,15.65,16.06,68116.69,108506.61
002840.SZ,2023-10-27,16.0,16.94,15.99,16.61,83247.76,137115.47
002840.SZ,2023-10-30,16.5,17.45,16.46,17.38,132691.59,227369.55
002840.SZ,2023-10-31,17.19,17.48,16.7,16.78,77551.5,132013.88
002840.SZ,2023-11-01,16.61,16.8,16.36,16.5,87683.38,144930.34
002840.SZ,2023-11-02,16.42,16.85,16.06,16.2,68010.61,110750.78
002840.SZ,2023-11-03,16.08,16.79,16.0,16.55,96968.5,158697.05
002840.SZ,2023-11-06,16.3,16.6,16.11,16.43,61790.98,100996.59
002840.SZ,2023-11-07,16.34,16.97,16.12,16.64,58258.0,96279.7
002840.SZ,2023-11-08,16.75,16.83,16.29,16.53,46803.17,77218.08
002840.SZ,2023-11-09,16.49,16.68,16.03,16.24,77307.04,125910.56
002840.SZ,2023-11-10,16.18,16.54,16.08,16.3,56369.6,92086.25
002840.SZ,2023-11-13,16.39,16.59,16.04,16.36,64725.25,105565.02
002840.SZ,2023-11-14,16.36,16.85,16.17,16.8,63992.2,106105.94
002840.SZ,2023-11-15,16.79,16.9,16.46,16.75,47651.72,79383.39
002840.SZ,2023-11-16,16.6,16.89,16.58,16.63,33798.4,56584.42
002840.SZ,2023-11-17,16.6,16.85,16.54,16.6,37582.0,62782.65
002840.SZ,2023-11-20,16.55,17.48,16.5,17.28,93350.72,160508.38
002840.SZ,2023-11-21,17.38,17.78,17.2,17.48,92072.48,161342.24
002840.SZ,2023-11-22,17.4,18.2,17.4,17.84,86044.38,153658.8
002840.SZ,2023-11-23,18.06,18.26,17.66,18.19,60869.73,109635.82
002840.SZ,2023-11-24,18.19,19.3,18.01,18.55,90797.65,170204.93
002840.SZ,2023-11-27,18.86,19.45,18.39,18.95,117531.29,221552.21
002840.SZ,2023-11-28,18.98,19.11,18.47,18.61,69693.43,130745.41
002840.SZ,2023-11-29,18.48,18.65,18.22,18.47,68094.65,125575.32
002840.SZ,2023-11-30,18.44,18.94,18.38,18.83,46971.8,87936.53
002840.SZ,2023-12-01,18.9,19.15,18.37,18.69,65932.93,123095.92
002840.SZ,2023-12-04,18.6,19.99,18.4,19.43,100214.15,194064.36
002840.SZ,2023-12-05,19.4,20.22,19.2,19.34,109360.58,215933.83
002840.SZ,2023-12-06,19.33,20.75,19.12,20.4,142271.48,284841.44
002840.SZ,2023-12-07,20.1,21.58,20.1,20.85,131805.87,276287.97
002840.SZ,2023-12-08,20.7,20.9,20.16,20.4,91455.51,187263.54
002840.SZ,2023-12-11,20.3,20.85,19.78,20.7,95625.74,196631.72
002840.SZ,2023-12-12,20.48,20.69,20.07,20.38,56767.6,115679.96
002840.SZ,2023-12-13,20.43,20.43,19.71,19.75,57846.7,115500.46
002840.SZ,2023-12-14,19.75,20.45,19.41,19.95,73101.38,145734.43
002840.SZ,2023-12-15,19.93,20.37,19.6,19.92,57875.43,115700.19
002840.SZ,2023-12-18,20.18,20.77,20.03,20.13,66565.03,135551.44
002840.SZ,2023-12-19,19.95,20.56,19.76,20.2,65952.0,132828.39
002840.SZ,2023-12-20,20.1,20.3,19.77,19.9,60393.02,120859.36
002840.SZ,2023-12-21,19.8,20.06,19.35,19.98,69223.01,136634.83
002840.SZ,2023-12-22,20.12,20.5,19.8,20.01,70891.41,142744.05
002840.SZ,2023-12-25,19.99,20.2,19.6,19.82,56229.18,111692.49
002840.SZ,2023-12-26,19.94,20.1,19.73,19.88,62527.45,124566.31
002840.SZ,2023-12-27,19.89,21.2,19.88,21.02,143076.85,294924.46
002840.SZ,2023-12-28,20.66,21.19,20.4,20.54,66176.1,136865.86
002840.SZ,2023-12-29,20.44,21.32,19.88,20.79,90027.88,185682.73
002840.SZ,2024-01-02,20.5,21.27,20.21,21.05,82247.98,171356.24
002840.SZ,2024-01-03,21.01,21.47,20.41,21.02,76728.98,159845.29
002840.SZ,2024-01-04,20.9,21.02,20.4,20.44,30605.67,63119.62
002840.SZ,2024-01-05,20.44,20.57,19.9,20.11,46404.62,93768.93
002840.SZ,2024-01-08,20.0,20.24,19.6,19.72,51336.63,101612.99
002840.SZ,2024-01-09,19.58,20.16,19.48,19.81,43341.09,85987.67
002840.SZ,2024-01-10,19.71,20.0,18.8,19.75,83024.51,160685.34
002840.SZ,2024-01-11,19.63,21.25,19.55,21.16,127067.3,262847.46
002840.SZ,2024-01-12,21.08,21.46,20.5,20.85,105176.57,219860.57
002840.SZ,2024-01-15,20.89,20.89,19.63,19.86,94427.27,188949.72
002840.SZ,2024-01-16,19.71,20.29,19.61,20.2,64264.91,128593.09
002840.SZ,2024-01-17,20.35,20.41,19.38,19.43,47451.79,93706.71
002840.SZ,2024-01-18,19.2,19.41,18.29,19.0,100753.09,187991.72
002840.SZ,2024-01-19,19.06,19.06,18.3,18.9,58475.35,109118.76
002840.SZ,2024-01-22,18.7,18.76,17.1,17.41,146159.22,261372.07
002840.SZ,2024-01-23,17.28,17.94,17.05,17.3,77277.71,134702.57
002840.SZ,2024-01-24,17.27,17.51,16.7,17.3,57150.23,97938.71
002840.SZ,2024-01-25,17.24,17.5,17.0,17.3,78340.52,135052.0
002840.SZ,2024-01-26,17.3,18.19,17.03,17.9,62852.64,111598.03
002840.SZ,2024-01-29,17.84,18.3,17.47,17.82,67358.02,120387.41
002840.SZ,2024-01-30,17.61,18.36,17.2,17.2,52150.78,92376.62
002840.SZ,2024-01-31,16.98,17.43,16.86,17.11,50212.62,86144.61
002840.SZ,2024-02-01,17.01,18.18,16.2,17.9,107209.23,184242.52
002840.SZ,2024-02-02,17.64,18.94,17.42,18.35,105400.76,192968.02
002840.SZ,2024-02-05,17.91,18.18,16.94,17.0,98660.38,172054.06
002840.SZ,2024-02-06,16.65,17.3,16.51,17.09,110040.34,185887.61
002840.SZ,2024-02-07,16.88,17.9,16.88,17.45,90271.29,158080.46
002840.SZ,2024-02-08,17.11,18.58,17.11,17.9,100202.67,179735.36
002840.SZ,2024-02-19,17.7,18.14,16.51,17.16,128955.43,219737.62
002840.SZ,2024-02-20,16.95,17.64,16.7,17.59,87734.69,151330.31
002840.SZ,2024-02-21,17.36,17.95,17.22,17.4,69765.01,123183.26
002840.SZ,2024-02-22,17.3,17.58,16.88,17.51,78417.5,134894.34
002840.SZ,2024-02-23,17.6,18.08,17.35,18.01,57510.48,102036.81
002840.SZ,2024-02-26,17.95,18.78,17.69,18.5,70831.73,129757.72
002840.SZ,2024-02-27,18.31,19.43,18.23,18.88,68127.95,129118.69
002840.SZ,2024-02-28,18.78,19.06,18.14,18.16,71477.51,132984.87
002840.SZ,2024-02-29,18.17,18.71,18.06,18.36,54943.02,100664.11
002840.SZ,2024-03-01,18.37,18.46,17.35,17.76,91313.99,161781.23
002840.SZ,2024-03-04,17.7,17.76,16.83,17.41,102289.52,176367.63
002840.SZ,2024-03-05,17.19,18.09,17.0,17.83,78375.13,139253.88
002840.SZ,2024-03-06,17.66,17.75,16.98,17.52,79301.4,137450.65
002840.SZ,2024-03-07,17.45,18.11,17.4,17.65,80655.09,143082.1
002840.SZ,2024-03-08,17.58,17.75,17.08,17.26,85863.04,148255.17
002840.SZ,2024-03-11,17.3,17.5,16.94,17.31,106497.17,182948.88
002840.SZ,2024-03-12,17.28,17.38,16.7,17.02,98804.85,167736.72
002840.SZ,2024-03-13,16.87,16.97,16.35,16.47,100298.2,165939.93
002840.SZ,2024-03-14,16.4,16.66,16.39,16.6,60492.03,99843.71
002840.SZ,2024-03-15,16.61,17.0,16.55,16.81,81476.31,136829.43
002840.SZ,2024-03-18,16.79,17.2,16.27,17.16,127199.26,212510.69
002840.SZ,2024-03-19,17.6,18.51,17.48,18.3,161399.87,291532.48
002840.SZ,2024-03-20,18.0,19.0,17.88,18.86,142092.82,265891.39
002840.SZ,2024-03-21,18.9,20.75,18.68,20.71,252878.03,513132.04
002840.SZ,2024-03-22,20.8,20.8,19.83,20.0,149818.64,301823.42
002840.SZ,2024-03-25,19.63,20.05,19.32,19.43,94116.35,185391.91
002840.SZ,2024-03-26,19.44,20.5,18.94,19.21,114599.2,224036.91
002840.SZ,2024-03-27,19.23,19.87,18.98,19.36,117439.1,228799.54
002840.SZ,2024-03-28,19.33,19.69,19.13,19.26,87637.2,169898.72
002840.SZ,2024-03-29,19.19,21.19,19.03,21.19,187643.46,385171.44
002840.SZ,2024-04-01,21.19,22.18,20.78,22.09,144278.3,312919.27
002840.SZ,2024-04-02,22.0,22.16,21.43,21.82,100466.97,218204.83
002840.SZ,2024-04-03,21.73,23.58,21.71,22.6,193534.87,441514.51
002840.SZ,2024-04-08,23.25,23.49,22.08,22.12,109549.39,246395.2
002840.SZ,2024-04-09,21.89,22.24,21.51,22.1,115302.69,251790.32
002840.SZ,2024-04-10,22.04,22.42,21.33,21.77,98804.48,215370.42
002840.SZ,2024-04-11,21.67,21.96,21.11,21.29,72267.22,154486.09
002840.SZ,2024-04-12,21.15,21.45,20.84,21.09,72044.24,151970.15
002840.SZ,2024-04-15,21.05,21.44,20.25,21.44,94603.14,198285.37
002840.SZ,2024-04-16,20.91,21.67,20.8,20.98,77190.78,163903.31
002840.SZ,2024-04-17,20.94,21.36,20.74,21.05,70034.74,147156.49
002840.SZ,2024-04-18,20.88,21.5,20.4,20.85,116214.75,243702.23
002840.SZ,2024-04-19,20.65,21.15,20.5,20.88,58221.99,121255.48
002840.SZ,2024-04-22,20.81,22.4,20.81,21.6,130513.93,285394.76
002840.SZ,2024-04-23,21.28,21.95,20.83,21.41,81587.67,175235.63
002840.SZ,2024-04-24,21.3,21.38,20.65,21.15,85094.8,178484.91
002840.SZ,2024-04-25,21.09,21.2,20.56,21.07,79430.88,166460.58
002840.SZ,2024-04-26,21.08,21.52,20.76,21.25,77200.99,162644.61
002840.SZ,2024-04-29,20.92,21.46,20.72,21.15,84479.03,178125.92
002840.SZ,2024-04-30,20.81,22.08,20.77,21.49,73529.13,157960.34
002840.SZ,2024-05-06,21.37,21.79,20.8,21.53,127297.09,271578.63
002840.SZ,2024-05-07,21.4,21.52,20.98,21.29,77287.42,164212.16
002840.SZ,2024-05-08,21.2,23.42,21.08,23.42,128574.55,289950.38
002840.SZ,2024-05-09,23.3,23.58,22.68,23.28,162389.78,374276.3
002840.SZ,2024-05-10,23.18,24.27,23.05,23.48,109693.97,258979.9
002840.SZ,2024-05-13,23.46,24.65,23.23,23.48,179439.08,429180.98
002840.SZ,2024-05-14,23.13,24.55,23.02,24.08,148322.1,356022.14
002840.SZ,2024-05-15,24.0,24.54,23.19,23.3,110582.78,260836.32
002840.SZ,2024-05-16,23.36,23.81,22.95,23.05,78604.06,183549.02
002840.SZ,2024-05-17,23.05,23.78,22.6,22.84,92871.91,213759.95
002840.SZ,2024-05-20,23.0,24.3,22.75,23.6,122895.05,289255.95
002840.SZ,2024-05-21,23.25,24.2,23.21,23.61,90323.2,214150.92
002840.SZ,2024-05-22,23.58,23.84,22.8,23.29,94914.0,219660.77
002840.SZ,2024-05-23,23.28,23.48,22.34,22.5,102416.45,231931.49
002840.SZ,2024-05-24,22.49,23.1,22.23,22.8,92971.0,212054.67
002840.SZ,2024-05-27,22.8,22.89,22.0,22.45,71175.48,158707.99
002840.SZ,2024-05-28,22.26,22.55,21.68,22.32,64760.4,143817.39
002840.SZ,2024-05-29,22.33,22.71,21.97,22.37,56404.0,125937.39
002840.SZ,2024-05-30,22.57,22.6,21.68,21.78,45121.23,99512.95
002840.SZ,2024-05-31,21.78,21.85,21.37,21.49,48556.19,104531.35
002840.SZ,2024-06-03,21.7,22.88,21.64,22.17,106042.8,234625.63
002840.SZ,2024-06-04,21.82,21.99,21.21,21.49,88947.6,191091.55
002840.SZ,2024-06-05,21.13,21.47,21.0,21.24,47585.19,101057.9
002840.SZ,2024-06-06,21.24,21.38,20.58,20.71,42948.19,89421.55
002840.SZ,2024-06-07,20.71,21.22,20.55,20.84,41138.0,85783.54
002840.SZ,2024-06-11,20.59,21.19,20.55,21.08,32787.0,68399.62
002840.SZ,2024-06-12,21.09,21.38,20.64,20.67,33380.0,70092.73
002840.SZ,2024-06-13,20.5,20.66,18.6,19.11,178963.37,344189.55
002840.SZ,2024-06-14,19.06,19.13,18.66,18.98,83587.0,158005.6
002840.SZ,2024-06-17,18.99,18.99,18.46,18.65,83916.12,156395.22
002840.SZ,2024-06-18,18.99,19.16,18.2,18.25,78943.76,144932.19
002840.SZ,2024-06-19,18.32,18.32,17.89,17.92,53851.1,97094.95
002840.SZ,2024-06-20,17.86,17.9,17.4,17.48,86640.1,152417.12
002840.SZ,2024-06-21,17.42,17.85,17.2,17.5,52188.07,91578.64
002840.SZ,2024-06-24,17.5,17.6,16.48,16.55,130865.07,219048.8
002840.SZ,2024-06-25,16.58,16.74,16.25,16.37,57874.25,95226.66
002840.SZ,2024-06-26,16.27,16.5,15.9,16.15,101962.89,164083.11
002840.SZ,2024-06-27,16.21,16.8,15.94,16.57,109495.69,180729.58
002840.SZ,2024-06-28,16.57,17.09,16.4,16.59,93372.21,155893.72
002840.SZ,2024-07-01,16.5,17.86,16.5,17.77,107187.55,186576.94
002840.SZ,2024-07-02,17.77,18.2,17.45,17.71,91042.08,162138.46
002840.SZ,2024-07-03,17.8,17.93,16.93,17.12,76226.93,131359.62
002840.SZ,2024-07-04,17.17,17.26,16.56,16.78,71803.69,120691.3
002840.SZ,2024-07-05,16.63,16.92,16.41,16.92,46976.61,78422.09
002840.SZ,2024-07-08,17.0,17.08,16.62,16.75,44137.93,74279.02
002840.SZ,2024-07-09,16.58,16.67,15.57,15.87,104519.83,166267.94
002840.SZ,2024-07-10,15.74,15.9,15.41,15.69,82947.46,130261.23
002840.SZ,2024-07-11,15.78,16.08,14.91,15.12,160254.68,243064.5
002840.SZ,2024-07-12,15.12,15.35,14.93,15.0,109767.37,165826.7
002840.SZ,2024-07-15,15.13,15.79,15.02,15.4,119097.97,183594.16
002840.SZ,2024-07-16,15.3,15.85,15.18,15.6,129101.62,199705.17
002840.SZ,2024-07-17,15.67,15.77,15.26,15.63,65284.33,101710.83
002840.SZ,2024-07-18,15.48,15.93,15.37,15.5,61409.97,95658.28
002840.SZ,2024-07-19,15.49,15.5,15.07,15.15,77868.0,119050.36
002840.SZ,2024-07-22,15.12,15.13,14.73,14.8,73154.03,108607.44
002840.SZ,2024-07-23,14.74,14.95,14.28,14.28,53922.86,78436.17
002840.SZ,2024-07-24,14.3,14.31,13.3,13.4,117231.13,160498.04
002840.SZ,2024-07-25,13.42,13.48,12.71,13.44,164176.44,215617.58
002840.SZ,2024-07-26,13.48,13.81,13.18,13.35,85782.94,115245.09
002840.SZ,2024-07-29,13.33,13.39,12.65,13.33,202196.11,262151.25
002840.SZ,2024-07-30,13.25,13.73,13.13,13.41,103086.74,139183.2
002840.SZ,2024-07-31,13.42,14.15,13.19,13.98,128390.53,176221.29
002840.SZ,2024-08-01,14.0,14.45,13.8,14.14,93596.4,132978.99
002840.SZ,2024-08-02,14.0,15.06,13.83,14.55,146328.99,214911.82
002840.SZ,2024-08-05,14.72,15.19,14.15,14.23,160310.86,233064.37
002840.SZ,2024-08-06,14.33,14.65,14.03,14.28,91160.92,130501.11
002840.SZ,2024-08-07,14.27,14.28,13.61,13.73,124667.53,172166.55
002840.SZ,2024-08-08,13.61,13.81,13.42,13.69,98380.64,134012.34
002840.SZ,2024-08-09,13.73,13.79,13.26,13.31,66083.61,89081.11
002840.SZ,2024-08-12,13.55,13.8,13.18,13.48,104969.09,141317.63
002840.SZ,2024-08-13,13.56,14.31,13.42,13.61,121115.76,167021.46
002840.SZ,2024-08-14,13.77,13.88,13.06,13.17,87272.68,115768.82
002840.SZ,2024-08-15,13.11,13.57,13.11,13.15,76797.74,102167.14
002840.SZ,2024-08-16,13.16,13.17,12.36,12.36,188522.69,237068.85
002840.SZ,2024-08-19,12.25,12.31,11.99,12.03,168792.19,204797.93
002840.SZ,2024-08-20,12.12,12.21,11.53,11.74,126559.28,149026.1
002840.SZ,2024-08-21,11.74,11.83,11.55,11.57,76893.33,89771.75
002840.SZ,2024-08-22,11.49,11.69,11.29,11.35,82589.28,94216.63
002840.SZ,2024-08-23,11.3,11.71,11.29,11.32,74735.1,85482.49
002840.SZ,2024-08-26,11.23,11.49,11.13,11.45,74879.81,85197.82
002840.SZ,2024-08-27,11.39,11.48,11.04,11.24,95406.0,106804.53
002840.SZ,2024-08-28,11.12,11.34,11.01,11.19,78873.93,88521.87
002840.SZ,2024-08-29,11.34,11.61,11.07,11.38,126283.0,143040.01
002840.SZ,2024-08-30,11.4,11.66,11.13,11.4,135380.19,154583.43
002840.SZ,2024-09-02,11.41,11.49,10.95,10.97,121201.81,135388.7
002840.SZ,2024-09-03,10.94,11.23,10.86,11.13,85638.42,95056.46
002840.SZ,2024-09-04,11.26,11.26,10.95,11.0,89563.76,98936.21
002840.SZ,2024-09-05,11.01,11.25,10.92,11.19,75417.44,84044.57
002840.SZ,2024-09-06,11.18,11.2,10.77,10.78,84709.93,92603.32
002840.SZ,2024-09-09,10.75,10.81,10.61,10.78,58372.51,62660.52
002840.SZ,2024-09-10,10.79,10.85,10.5,10.68,71421.25,75927.51
002840.SZ,2024-09-11,10.67,10.7,10.44,10.53,87882.45,92715.73
002840.SZ,2024-09-12,10.57,10.66,10.3,10.32,78787.93,82440.88
002840.SZ,2024-09-13,10.36,10.39,10.06,10.08,100781.46,102542.96
002840.SZ,2024-09-18,10.08,10.13,9.68,9.9,122663.91,120586.13
002840.SZ,2024-09-19,9.93,10.35,9.91,10.16,99748.24,101206.04
002840.SZ,2024-09-20,10.16,10.18,9.88,9.98,68013.65,67789.94
002840.SZ,2024-09-23,9.97,10.12,9.86,9.89,52704.13,52415.11
002840.SZ,2024-09-24,9.9,10.62,9.9,10.6,118933.64,122544.35
002840.SZ,2024-09-25,10.83,11.07,10.51,10.54,156067.43,169356.1
002840.SZ,2024-09-26,10.54,11.49,10.5,11.45,167731.91,184941.76
002840.SZ,2024-09-27,11.79,12.28,11.52,12.03,212913.6,252251.68
002840.SZ,2024-09-30,12.5,13.18,12.01,13.18,278223.19,353573.75
002840.SZ,2024-10-08,14.49,14.49,12.33,13.12,430924.21,574959.62
002840.SZ,2024-10-09,12.8,12.86,11.84,11.93,244103.07,298356.29
002840.SZ,2024-10-10,12.05,12.87,12.05,12.19,253662.09,315665.64
002840.SZ,2024-10-11,12.11,12.11,11.35,11.5,159925.41,185672.04
002840.SZ,2024-10-14,11.5,11.92,11.35,11.66,207415.68,241513.98
002840.SZ,2024-10-15,11.6,11.72,11.3,11.32,155264.67,178636.72
002840.SZ,2024-10-16,11.2,12.22,11.13,11.66,212389.44,247296.98
002840.SZ,2024-10-17,11.75,11.83,11.33,11.33,123852.56,142539.43
002840.SZ,2024-10-18,11.37,11.75,11.25,11.5,154375.41,176805.25
002840.SZ,2024-10-21,11.64,12.0,11.56,11.75,229485.16,269651.47
002840.SZ,2024-10-22,11.75,11.87,11.48,11.8,140314.81,164160.1
002840.SZ,2024-10-23,11.89,11.98,11.62,11.67,160682.6,189161.74
002840.SZ,2024-10-24,11.58,11.76,11.44,11.46,125851.55,145583.46
002840.SZ,2024-10-25,11.47,11.74,11.44,11.59,191219.22,221518.28
002840.SZ,2024-10-28,11.53,11.87,11.53,11.86,213866.49,251767.18
002840.SZ,2024-10-29,11.91,12.0,11.16,11.18,297028.39,338518.59
002840.SZ,2024-10-30,11.23,11.38,10.98,11.27,172498.02,193259.86
002840.SZ,2024-10-31,11.41,11.86,11.29,11.41,325497.75,377562.32
002840.SZ,2024-11-01,11.38,11.85,11.03,11.03,320684.32,362863.97
002840.SZ,2024-11-04,11.1,11.45,10.96,11.3,242719.06,272123.72
002840.SZ,2024-11-05,11.25,11.34,11.11,11.34,311203.83,349161.01
002840.SZ,2024-11-06,11.28,11.85,11.1,11.78,481706.6,555198.91
002840.SZ,2024-11-07,11.67,12.37,11.63,12.37,620406.62,755103.73
002840.SZ,2024-11-08,12.58,12.64,12.12,12.15,495308.57,607676.07
002840.SZ,2024-11-11,12.05,13.3,11.96,13.16,635316.59,816308.19
002840.SZ,2024-11-12,13.04,13.5,12.9,12.92,509027.79,667491.77
002840.SZ,2024-11-13,12.91,13.02,12.43,12.89,337729.64,429665.61
002840.SZ,2024-11-14,12.85,12.9,12.38,12.4,222760.22,280805.36
002840.SZ,2024-11-15,12.4,12.64,12.16,12.19,199642.8,247910.71
002840.SZ,2024-11-18,12.23,12.34,11.51,11.63,242137.86,288140.84
002840.SZ,2024-11-19,11.55,11.88,11.45,11.87,186186.64,216243.88
002840.SZ,2024-11-20,11.75,11.92,11.68,11.83,161534.7,190377.85
002840.SZ,2024-11-21,12.3,13.01,12.0,13.01,579411.42,741587.44
002840.SZ,2024-11-22,13.14,13.77,12.72,12.74,789103.32,1044103.93
002840.SZ,2024-11-25,12.72,13.0,12.41,12.66,410231.79,520188.99
002840.SZ,2024-11-26,12.6,12.92,12.35,12.41,331393.01,417394.81
002840.SZ,2024-11-27,12.4,13.24,12.16,13.08,545189.67,700279.64
002840.SZ,2024-11-28,12.93,13.85,12.87,13.57,678598.26,913018.91
002840.SZ,2024-11-29,13.59,13.77,13.2,13.42,471786.05,633592.95
002840.SZ,2024-12-02,13.41,14.26,13.31,14.25,681535.18,935364.35
002840.SZ,2024-12-03,14.03,14.17,13.7,13.82,484790.43,674156.66
002840.SZ,2024-12-04,13.7,14.0,13.38,13.46,389464.9,531528.32
002840.SZ,2024-12-05,13.35,13.58,13.21,13.5,231599.65,310640.94
002840.SZ,2024-12-06,13.41,13.74,13.36,13.64,268457.35,364804.14
002840.SZ,2024-12-09,13.51,13.55,13.11,13.19,298315.19,396565.64
002840.SZ,2024-12-10,13.57,13.77,13.38,13.49,371415.1,505184.91
002840.SZ,2024-12-11,13.42,13.83,13.42,13.57,259026.22,353081.21
002840.SZ,2024-12-12,13.66,14.8,13.48,14.46,703014.48,1001063.35
002840.SZ,2024-12-13,14.35,14.68,14.25,14.29,521935.64,754919.95
002840.SZ,2024-12-16,14.29,14.45,13.94,14.11,297730.82,420297.51
002840.SZ,2024-12-17,14.09,14.66,13.78,14.18,387783.2,552033.29
002840.SZ,2024-12-18,14.18,14.21,13.61,13.73,294789.7,406604.84
002840.SZ,2024-12-19,13.57,13.58,13.11,13.26,246059.48,327158.92
002840.SZ,2024-12-20,13.33,13.69,13.32,13.44,177216.37,239335.45
002840.SZ,2024-12-23,13.49,13.55,12.74,12.85,212718.19,277605.63
002840.SZ,2024-12-24,12.78,13.22,12.78,12.96,118988.23,153969.67
002840.SZ,2024-12-25,12.88,13.4,12.55,13.3,222912.26,288755.68
002840.SZ,2024-12-26,13.08,13.45,13.08,13.19,159628.41,211901.75
002840.SZ,2024-12-27,13.17,13.52,13.06,13.46,176490.19,235480.85
002840.SZ,2024-12-30,13.46,13.51,13.0,13.02,144089.72,190761.81
002840.SZ,2024-12-31,12.99,13.12,12.61,12.61,140474.04,179800.12
002840.SZ,2025-01-02,12.54,12.76,11.9,12.0,194849.01,239822.3
002840.SZ,2025-01-03,12.0,12.07,11.17,11.21,209197.73,241064.36
002840.SZ,2025-01-06,11.22,11.49,10.88,11.14,136249.48,152246.11
002840.SZ,2025-01-07,11.14,11.35,11.07,11.35,96746.22,108438.38
002840.SZ,2025-01-08,11.24,11.4,10.87,11.18,121566.42,135303.14
002840.SZ,2025-01-09,11.1,11.45,11.1,11.18,105232.92,118580.8
002840.SZ,2025-01-10,11.18,11.22,10.61,10.61,121234.62,132171.42
002840.SZ,2025-01-13,10.42,11.03,10.39,11.02,154857.73,167271.74
002840.SZ,2025-01-14,11.02,11.33,10.95,11.33,154031.08,171875.73
002840.SZ,2025-01-15,11.34,11.57,11.26,11.29,115511.4,131445.5
002840.SZ,2025-01-16,11.33,11.53,11.17,11.33,112879.23,128077.95
002840.SZ,2025-01-17,11.29,11.33,11.12,11.26,74098.23,83256.66
002840.SZ,2025-01-20,11.35,11.48,11.3,11.33,82891.26,94281.14
002840.SZ,2025-01-21,11.4,11.48,11.16,11.3,66958.13,75388.79
002840.SZ,2025-01-22,11.28,11.3,10.98,11.04,84853.58,94335.4
002840.SZ,2025-01-23,11.17,11.67,11.09,11.41,175310.46,198161.74
002840.SZ,2025-01-24,11.28,11.5,11.23,11.36,104739.97,118886.97
002840.SZ,2025-01-27,11.47,11.69,11.39,11.49,115447.37,133121.38
002840.SZ,2025-02-05,11.49,11.65,11.36,11.4,94346.74,108287.66
002840.SZ,2025-02-06,11.4,11.4,11.05,11.3,132622.13,148759.71
002840.SZ,2025-02-07,11.29,11.51,11.21,11.36,157111.78,178347.97
002840.SZ,2025-02-10,11.4,11.53,11.36,11.53,125015.88,143235.06
002840.SZ,2025-02-11,11.57,11.65,11.24,11.32,123336.48,139870.49
002840.SZ,2025-02-12,11.24,11.31,11.04,11.18,137852.32,153815.57
002840.SZ,2025-02-13,11.18,11.53,11.15,11.35,287897.65,327622.92
002840.SZ,2025-02-14,11.3,11.39,11.15,11.21,152528.8,171359.61
002840.SZ,2025-02-17,11.15,11.21,10.99,11.1,155764.61,172495.37
002840.SZ,2025-02-18,11.12,11.15,10.8,10.94,166893.43,182592.08
002840.SZ,2025-02-19,10.83,11.15,10.75,11.13,168481.98,185528.81
002840.SZ,2025-02-20,11.11,11.12,10.96,11.04,110362.28,121656.72
002840.SZ,2025-02-21,11.05,11.17,10.94,11.0,113154.13,124563.92
002840.SZ,2025-02-24,11.07,11.2,11.01,11.05,121041.03,134224.18
002840.SZ,2025-02-25,11.0,11.05,10.83,10.86,122294.15,133542.42
002840.SZ,2025-02-26,10.86,10.94,10.74,10.91,125898.02,136227.06
002840.SZ,2025-02-27,10.94,11.08,10.89,11.05,147176.06,161779.64
002840.SZ,2025-02-28,11.01,11.18,10.83,10.86,142209.09,156613.44
002840.SZ,2025-03-03,10.85,11.13,10.79,10.86,133520.15,145970.83
002840.SZ,2025-03-04,10.84,10.91,10.66,10.9,106938.17,115343.05
002840.SZ,2025-03-05,10.89,10.94,10.67,10.73,89598.99,96204.55
002840.SZ,2025-03-06,10.69,10.77,10.62,10.74,87328.59,93530.42
002840.SZ,2025-03-07,10.73,10.99,10.62,10.76,118423.06,127550.46
002840.SZ,2025-03-10,10.98,11.56,10.96,11.36,378421.4,428816.04
002840.SZ,2025-03-11,11.2,11.8,11.2,11.67,407636.95,473471.01
002840.SZ,2025-03-12,11.64,11.84,11.36,11.37,273136.94,313831.2
002840.SZ,2025-03-13,11.37,11.51,11.2,11.32,171585.28,194595.72
002840.SZ,2025-03-14,11.29,11.41,11.22,11.37,161142.7,182661.43
002840.SZ,2025-03-17,11.47,11.57,11.37,11.39,174839.59,200210.28
002840.SZ,2025-03-18,11.37,11.4,11.23,11.34,112948.44,127474.88
002840.SZ,2025-03-19,11.32,11.32,11.21,11.23,79342.0,89246.27
002840.SZ,2025-03-20,11.28,11.34,11.17,11.19,120453.08,135374.17
002840.SZ,2025-03-21,11.13,11.26,11.02,11.06,106651.36,118623.68
002840.SZ,2025-03-24,10.97,11.06,10.76,10.93,115039.37,125333.28
002840.SZ,2025-03-25,10.89,11.03,10.8,11.02,93059.19,101620.72
002840.SZ,2025-03-26,10.98,11.37,10.94,11.24,195131.51,218844.48
002840.SZ,2025-03-27,11.2,11.32,11.11,11.23,106148.66,118960.42
002840.SZ,2025-03-28,11.27,11.34,11.12,11.24,121856.65,137114.78
002840.SZ,2025-03-31,11.19,11.55,11.11,11.22,146812.9,166191.48
002840.SZ,2025-04-01,11.22,11.59,11.19,11.44,190150.58,217523.66
002840.SZ,2025-04-02,11.46,11.53,11.25,11.27,139612.83,158454.59
002840.SZ,2025-04-03,11.16,11.45,11.16,11.37,141158.4,159901.91
002840.SZ,2025-04-07,11.2,11.6,10.23,10.23,343148.8,374662.57
002840.SZ,2025-04-08,10.24,11.24,10.23,11.08,343742.4,368517.99
002840.SZ,2025-04-09,11.35,11.8,10.99,11.74,493660.13,565054.77
002840.SZ,2025-04-10,11.4,11.85,11.22,11.75,471305.18,547929.72
002840.SZ,2025-04-11,12.0,12.0,11.42,11.49,265709.43,307843.99
002840.SZ,2025-04-14,11.48,11.63,11.43,11.56,181736.72,209668.43
002840.SZ,2025-04-15,11.55,11.76,11.36,11.59,190612.8,220065.54
002840.SZ,2025-04-16,11.5,11.53,11.04,11.23,180356.15,203209.54
002840.SZ,2025-04-17,11.15,11.29,11.03,11.15,122239.96,136758.09
002840.SZ,2025-04-18,11.12,11.2,10.9,10.91,121997.75,134011.5
002840.SZ,2025-04-21,10.92,11.01,10.82,10.97,90403.0,98878.77
002840.SZ,2025-04-22,10.94,11.07,10.87,10.96,93647.6,102737.1
002840.SZ,2025-04-23,10.97,11.04,10.83,10.86,103548.33,112739.41
002840.SZ,2025-04-24,10.89,11.14,10.86,10.91,132415.0,145543.99
002840.SZ,2025-04-25,10.84,10.95,10.68,10.89,99378.86,107670.65
002840.SZ,2025-04-28,10.83,10.87,10.52,10.62,119102.93,126935.81
002840.SZ,2025-04-29,10.56,10.67,10.48,10.63,61043.99,64868.8
002840.SZ,2025-04-30,10.9,10.93,10.69,10.72,108845.16,117548.86
002840.SZ,2025-05-06,10.74,10.8,10.68,10.79,91561.43,98449.85
002840.SZ,2025-05-07,10.86,10.98,10.78,10.82,98367.8,106842.61
002840.SZ,2025-05-08,10.8,10.85,10.72,10.83,77439.8,83645.06
002840.SZ,2025-05-09,10.82,10.83,10.7,10.71,75681.99,81251.77
002840.SZ,2025-05-12,10.77,10.77,10.66,10.73,66776.04,71501.72
002840.SZ,2025-05-13,10.74,10.79,10.67,10.7,64069.13,68707.74
002840.SZ,2025-05-14,10.68,10.74,10.63,10.73,62825.0,67180.04
002840.SZ,2025-05-15,10.69,10.8,10.67,10.68,64939.0,69672.9
002840.SZ,2025-05-16,10.62,10.63,10.52,10.58,64068.15,67692.25
002840.SZ,2025-05-19,10.59,10.64,10.55,10.56,55950.66,59193.31
002840.SZ,2025-05-20,10.56,10.8,10.48,10.77,125432.8,134230.03
002840.SZ,2025-05-21,10.75,10.76,10.67,10.69,61991.58,66291.5
002840.SZ,2025-05-22,10.66,10.68,10.51,10.51,62937.0,66577.31
002840.SZ,2025-05-23,10.51,10.58,10.33,10.35,70302.57,73480.06
002840.SZ,2025-05-26,10.34,10.39,10.3,10.39,53577.0,55459.47
002840.SZ,2025-05-27,10.39,10.44,10.36,10.41,39172.0,40764.84
002840.SZ,2025-05-28,10.41,10.41,10.28,10.28,47622.0,49177.28
002840.SZ,2025-05-29,10.27,10.42,10.26,10.4,56191.97,58195.22
002840.SZ,2025-05-30,10.51,11.2,10.45,10.93,356783.49,390288.28
002840.SZ,2025-06-03,10.83,10.95,10.75,10.9,167647.61,181771.45
002840.SZ,2025-06-04,10.8,10.87,10.77,10.85,90755.53,98178.28
002840.SZ,2025-06-05,10.85,10.86,10.63,10.7,108058.99,115798.22
002840.SZ,2025-06-06,10.66,10.81,10.65,10.71,66995.9,71757.09
002840.SZ,2025-06-09,10.67,10.93,10.66,10.74,98971.75,106542.1
002840.SZ,2025-06-10,10.77,10.77,10.5,10.57,113950.73,121022.99
002840.SZ,2025-06-11,10.58,10.78,10.58,10.76,125511.69,134608.97
002840.SZ,2025-06-12,10.74,10.74,10.57,10.64,101857.48,108117.68
002840.SZ,2025-06-13,10.58,10.62,10.45,10.46,74442.53,78226.92
002840.SZ,2025-06-16,10.42,10.5,10.42,10.47,53652.88,56111.73
002840.SZ,2025-06-17,10.46,10.53,10.45,10.47,44160.43,46303.61
002840.SZ,2025-06-18,10.48,10.52,10.38,10.45,43526.48,45392.05
002840.SZ,2025-06-19,10.46,10.46,10.29,10.33,53982.42,55932.13
002840.SZ,2025-06-20,10.35,10.39,10.28,10.3,49574.2,51196.12
002840.SZ,2025-06-23,10.3,10.36,10.1,10.33,57635.43,59034.55
002840.SZ,2025-06-24,10.31,10.43,10.28,10.43,69582.49,72282.78
002840.SZ,2025-06-25,10.49,10.49,10.36,10.46,66903.26,69725.11
002840.SZ,2025-06-26,10.44,10.46,10.39,10.41,55144.72,57467.21
002840.SZ,2025-06-27,10.41,10.47,10.36,10.38,65922.0,68629.63
002840.SZ,2025-06-30,10.4,10.43,10.32,10.41,47224.77,49031.05
002840.SZ,2025-07-01,10.41,10.46,10.37,10.42,61069.47,63643.89
002840.SZ,2025-07-02,10.43,10.51,10.37,10.5,89629.21,93737.04
002840.SZ,2025-07-03,10.52,10.57,10.45,10.48,72342.56,75890.07
002840.SZ,2025-07-04,10.44,10.51,10.38,10.41,74743.77,77910.75
002840.SZ,2025-07-07,10.41,10.43,10.32,10.41,57777.82,59929.71
002840.SZ,2025-07-08,10.41,10.44,10.37,10.44,67704.33,70472.37
002840.SZ,2025-07-09,10.44,10.56,10.42,10.47,113512.44,119159.22
002840.SZ,2025-07-10,10.49,10.59,10.45,10.51,87440.9,91899.34
002840.SZ,2025-07-11,10.52,10.65,10.51,10.55,111775.79,118094.68
002840.SZ,2025-07-14,10.59,10.59,10.46,10.51,69333.14,72820.27
002840.SZ,2025-07-15,10.65,10.68,10.44,10.48,100816.63,106198.14
002840.SZ,2025-07-16,10.49,10.55,10.46,10.53,68087.0,71619.56
002840.SZ,2025-07-17,10.56,10.61,10.49,10.54,65864.4,69371.37
002840.SZ,2025-07-18,10.55,10.55,10.48,10.51,54859.66,57630.72
002840.SZ,2025-07-21,10.5,10.74,10.48,10.72,162001.13,172416.37
002840.SZ,2025-07-22,10.69,10.79,10.62,10.79,138083.41,147837.21
002840.SZ,2025-07-23,11.04,11.1,10.76,10.76,226778.42,247829.43
002840.SZ,2025-07-24,10.75,10.94,10.69,10.92,143603.72,155273.31
002840.SZ,2025-07-25,10.95,11.01,10.79,10.82,110130.0,119773.82
002840.SZ,2025-07-28,10.81,11.01,10.74,10.84,115047.82,124953.12
002840.SZ,2025-07-29,10.82,10.85,10.62,10.68,107067.96,114318.22
002840.SZ,2025-07-30,10.63,10.74,10.56,10.66,101430.56,108163.85
002840.SZ,2025-07-31,10.65,10.66,10.4,10.4,129551.92,136104.93
002840.SZ,2025-08-01,10.38,10.5,10.38,10.47,50706.0,53039.3
002840.SZ,2025-08-04,10.43,10.48,10.35,10.48,58580.18,61105.1
002840.SZ,2025-08-05,10.46,10.57,10.46,10.54,55406.8,58352.11
002840.SZ,2025-08-06,10.54,10.54,10.44,10.52,62202.65,65222.75
002840.SZ,2025-08-07,10.5,10.57,10.49,10.57,69765.0,73458.56
002840.SZ,2025-08-08,10.57,10.59,10.52,10.57,56516.79,59659.73
002840.SZ,2025-08-11,10.61,10.65,10.57,10.63,73166.86,77672.29
002840.SZ,2025-08-12,10.66,10.76,10.65,10.72,116266.52,124510.96
002840.SZ,2025-08-13,10.72,10.75,10.61,10.72,93948.17,100404.54
002840.SZ,2025-08-14,10.74,10.74,10.52,10.55,81111.32,86097.82
002840.SZ,2025-08-15,10.51,10.6,10.5,10.56,73121.76,77110.73
002840.SZ,2025-08-18,10.56,10.66,10.55,10.6,90487.5,96006.61
002840.SZ,2025-08-19,10.61,10.67,10.58,10.62,75654.2,80344.39
002840.SZ,2025-08-20,10.59,10.74,10.56,10.73,100594.39,107140.08
002840.SZ,2025-08-21,10.76,10.85,10.69,10.75,123060.11,132554.94
002840.SZ,2025-08-22,10.75,10.81,10.65,10.75,102543.89,109808.46
002840.SZ,2025-08-25,10.76,10.91,10.69,10.91,136318.82,147211.19
002840.SZ,2025-08-26,10.87,11.47,10.84,11.31,354391.03,396891.96
002840.SZ,2025-08-27,11.27,11.37,11.03,11.04,236410.25,265098.41
002840.SZ,2025-08-28,11.06,11.2,10.68,10.99,174550.33,191001.07
002840.SZ,2025-08-29,10.98,11.12,10.92,10.98,127902.69,140813.74
002840.SZ,2025-09-01,10.98,11.12,10.9,11.04,112614.39,124055.65
002840.SZ,2025-09-02,11.04,11.78,10.88,11.39,348554.41,394995.24
002840.SZ,2025-09-03,11.4,11.48,10.97,11.0,232675.84,260213.15
002840.SZ,2025-09-04,10.97,11.45,10.89,11.3,277736.14,311310.74
002840.SZ,2025-09-05,11.3,11.32,11.16,11.28,190620.73,213968.71
002840.SZ,2025-09-08,11.3,11.58,11.3,11.47,246187.68,282229.17
002840.SZ,2025-09-09,11.43,11.44,11.2,11.25,167394.43,189420.07
002840.SZ,2025-09-10,11.21,11.28,11.1,11.24,107898.14,120585.64
002840.SZ,2025-09-11,11.23,11.78,11.21,11.46,238983.92,274874.26
002840.SZ,2025-09-12,11.5,11.92,11.4,11.69,289110.02,336865.62
002840.SZ,2025-09-15,11.85,12.36,11.69,12.26,432475.61,521252.77
002840.SZ,2025-09-16,12.18,12.18,11.86,11.92,312666.18,373420.4
002840.SZ,2025-09-17,11.93,11.96,11.73,11.74,211495.81,249929.86
002840.SZ,2025-09-18,11.75,11.78,11.35,11.47,224370.78,259389.78
002840.SZ,2025-09-19,11.41,11.48,11.23,11.28,142639.9,161218.76
002840.SZ,2025-09-22,11.3,11.35,11.13,11.31,103835.99,116418.16
002840.SZ,2025-09-23,11.23,11.3,11.0,11.19,118127.2,131577.96
002840.SZ,2025-09-24,11.13,11.26,11.1,11.22,77888.23,87236.7
002840.SZ,2025-09-25,11.24,11.32,11.15,11.17,75269.82,84321.32
002840.SZ,2025-09-26,11.16,11.18,10.98,10.99,81053.86,89605.61
002840.SZ,2025-09-29,10.95,10.96,10.72,10.9,106106.68,114964.12
002840.SZ,2025-09-30,10.84,10.99,10.8,10.81,65156.0,70686.34
002840.SZ,2025-10-09,10.8,10.8,10.61,10.74,90288.0,96515.33
002840.SZ,2025-10-10,10.74,10.89,10.7,10.87,82701.0,89615.66
002840.SZ,2025-10-13,10.61,10.78,10.57,10.72,67169.96,71828.45
002840.SZ,2025-10-14,10.73,10.81,10.69,10.76,79204.14,85109.2
002840.SZ,2025-10-15,10.78,10.78,10.67,10.77,53573.39,57553.99
002840.SZ,2025-10-16,10.77,10.83,10.64,10.65,66504.13,71230.18
002840.SZ,2025-10-17,10.65,10.78,10.58,10.65,76329.72,81332.85
002840.SZ,2025-10-20,10.73,10.75,10.54,10.55,69414.1,73621.31
002840.SZ,2025-10-21,10.55,10.63,10.51,10.62,66444.62,70348.1
002840.SZ,2025-10-22,10.62,10.68,10.59,10.64,45387.7,48287.31
002840.SZ,2025-10-23,10.68,10.69,10.56,10.68,52863.53,56167.97
002840.SZ,2025-10-24,10.78,10.85,10.69,10.71,77646.84,83568.41
002840.SZ,2025-10-27,10.71,11.11,10.7,10.92,141938.91,154726.94
002840.SZ,2025-10-28,10.82,11.31,10.8,11.18,237654.93,263347.58
002840.SZ,2025-10-29,11.02,11.15,10.9,10.98,132679.55,145644.25
002840.SZ,2025-10-30,10.94,10.97,10.75,10.77,98677.54,106845.12
002840.SZ,2025-10-31,10.72,10.85,10.72,10.78,70383.94,75995.71
002840.SZ,2025-11-03,10.76,10.86,10.75,10.85,58198.6,62962.13
002840.SZ,2025-11-04,10.81,11.25,10.78,11.05,161119.02,177568.49
002840.SZ,2025-11-05,10.94,11.23,10.85,11.08,157582.74,174939.34
002840.SZ,2025-11-06,11.01,11.57,10.96,11.31,236054.14,264804.49
002840.SZ,2025-11-07,11.18,11.53,11.18,11.3,251244.05,286239.52
002840.SZ,2025-11-10,11.19,11.42,11.07,11.35,179419.08,202429.94
002840.SZ,2025-11-11,11.32,11.43,11.25,11.4,155088.82,176125.6
002840.SZ,2025-11-12,11.36,11.36,11.12,11.14,151295.65,169495.07
002840.SZ,2025-11-13,11.15,11.24,11.03,11.23,106497.96,118862.77
002840.SZ,2025-11-14,11.19,11.55,11.19,11.32,181180.38,206282.42
002840.SZ,2025-11-17,11.65,12.09,11.45,11.85,557369.94,657747.0
002840.SZ,2025-11-18,11.74,11.85,11.2,11.37,382886.05,437403.7
002840.SZ,2025-11-19,11.3,11.58,10.98,11.2,303337.98,339948.01
002840.SZ,2025-11-20,11.15,11.18,10.79,10.84,229905.2,250599.55
002840.SZ,2025-11-21,10.7,10.89,10.45,10.45,174427.17,185849.02
002840.SZ,2025-11-24,10.32,10.35,9.68,9.86,524364.05,517570.8
002840.SZ,2025-11-25,9.79,9.9,9.76,9.88,194823.73,192008.97
002840.SZ,2025-11-26,9.83,9.95,9.81,9.92,145757.74,144092.81
002840.SZ,2025-11-27,9.89,9.95,9.85,9.85,132556.0,131163.58
002840.SZ,2025-11-28,9.85,9.89,9.76,9.89,111200.19,109229.62
002840.SZ,2025-12-01,9.88,9.91,9.82,9.86,115402.6,113820.39
002840.SZ,2025-12-02,9.86,9.87,9.78,9.82,107421.33,105345.2
002840.SZ,2025-12-03,9.81,9.83,9.66,9.66,128365.79,124749.45
002840.SZ,2025-12-04,9.61,9.61,9.35,9.41,153807.6,145055.34
002840.SZ,2025-12-05,9.38,9.54,9.29,9.52,103258.53,97198.18
002840.SZ,2025-12-08,9.49,9.55,9.44,9.54,92028.57,87530.63
002840.SZ,2025-12-09,9.53,9.62,9.5,9.57,88366.48,84445.47
002840.SZ,2025-12-10,9.52,9.64,9.46,9.47,101131.98,96352.13
002840.SZ,2025-12-11,9.48,9.49,9.32,9.36,104878.3,98488.93
002840.SZ,2025-12-12,9.35,9.42,9.32,9.35,67882.89,63662.71
002840.SZ,2025-12-15,9.4,9.56,9.35,9.52,91832.05,87153.95
002840.SZ,2025-12-16,9.49,9.61,9.46,9.58,110122.33,105212.48
002840.SZ,2025-12-17,9.87,9.88,9.64,9.72,180062.57,175327.51
002840.SZ,2025-12-18,9.62,9.69,9.59,9.65,96912.47,93380.2
002840.SZ,2025-12-19,9.62,9.71,9.57,9.69,117009.87,112939.79
002840.SZ,2025-12-22,9.7,9.75,9.65,9.68,88137.75,85370.87
002840.SZ,2025-12-23,9.67,9.67,9.47,9.49,96372.07,91931.99
002840.SZ,2025-12-24,9.49,9.49,9.42,9.48,76859.67,72670.0
002840.SZ,2025-12-25,9.47,9.48,9.38,9.47,83816.21,79102.96
002840.SZ,2025-12-26,9.49,9.49,9.4,9.43,84780.4,80073.76
002840.SZ,2025-12-29,9.45,9.8,9.39,9.64,200925.77,192054.35
002840.SZ,2025-12-30,9.71,9.84,9.53,9.72,210415.84,203859.01
002840.SZ,2025-12-31,9.62,9.67,9.59,9.62,113251.26,109020.51
002840.SZ,2026-01-05,9.6,9.66,9.53,9.65,107937.39,103545.47
002840.SZ,2026-01-06,9.65,9.69,9.61,9.69,116268.01,112310.13
002840.SZ,2026-01-07,9.69,9.7,9.62,9.64,113231.04,109215.53
002840.SZ,2026-01-08,9.63,9.68,9.58,9.66,117365.99,113118.75
002840.SZ,2026-01-09,9.64,9.7,9.64,9.7,121088.42,117119.23
002840.SZ,2026-01-12,9.69,9.81,9.68,9.8,166005.9,162240.51
002840.SZ,2026-01-13,9.82,9.83,9.68,9.71,138250.59,134864.37
002840.SZ,2026-01-14,9.69,9.78,9.56,9.66,163768.65,158591.24
002840.SZ,2026-01-15,9.64,9.66,9.53,9.55,107243.17,102785.98
002840.SZ,2026-01-16,9.55,9.58,9.45,9.46,113052.91,107331.07
002840.SZ,2026-01-19,9.43,9.57,9.42,9.56,80449.43,76619.66
002840.SZ,2026-01-20,9.56,9.73,9.54,9.65,132810.73,127971.29
002840.SZ,2026-01-21,9.63,9.64,9.51,9.58,117298.17,111994.74
002840.SZ,2026-01-22,9.58,9.61,9.54,9.6,94469.4,90510.82
002840.SZ,2026-01-23,9.6,9.66,9.57,9.66,99518.67,95844.55
002840.SZ,2026-01-26,9.68,9.76,9.58,9.76,178140.11,172623.96
002840.SZ,2026-01-27,9.76,9.77,9.5,9.56,179631.25,172125.38
002840.SZ,2026-01-28,9.55,9.78,9.5,9.71,168672.18,162507.97
002840.SZ,2026-01-29,9.65,9.91,9.65,9.84,198028.73,193853.28
002840.SZ,2026-01-30,9.76,10.07,9.76,10.01,321548.33,320336.2
002840.SZ,2026-02-02,9.91,10.09,9.71,9.79,272231.13,269763.04
002840.SZ,2026-02-03,9.8,9.86,9.67,9.78,141654.02,138120.93
002840.SZ,2026-02-04,9.8,9.8,9.67,9.76,109162.65,106090.5
002840.SZ,2026-02-05,9.72,9.82,9.68,9.78,100384.15,97984.05
002840.SZ,2026-02-06,9.74,9.83,9.7,9.77,92413.06,90362.36
002840.SZ,2026-02-09,9.8,9.99,9.77,9.8,100594.26,98855.17
002840.SZ,2026-02-10,9.83,9.84,9.73,9.74,79436.27,77457.01
002840.SZ,2026-02-11,9.71,9.77,9.71,9.72,58686.7,57179.76
002840.SZ,2026-02-12,9.72,9.72,9.61,9.62,90161.71,86925.75
002840.SZ,2026-02-13,9.64,9.84,9.63,9.8,133993.24,130846.73
002840.SZ,2026-02-24,9.82,9.96,9.73,9.86,159436.59,157295.34
002840.SZ,2026-02-25,9.95,9.98,9.83,9.83,128487.82,127109.55
002840.SZ,2026-02-26,9.86,10.03,9.83,10.01,180149.79,179360.1
002840.SZ,2026-02-27,9.98,10.08,9.94,9.99,86319.58,86180.92
002840.SZ,2026-03-02,9.91,10.07,9.83,9.86,143778.22,142451.76
002840.SZ,2026-03-03,9.83,10.04,9.73,9.76,144393.99,142258.78
002840.SZ,2026-03-04,9.77,9.82,9.59,9.63,146981.77,142470.11
002840.SZ,2026-03-05,9.65,9.74,9.47,9.54,150178.26,143230.92
002840.SZ,2026-03-06,9.49,9.98,9.49,9.9,222137.27,218099.93
002840.SZ,2026-03-09,9.95,9.96,9.81,9.86,115730.45,114252.87
002840.SZ,2026-03-10,9.83,9.98,9.82,9.92,103001.88,102228.19
002840.SZ,2026-03-11,9.9,9.98,9.85,9.97,104966.46,104234.93
002840.SZ,2026-03-12,9.99,10.17,9.9,10.13,221751.45,222872.18
002840.SZ,2026-03-13,10.12,10.15,9.91,9.95,143518.99,144298.07
002840.SZ,2026-03-16,9.95,10.17,9.94,10.16,161389.48,162718.67
002840.SZ,2026-03-17,10.14,10.38,10.11,10.2,240301.81,246845.22
002840.SZ,2026-03-18,10.24,10.37,10.14,10.34,172035.53,176581.34
002840.SZ,2026-03-19,10.31,10.96,10.26,10.49,498878.41,530629.21
002840.SZ,2026-03-20,10.51,10.55,10.0,10.02,312629.74,320201.23
002840.SZ,2026-03-23,9.97,10.8,9.9,10.72,737442.1,774255.96
002840.SZ,2026-03-24,11.11,11.2,10.41,10.67,492763.05,527525.52
002840.SZ,2026-03-25,10.67,10.97,10.55,10.8,407215.74,441115.68
002840.SZ,2026-03-26,10.8,11.37,10.73,10.98,497718.7,550784.89
002840.SZ,2026-03-27,10.93,11.52,10.79,11.36,617128.77,695803.9
002840.SZ,2026-03-30,11.2,11.5,11.11,11.41,435526.56,493436.96
002840.SZ,2026-03-31,11.42,11.42,10.72,10.78,471468.54,517088.12
002840.SZ,2026-04-01,11.24,11.25,10.63,11.1,359515.53,396574.73
002840.SZ,2026-04-02,11.15,12.1,11.11,11.54,808304.25,946803.49
002840.SZ,2026-04-03,11.52,11.92,11.52,11.76,555412.19,650720.16
002840.SZ,2026-04-07,11.7,12.94,11.6,12.94,877966.74,1112475.67
002840.SZ,2026-04-08,13.2,13.37,12.45,13.05,1064149.14,1367086.48
002840.SZ,2026-04-09,12.84,13.35,12.73,12.98,561555.43,729287.84
002840.SZ,2026-04-10,12.86,13.05,12.43,12.58,523116.19,664556.71
002840.SZ,2026-04-13,12.69,12.98,12.58,12.76,420243.61,536387.71
002840.SZ,2026-04-14,12.6,12.82,12.33,12.56,405386.82,510712.81
002840.SZ,2026-04-15,12.56,13.82,12.56,13.68,858455.44,1154392.75
002840.SZ,2026-04-16,13.6,13.88,13.13,13.82,583292.59,787861.68
002840.SZ,2026-04-17,13.7,13.95,13.47,13.56,413469.04,566678.15
002840.SZ,2026-04-20,13.65,14.13,13.26,13.49,428350.11,582960.25
002840.SZ,2026-04-21,13.46,13.76,13.31,13.48,306417.75,414480.27
002840.SZ,2026-04-22,13.32,13.6,12.99,13.13,395864.9,524302.76
002840.SZ,2026-04-23,13.06,13.18,12.56,12.63,386638.56,493069.72
002840.SZ,2026-04-24,12.61,12.81,11.9,12.12,431731.24,532012.34
002840.SZ,2026-04-27,11.91,12.25,11.21,11.83,377946.72,447874.04
002840.SZ,2026-04-28,11.79,11.9,11.47,11.77,263266.52,307802.0
002840.SZ,2026-04-29,11.78,12.56,11.69,12.23,365555.58,446096.0
002840.SZ,2026-04-30,12.23,12.95,11.85,12.72,360359.43,453734.86
002840.SZ,2026-05-06,13.0,13.0,12.48,12.85,277403.46,352745.07
002840.SZ,2026-05-07,12.8,12.96,12.62,12.73,171023.4,217905.58
002840.SZ,2026-06-05,8.19,8.3,7.92,8.02,242890.0,195182.94
002840.SZ,2026-06-08,7.86,8.17,7.71,7.78,189515.0,150204.78
002840.SZ,2026-06-09,7.85,7.88,7.66,7.79,169536.0,131025.69
002840.SZ,2026-06-10,7.75,7.86,7.65,7.76,142666.2,110634.82
002840.SZ,2026-06-11,7.75,8.16,7.64,8.05,307635.61,244295.13
002840.SZ,2026-06-12,8.03,8.27,7.88,8.26,259577.39,209410.05
002840.SZ,2026-06-15,8.21,8.5,8.07,8.26,252116.36,207638.71
002840.SZ,2026-06-16,8.26,8.35,8.1,8.18,140788.6,115171.23
002840.SZ,2026-06-17,8.1,8.19,7.9,7.95,141141.72,112602.05
002840.SZ,2026-06-18,7.9,8.15,7.8,8.08,142869.4,114276.36
002840.SZ,2026-06-22,8.16,8.19,7.64,7.83,228279.0,178071179.37
002840.SZ,2026-06-23,7.82,8.09,7.75,7.81,171961.0,136087907.32
002840.SZ,2026-06-24,7.88,7.88,7.39,7.41,194522.0,146673718.96
002840.SZ,2026-06-25,7.38,7.45,7.1,7.2,190548.0,137835325.9
002840.SZ,2026-06-26,7.2,7.44,7.13,7.31,211115.0,153702983.51
002840.SZ,2026-06-29,7.21,7.53,7.03,7.38,212781.0,155822915.74
002840.SZ,2026-06-30,7.3,7.46,7.15,7.29,154582.0,112086385.4
002840.SZ,2026-07-01,7.3,8.02,7.21,8.02,233638.0,179956319.22
002840.SZ,2026-07-03,8.12,8.23,7.75,7.92,239142.24,189733.44
002840.SZ,2026-07-06,8.09,8.38,7.85,8.24,307217.38,250561.86
002840.SZ,2026-07-07,8.24,8.3,7.8,7.91,278386.16,223999.87
002840.SZ,2026-07-08,7.92,7.92,7.5,7.65,209574.07,160569.03
002840.SZ,2026-07-09,7.6,7.82,7.5,7.58,166882.91,127605.52
002840.SZ,2026-07-10,7.58,8.03,7.36,7.85,269886.44,209673.52
002840.SZ,2026-07-13,7.84,7.94,7.49,7.54,271280.59,207962.91
002840.SZ,2026-07-14,7.48,7.6,7.39,7.43,187618.02,139987.9
002840.SZ,2026-07-15,7.39,7.93,7.31,7.76,282801.9,218858.52
002840.SZ,2026-07-16,7.7,8.15,7.68,8.11,308197.3,247726.62
002840.SZ,2026-07-17,8.04,8.15,7.63,7.66,255091.72,200645.42
002840.SZ,2026-07-20,7.66,7.85,7.49,7.63,231169.11,177250.85
002840.SZ,2026-07-21,7.57,7.67,7.2,7.36,302306.34,223877.44
002840.SZ,2026-07-22,7.3,7.56,7.25,7.48,215055.4,159845.89
002840.SZ,2026-07-23,7.45,7.54,7.29,7.49,148138.32,110217.2
002840.SZ,2026-07-24,7.41,7.5,7.08,7.08,215817.0,156156.38
002840.SZ,2026-07-27,7.03,7.28,6.93,7.24,161245.48,116134.86
002840.SZ,2026-07-28,7.24,7.44,7.18,7.36,181741.0,133499.87
002840.SZ,2026-07-29,7.35,7.56,7.32,7.52,157210.0,117290.24
002840.SZ,2026-07-30,7.5,7.75,7.45,7.6,172399.0,131722.94
002840.SZ,2026-07-31,7.48,7.74,7.45,7.69,159410.19,121697.91
002840.SZ,2026-08-03,7.71,8.37,7.71,8.11,340533.37,276569.71
002840.SZ,2026-08-04,8.2,8.23,7.97,8.05,186344.5,150231.55
002840.SZ,2026-08-05,8.02,8.36,8.02,8.33,210150.87,173182.31
002840.SZ,2026-08-06,8.33,8.48,8.1,8.26,193575.0,159704.67
002840.SZ,2026-08-07,8.21,8.29,8.03,8.11,178422.77,145092.81
002840.SZ,2026-08-10,8.17,8.32,8.08,8.23,182837.0,150419.93
002840.SZ,2026-08-11,8.2,8.25,8.08,8.1,124276.28,101372.15
002840.SZ,2026-08-12,8.11,8.27,7.99,8.23,137932.68,112136.74
002840.SZ,2026-08-13,8.22,8.79,8.13,8.54,300438.64,255072.99
002840.SZ,2026-08-14,8.57,8.57,8.14,8.29,208705.59,173360.87
002840.SZ,2026-08-17,8.3,8.85,8.22,8.56,313612.12,269005.55
002840.SZ,2026-08-18,8.53,8.8,8.46,8.69,304807.53,264107.9
002840.SZ,2026-08-19,8.63,8.85,8.07,8.07,299720.89,247556.85
002840.SZ,2026-08-20,8.14,8.36,8.09,8.3,215489.51,177918.07
002840.SZ,2026-08-21,8.23,8.35,8.11,8.25,130592.93,107839.0
002840.SZ,2026-08-24,8.31,8.31,8.0,8.17,174154.34,141092.17
002840.SZ,2026-08-25,8.12,8.38,8.0,8.26,171816.61,141294.77
002840.SZ,2026-08-26,8.22,8.39,8.2,8.27,111992.65,93090.6
002840.SZ,2026-08-27,8.2,8.32,8.13,8.26,121441.13,99853.66
002840.SZ,2026-08-28,8.23,8.29,8.09,8.25,115004.05,94249.67
002840.SZ,2026-08-31,8.21,8.67,8.18,8.64,311603.77,264700.84
002840.SZ,2026-09-01,8.61,8.86,8.55,8.77,226742.71,198425.06
002840.SZ,2026-09-02,8.89,9.29,8.73,8.77,322366.06,289698.37
002840.SZ,2026-09-03,8.77,8.95,8.35,8.84,324577.26,281508.41
002840.SZ,2026-09-04,8.83,9.45,8.75,9.25,442099.93,407516.63
002840.SZ,2026-09-07,9.13,9.25,8.99,9.1,296969.0,271080.67
002840.SZ,2026-09-08,9.13,9.16,8.93,9.09,203821.95,184666.06
002840.SZ,2026-09-09,9.09,9.18,8.96,9.03,133557.43,120879.26
002840.SZ,2026-09-10,9.02,9.13,8.69,8.72,179731.33,158643.03
002840.SZ,2026-09-11,8.7,8.76,8.39,8.49,151860.35,128801.55
002840.SZ,2026-09-14,8.4,8.5,8.29,8.33,128919.6,107725.67
002840.SZ,2026-09-15,8.34,8.55,8.24,8.32,137084.8,115058.08
002840.SZ,2026-09-16,8.3,8.38,8.05,8.1,174693.4,142031.29
002840.SZ,2026-09-17,8.05,8.13,7.97,8.07,107339.64,86300.84
002840.SZ,2026-09-18,8.07,8.15,7.98,8.06,120555.45,97345.5
