symbol,datetime,open,high,low,close,volume,amount
02389.HK,2002-04-26,1.2,1.34,1.15,1.29,105516000.0,0.0
02389.HK,2002-04-29,1.3,1.3,1.23,1.25,13248000.0,0.0
02389.HK,2002-04-30,1.25,1.26,1.21,1.22,8444000.0,0.0
02389.HK,2002-05-02,1.24,1.29,1.22,1.23,24914000.0,0.0
02389.HK,2002-05-03,1.23,1.26,1.16,1.16,10856000.0,0.0
02389.HK,2002-05-06,1.15,1.19,1.1,1.12,6264000.0,0.0
02389.HK,2002-05-07,1.14,1.22,1.11,1.21,11904000.0,0.0
02389.HK,2002-05-08,1.21,1.24,1.18,1.18,9552000.0,0.0
02389.HK,2002-05-09,1.2,1.21,1.17,1.18,1968000.0,0.0
02389.HK,2002-05-10,1.16,1.17,1.16,1.17,966000.0,0.0
02389.HK,2002-05-13,1.16,1.16,1.15,1.15,2196000.0,0.0
02389.HK,2002-05-14,1.16,1.21,1.16,1.17,2296000.0,0.0
02389.HK,2002-05-15,1.19,1.19,1.16,1.18,794000.0,0.0
02389.HK,2002-05-16,1.17,1.18,1.15,1.17,1080000.0,0.0
02389.HK,2002-05-17,1.16,1.25,1.16,1.24,8008000.0,0.0
02389.HK,2002-05-21,1.22,1.26,1.19,1.21,3136000.0,0.0
02389.HK,2002-05-22,1.21,1.27,1.2,1.26,8384000.0,0.0
02389.HK,2002-05-23,1.27,1.33,1.25,1.26,7766000.0,0.0
02389.HK,2002-05-24,1.28,1.34,1.26,1.32,15152000.0,0.0
02389.HK,2002-05-27,1.36,1.41,1.36,1.4,20504000.0,0.0
02389.HK,2002-05-28,1.4,1.43,1.34,1.35,9924000.0,0.0
02389.HK,2002-05-29,1.33,1.34,1.27,1.29,7060000.0,0.0
02389.HK,2002-05-30,1.28,1.28,1.23,1.24,4874000.0,0.0
02389.HK,2002-05-31,1.26,1.29,1.25,1.25,2804000.0,0.0
02389.HK,2002-06-03,1.25,1.25,1.17,1.17,4372000.0,0.0
02389.HK,2002-06-04,1.15,1.2,1.15,1.2,1652000.0,0.0
02389.HK,2002-06-05,1.19,1.23,1.18,1.23,2196000.0,0.0
02389.HK,2002-06-06,1.23,1.23,1.2,1.21,1168000.0,0.0
02389.HK,2002-06-07,1.21,1.21,1.19,1.19,1072000.0,0.0
02389.HK,2002-06-10,1.19,1.21,1.18,1.2,736000.0,0.0
02389.HK,2002-06-11,1.21,1.25,1.19,1.22,3824000.0,0.0
02389.HK,2002-06-12,1.22,1.22,1.2,1.2,1000000.0,0.0
02389.HK,2002-06-13,1.19,1.25,1.19,1.23,1616000.0,0.0
02389.HK,2002-06-14,1.22,1.23,1.21,1.21,636000.0,0.0
02389.HK,2002-06-17,1.2,1.2,1.17,1.17,988000.0,0.0
02389.HK,2002-06-18,1.17,1.19,1.13,1.16,2216000.0,0.0
02389.HK,2002-06-19,1.17,1.18,1.05,1.18,3788000.0,0.0
02389.HK,2002-06-20,1.08,1.15,1.08,1.14,1172000.0,0.0
02389.HK,2002-06-21,1.13,1.13,1.11,1.11,352000.0,0.0
02389.HK,2002-06-24,1.16,1.17,1.13,1.17,1288000.0,0.0
02389.HK,2002-06-25,1.17,1.17,1.14,1.14,788000.0,0.0
02389.HK,2002-06-26,1.14,1.14,1.12,1.14,1504000.0,0.0
02389.HK,2002-06-27,1.15,1.18,1.15,1.16,280000.0,0.0
02389.HK,2002-06-28,1.16,1.16,1.14,1.14,652000.0,0.0
02389.HK,2002-07-02,1.14,1.15,1.13,1.13,580000.0,0.0
02389.HK,2002-07-03,1.15,1.17,1.15,1.17,688000.0,0.0
02389.HK,2002-07-04,1.2,1.23,1.17,1.23,1392000.0,0.0
02389.HK,2002-07-05,1.22,1.23,1.2,1.22,912000.0,0.0
02389.HK,2002-07-08,1.23,1.23,1.18,1.18,504000.0,0.0
02389.HK,2002-07-09,1.21,1.21,1.17,1.19,188000.0,0.0
02389.HK,2002-07-10,1.21,1.21,1.19,1.2,112000.0,0.0
02389.HK,2002-07-11,1.18,1.2,1.16,1.17,644000.0,0.0
02389.HK,2002-07-12,1.18,1.2,1.14,1.18,1972000.0,0.0
02389.HK,2002-07-15,1.2,1.21,1.17,1.18,696000.0,0.0
02389.HK,2002-07-16,1.18,1.23,1.1,1.13,1504000.0,0.0
02389.HK,2002-07-17,1.11,1.16,1.11,1.16,116000.0,0.0
02389.HK,2002-07-18,1.15,1.15,1.14,1.14,316000.0,0.0
02389.HK,2002-07-19,1.11,1.13,1.05,1.09,540000.0,0.0
02389.HK,2002-07-22,1.08,1.09,1.01,1.04,940000.0,0.0
02389.HK,2002-07-23,0.99,1.05,0.99,1.04,520000.0,0.0
02389.HK,2002-07-24,1.02,1.02,0.99,1.02,1112000.0,0.0
02389.HK,2002-07-25,1.03,1.03,0.91,0.96,1360000.0,0.0
02389.HK,2002-07-26,0.95,0.96,0.9,0.96,4212000.0,0.0
02389.HK,2002-07-29,0.98,1.02,0.98,0.98,236000.0,0.0
02389.HK,2002-07-30,1.04,1.04,1.0,1.0,224000.0,0.0
02389.HK,2002-07-31,1.01,1.01,0.99,0.99,404000.0,0.0
02389.HK,2002-08-01,0.99,1.0,0.97,0.98,1004000.0,0.0
02389.HK,2002-08-02,0.98,1.01,0.98,1.0,240000.0,0.0
02389.HK,2002-08-05,1.0,1.0,0.97,0.97,1060000.0,0.0
02389.HK,2002-08-06,0.96,0.96,0.94,0.95,2832000.0,0.0
02389.HK,2002-08-07,0.94,0.96,0.94,0.96,808000.0,0.0
02389.HK,2002-08-08,1.0,1.0,0.99,0.99,20000.0,0.0
02389.HK,2002-08-09,1.0,1.0,0.98,0.98,240000.0,0.0
02389.HK,2002-08-12,1.02,1.02,0.97,0.98,196000.0,0.0
02389.HK,2002-08-13,0.97,1.0,0.96,0.97,212000.0,0.0
02389.HK,2002-08-14,1.0,1.02,0.98,1.0,376000.0,0.0
02389.HK,2002-08-15,1.03,1.06,1.01,1.01,616000.0,0.0
02389.HK,2002-08-16,1.02,1.04,1.02,1.04,492000.0,0.0
02389.HK,2002-08-19,1.06,1.1,1.05,1.1,224000.0,0.0
02389.HK,2002-08-20,1.1,1.1,1.08,1.08,224000.0,0.0
02389.HK,2002-08-21,1.08,1.09,1.08,1.09,344000.0,0.0
02389.HK,2002-08-22,1.1,1.1,1.07,1.09,680000.0,0.0
02389.HK,2002-08-23,1.1,1.12,1.1,1.11,504000.0,0.0
02389.HK,2002-08-26,1.11,1.11,1.11,1.11,0.0,0.0
02389.HK,2002-08-27,1.11,1.11,1.07,1.07,1548000.0,0.0
02389.HK,2002-08-28,1.07,1.09,1.06,1.08,3332000.0,0.0
02389.HK,2002-08-29,1.08,1.09,1.06,1.09,2312000.0,0.0
02389.HK,2002-08-30,1.08,1.08,1.06,1.08,216000.0,0.0
02389.HK,2002-09-02,1.06,1.09,1.06,1.09,48000.0,0.0
02389.HK,2002-09-03,1.04,1.07,1.04,1.07,68000.0,0.0
02389.HK,2002-09-04,1.06,1.06,1.06,1.06,20000.0,0.0
02389.HK,2002-09-05,1.04,1.04,1.04,1.04,40000.0,0.0
02389.HK,2002-09-06,1.0,1.0,1.0,1.0,100000.0,0.0
02389.HK,2002-09-09,1.0,1.0,1.0,1.0,116000.0,0.0
02389.HK,2002-09-10,1.0,1.0,1.0,1.0,260000.0,0.0
02389.HK,2002-09-11,0.99,0.99,0.99,0.99,16000.0,0.0
02389.HK,2002-09-12,1.0,1.01,1.0,1.0,392000.0,0.0
02389.HK,2002-09-13,0.97,1.0,0.95,1.0,1024000.0,0.0
02389.HK,2002-09-16,0.96,0.96,0.94,0.96,2620000.0,0.0
02389.HK,2002-09-17,0.96,0.96,0.96,0.96,228000.0,0.0
02389.HK,2002-09-18,0.96,0.96,0.93,0.95,228000.0,0.0
02389.HK,2002-09-19,0.93,0.95,0.9,0.9,4984000.0,0.0
02389.HK,2002-09-20,0.9,0.95,0.9,0.95,136000.0,0.0
02389.HK,2002-09-23,0.93,0.93,0.93,0.93,20000.0,0.0
02389.HK,2002-09-24,0.97,0.97,0.95,0.95,1048000.0,0.0
02389.HK,2002-09-25,0.94,0.94,0.94,0.94,220000.0,0.0
02389.HK,2002-09-26,0.96,0.96,0.95,0.95,320000.0,0.0
02389.HK,2002-09-27,0.92,0.93,0.92,0.93,28000.0,0.0
02389.HK,2002-09-30,0.93,0.93,0.93,0.93,0.0,0.0
02389.HK,2002-10-02,0.93,0.93,0.91,0.91,368000.0,0.0
02389.HK,2002-10-03,0.93,0.95,0.9,0.9,340000.0,0.0
02389.HK,2002-10-04,0.91,0.93,0.9,0.9,132000.0,0.0
02389.HK,2002-10-07,0.95,0.95,0.91,0.91,240000.0,0.0
02389.HK,2002-10-08,0.93,0.93,0.91,0.91,60000.0,0.0
02389.HK,2002-10-09,0.9,0.9,0.9,0.9,200000.0,0.0
02389.HK,2002-10-10,0.82,0.88,0.78,0.88,496000.0,0.0
02389.HK,2002-10-11,0.82,0.86,0.81,0.85,828000.0,0.0
02389.HK,2002-10-15,0.89,0.92,0.86,0.9,1896000.0,0.0
02389.HK,2002-10-16,0.9,0.9,0.85,0.89,172000.0,0.0
02389.HK,2002-10-17,0.85,0.9,0.84,0.9,556000.0,0.0
02389.HK,2002-10-18,0.9,0.9,0.86,0.89,468000.0,0.0
02389.HK,2002-10-21,0.89,0.89,0.89,0.89,200000.0,0.0
02389.HK,2002-10-22,0.86,0.91,0.86,0.87,236000.0,0.0
02389.HK,2002-10-23,0.9,0.9,0.89,0.9,308000.0,0.0
02389.HK,2002-10-24,0.89,0.89,0.89,0.89,300000.0,0.0
02389.HK,2002-10-25,0.87,0.89,0.86,0.89,148000.0,0.0
02389.HK,2002-10-28,0.89,0.89,0.89,0.89,0.0,0.0
02389.HK,2002-10-29,0.86,0.88,0.85,0.87,360000.0,0.0
02389.HK,2002-10-30,0.87,0.87,0.87,0.87,0.0,0.0
02389.HK,2002-10-31,0.86,0.88,0.86,0.88,416000.0,0.0
02389.HK,2002-11-01,0.87,0.87,0.87,0.87,44000.0,0.0
02389.HK,2002-11-04,0.88,0.88,0.88,0.88,20000.0,0.0
02389.HK,2002-11-05,0.87,0.87,0.87,0.87,496000.0,0.0
02389.HK,2002-11-06,0.87,0.87,0.87,0.87,0.0,0.0
02389.HK,2002-11-07,0.86,0.86,0.85,0.86,80000.0,0.0
02389.HK,2002-11-08,0.86,0.89,0.86,0.89,48000.0,0.0
02389.HK,2002-11-11,0.86,0.87,0.85,0.86,516000.0,0.0
02389.HK,2002-11-12,0.86,0.86,0.85,0.85,100000.0,0.0
02389.HK,2002-11-13,0.85,0.85,0.84,0.85,44000.0,0.0
02389.HK,2002-11-14,0.85,0.86,0.84,0.85,104000.0,0.0
02389.HK,2002-11-15,0.85,0.85,0.84,0.85,56000.0,0.0
02389.HK,2002-11-18,0.85,0.85,0.84,0.85,80000.0,0.0
02389.HK,2002-11-19,0.85,0.85,0.85,0.85,0.0,0.0
02389.HK,2002-11-20,0.85,0.86,0.85,0.86,44000.0,0.0
02389.HK,2002-11-21,0.86,0.86,0.86,0.86,100000.0,0.0
02389.HK,2002-11-22,0.85,0.85,0.8,0.83,212000.0,0.0
02389.HK,2002-11-25,0.86,0.86,0.86,0.86,48000.0,0.0
02389.HK,2002-11-26,0.85,0.86,0.84,0.86,192000.0,0.0
02389.HK,2002-11-27,0.85,0.86,0.84,0.86,124000.0,0.0
02389.HK,2002-11-28,0.85,0.85,0.83,0.84,112000.0,0.0
02389.HK,2002-11-29,0.84,0.84,0.84,0.84,0.0,0.0
02389.HK,2002-12-02,0.82,0.83,0.82,0.83,48000.0,0.0
02389.HK,2002-12-03,0.82,0.85,0.79,0.84,192000.0,0.0
02389.HK,2002-12-04,0.78,0.85,0.78,0.85,52000.0,0.0
02389.HK,2002-12-05,0.81,0.81,0.81,0.81,0.0,0.0
02389.HK,2002-12-06,0.8,0.82,0.79,0.82,60000.0,0.0
02389.HK,2002-12-09,0.77,0.83,0.77,0.82,28000.0,0.0
02389.HK,2002-12-10,0.8,0.81,0.78,0.78,244000.0,0.0
02389.HK,2002-12-11,0.8,0.8,0.8,0.8,44000.0,0.0
02389.HK,2002-12-12,0.77,0.82,0.77,0.8,92000.0,0.0
02389.HK,2002-12-13,0.78,0.8,0.77,0.8,80000.0,0.0
02389.HK,2002-12-16,0.75,0.79,0.75,0.79,60000.0,0.0
02389.HK,2002-12-17,0.75,0.77,0.71,0.77,276000.0,0.0
02389.HK,2002-12-18,0.8,0.8,0.77,0.77,36000.0,0.0
02389.HK,2002-12-19,0.78,0.79,0.78,0.79,208000.0,0.0
02389.HK,2002-12-20,0.8,0.8,0.77,0.78,444000.0,0.0
02389.HK,2002-12-23,0.78,0.8,0.7,0.78,528000.0,0.0
02389.HK,2002-12-24,0.83,0.83,0.83,0.83,20000.0,0.0
02389.HK,2002-12-27,0.77,0.82,0.77,0.82,388000.0,0.0
02389.HK,2002-12-30,0.8,0.8,0.75,0.75,376000.0,0.0
02389.HK,2002-12-31,0.79,0.8,0.79,0.8,420000.0,0.0
02389.HK,2003-01-02,0.79,0.79,0.79,0.79,228000.0,0.0
02389.HK,2003-01-03,0.79,0.79,0.79,0.79,0.0,0.0
02389.HK,2003-01-06,0.79,0.79,0.79,0.79,0.0,0.0
02389.HK,2003-01-07,0.7,0.8,0.7,0.78,16000.0,0.0
02389.HK,2003-01-08,0.8,0.8,0.78,0.78,336000.0,0.0
02389.HK,2003-01-09,0.78,0.78,0.78,0.78,0.0,0.0
02389.HK,2003-01-10,0.72,0.82,0.72,0.82,24000.0,0.0
02389.HK,2003-01-13,0.79,0.8,0.79,0.8,228000.0,0.0
02389.HK,2003-01-14,0.8,0.81,0.78,0.78,472000.0,0.0
02389.HK,2003-01-15,0.78,0.79,0.78,0.79,396000.0,0.0
02389.HK,2003-01-16,0.79,0.79,0.79,0.79,0.0,0.0
02389.HK,2003-01-17,0.79,0.79,0.79,0.79,0.0,0.0
02389.HK,2003-01-20,0.75,0.78,0.75,0.78,68000.0,0.0
02389.HK,2003-01-21,0.75,0.78,0.75,0.78,32000.0,0.0
02389.HK,2003-01-22,0.78,0.78,0.78,0.78,0.0,0.0
02389.HK,2003-01-23,0.76,0.76,0.76,0.76,100000.0,0.0
02389.HK,2003-01-24,0.72,0.72,0.7,0.72,120000.0,0.0
02389.HK,2003-01-27,0.68,0.7,0.68,0.7,44000.0,0.0
02389.HK,2003-01-28,0.71,0.71,0.7,0.7,12000.0,0.0
02389.HK,2003-01-29,0.72,0.72,0.72,0.72,0.0,0.0
02389.HK,2003-01-30,0.72,0.72,0.72,0.72,0.0,0.0
02389.HK,2003-02-04,0.72,0.72,0.72,0.72,0.0,0.0
02389.HK,2003-02-05,0.72,0.72,0.72,0.72,28000.0,0.0
02389.HK,2003-02-06,0.73,0.73,0.68,0.7,268000.0,0.0
02389.HK,2003-02-07,0.7,0.7,0.7,0.7,0.0,0.0
02389.HK,2003-02-10,0.7,0.7,0.7,0.7,0.0,0.0
02389.HK,2003-02-11,0.7,0.7,0.7,0.7,0.0,0.0
02389.HK,2003-02-12,0.7,0.7,0.7,0.7,280000.0,0.0
02389.HK,2003-02-13,0.71,0.71,0.71,0.71,28000.0,0.0
02389.HK,2003-02-14,0.7,0.7,0.7,0.7,0.0,0.0
02389.HK,2003-02-17,0.7,0.7,0.62,0.69,1076000.0,0.0
02389.HK,2003-02-18,0.69,0.69,0.69,0.69,0.0,0.0
02389.HK,2003-02-19,0.65,0.66,0.65,0.65,688000.0,0.0
02389.HK,2003-02-20,0.65,0.65,0.63,0.64,772000.0,0.0
02389.HK,2003-02-21,0.63,0.63,0.62,0.62,848000.0,0.0
02389.HK,2003-02-24,0.62,0.63,0.55,0.58,1276000.0,0.0
02389.HK,2003-02-25,0.52,0.57,0.52,0.57,64000.0,0.0
02389.HK,2003-02-26,0.56,0.62,0.56,0.59,1468000.0,0.0
02389.HK,2003-02-27,0.57,0.58,0.57,0.58,352000.0,0.0
02389.HK,2003-02-28,0.58,0.59,0.56,0.57,508000.0,0.0
02389.HK,2003-03-03,0.54,0.57,0.54,0.57,164000.0,0.0
02389.HK,2003-03-04,0.55,0.55,0.53,0.54,740000.0,0.0
02389.HK,2003-03-05,0.53,0.53,0.53,0.53,20000.0,0.0
02389.HK,2003-03-06,0.49,0.5,0.47,0.5,588000.0,0.0
02389.HK,2003-03-07,0.475,0.475,0.44,0.46,760000.0,0.0
02389.HK,2003-03-10,0.45,0.45,0.38,0.43,356000.0,0.0
02389.HK,2003-03-11,0.4,0.5,0.4,0.5,168000.0,0.0
02389.HK,2003-03-12,0.47,0.52,0.47,0.52,60000.0,0.0
02389.HK,2003-03-13,0.48,0.48,0.46,0.46,92000.0,0.0
02389.HK,2003-03-14,0.46,0.5,0.46,0.5,24000.0,0.0
02389.HK,2003-03-17,0.5,0.5,0.46,0.46,84000.0,0.0
02389.HK,2003-03-18,0.47,0.48,0.47,0.47,196000.0,0.0
02389.HK,2003-03-19,0.465,0.5,0.465,0.48,512000.0,0.0
02389.HK,2003-03-20,0.5,0.58,0.5,0.57,560000.0,0.0
02389.HK,2003-03-21,0.58,0.59,0.56,0.58,352000.0,0.0
02389.HK,2003-03-24,0.58,0.66,0.58,0.6,1020000.0,0.0
02389.HK,2003-03-25,0.6,0.6,0.59,0.59,204000.0,0.0
02389.HK,2003-03-26,0.61,0.61,0.54,0.56,744000.0,0.0
02389.HK,2003-03-27,0.57,0.57,0.54,0.55,136000.0,0.0
02389.HK,2003-03-28,0.55,0.57,0.54,0.57,104000.0,0.0
02389.HK,2003-03-31,0.54,0.57,0.54,0.57,216000.0,0.0
02389.HK,2003-04-01,0.58,0.58,0.49,0.53,452000.0,0.0
02389.HK,2003-04-02,0.55,0.61,0.54,0.61,96000.0,0.0
02389.HK,2003-04-03,0.55,0.55,0.52,0.53,200000.0,0.0
02389.HK,2003-04-04,0.55,0.56,0.53,0.53,40000.0,0.0
02389.HK,2003-04-07,0.53,0.53,0.53,0.53,0.0,0.0
02389.HK,2003-04-08,0.53,0.53,0.53,0.53,0.0,0.0
02389.HK,2003-04-09,0.53,0.53,0.53,0.53,0.0,0.0
02389.HK,2003-04-10,0.355,0.355,0.355,0.355,0.0,0.0
02389.HK,2003-04-11,0.37,0.395,0.355,0.395,4556000.0,0.0
02389.HK,2003-04-14,0.395,0.395,0.37,0.39,2068000.0,0.0
02389.HK,2003-04-15,0.39,0.405,0.385,0.395,484000.0,0.0
02389.HK,2003-04-16,0.395,0.405,0.395,0.405,744000.0,0.0
02389.HK,2003-04-17,0.44,0.46,0.43,0.44,1964000.0,0.0
02389.HK,2003-04-22,0.46,0.46,0.44,0.45,784000.0,0.0
02389.HK,2003-04-23,0.445,0.445,0.425,0.43,944000.0,0.0
02389.HK,2003-04-24,0.43,0.43,0.41,0.42,848000.0,0.0
02389.HK,2003-04-25,0.42,0.435,0.4,0.435,2092000.0,0.0
02389.HK,2003-04-28,0.44,0.45,0.44,0.45,244000.0,0.0
02389.HK,2003-04-29,0.45,0.45,0.435,0.435,336000.0,0.0
02389.HK,2003-04-30,0.44,0.44,0.44,0.44,68000.0,0.0
02389.HK,2003-05-02,0.435,0.435,0.435,0.435,88000.0,0.0
02389.HK,2003-05-05,0.43,0.435,0.425,0.435,260000.0,0.0
02389.HK,2003-05-06,0.43,0.43,0.42,0.425,360000.0,0.0
02389.HK,2003-05-07,0.42,0.425,0.41,0.425,772000.0,0.0
02389.HK,2003-05-09,0.42,0.425,0.42,0.425,304000.0,0.0
02389.HK,2003-05-12,0.435,0.435,0.425,0.435,60000.0,0.0
02389.HK,2003-05-13,0.44,0.45,0.44,0.45,116000.0,0.0
02389.HK,2003-05-14,0.46,0.46,0.445,0.445,536000.0,0.0
02389.HK,2003-05-15,0.46,0.46,0.46,0.46,80000.0,0.0
02389.HK,2003-05-16,0.465,0.465,0.45,0.465,220000.0,0.0
02389.HK,2003-05-19,0.465,0.465,0.445,0.465,52000.0,0.0
02389.HK,2003-05-20,0.455,0.455,0.455,0.455,20000.0,0.0
02389.HK,2003-05-21,0.455,0.46,0.455,0.46,180000.0,0.0
02389.HK,2003-05-22,0.465,0.465,0.46,0.46,240000.0,0.0
02389.HK,2003-05-23,0.455,0.465,0.455,0.465,320000.0,0.0
02389.HK,2003-05-26,0.48,0.48,0.475,0.475,380000.0,0.0
02389.HK,2003-05-27,0.475,0.485,0.475,0.485,168000.0,0.0
02389.HK,2003-05-28,0.49,0.49,0.47,0.49,636000.0,0.0
02389.HK,2003-05-29,0.49,0.49,0.47,0.47,208000.0,0.0
02389.HK,2003-05-30,0.46,0.49,0.46,0.47,392000.0,0.0
02389.HK,2003-06-02,0.47,0.5,0.47,0.495,1988000.0,0.0
02389.HK,2003-06-03,0.49,0.5,0.48,0.5,1804000.0,0.0
02389.HK,2003-06-05,0.51,0.53,0.51,0.52,1900000.0,0.0
02389.HK,2003-06-06,0.51,0.52,0.51,0.51,344000.0,0.0
02389.HK,2003-06-09,0.52,0.58,0.52,0.57,5660000.0,0.0
02389.HK,2003-06-10,0.58,0.61,0.58,0.59,5328000.0,0.0
02389.HK,2003-06-11,0.61,0.65,0.61,0.63,5656000.0,0.0
02389.HK,2003-06-12,0.63,0.63,0.58,0.59,2256000.0,0.0
02389.HK,2003-06-13,0.58,0.62,0.57,0.61,2332000.0,0.0
02389.HK,2003-06-16,0.6,0.6,0.58,0.59,2666000.0,0.0
02389.HK,2003-06-17,0.6,0.61,0.59,0.6,2420000.0,0.0
02389.HK,2003-06-18,0.6,0.61,0.59,0.61,1324000.0,0.0
02389.HK,2003-06-19,0.6,0.6,0.59,0.6,1000000.0,0.0
02389.HK,2003-06-20,0.58,0.64,0.58,0.64,1280000.0,0.0
02389.HK,2003-06-23,0.65,0.66,0.62,0.63,5120000.0,0.0
02389.HK,2003-06-24,0.62,0.62,0.61,0.62,960000.0,0.0
02389.HK,2003-06-25,0.62,0.62,0.61,0.62,612000.0,0.0
02389.HK,2003-06-26,0.61,0.62,0.61,0.62,616000.0,0.0
02389.HK,2003-06-27,0.62,0.63,0.61,0.62,588000.0,0.0
02389.HK,2003-06-30,0.62,0.62,0.61,0.61,604000.0,0.0
02389.HK,2003-07-02,0.61,0.62,0.6,0.62,772000.0,0.0
02389.HK,2003-07-03,0.61,0.62,0.6,0.62,400000.0,0.0
02389.HK,2003-07-04,0.61,0.62,0.61,0.62,684000.0,0.0
02389.HK,2003-07-07,0.62,0.63,0.61,0.63,1540000.0,0.0
02389.HK,2003-07-08,0.63,0.65,0.63,0.64,1372000.0,0.0
02389.HK,2003-07-09,0.65,0.71,0.65,0.71,5228000.0,0.0
02389.HK,2003-07-10,0.71,0.71,0.69,0.7,1492000.0,0.0
02389.HK,2003-07-11,0.67,0.7,0.67,0.7,1232000.0,0.0
02389.HK,2003-07-14,0.7,0.73,0.7,0.73,1640000.0,0.0
02389.HK,2003-07-15,0.73,0.73,0.71,0.71,1380000.0,0.0
02389.HK,2003-07-16,0.7,0.71,0.69,0.71,1972000.0,0.0
02389.HK,2003-07-17,0.7,0.71,0.69,0.71,2220000.0,0.0
02389.HK,2003-07-18,0.7,0.71,0.7,0.71,540000.0,0.0
02389.HK,2003-07-21,0.72,0.72,0.71,0.71,1080000.0,0.0
02389.HK,2003-07-22,0.7,0.7,0.68,0.7,1300000.0,0.0
02389.HK,2003-07-23,0.69,0.7,0.68,0.69,596000.0,0.0
02389.HK,2003-07-24,0.69,0.69,0.68,0.69,236000.0,0.0
02389.HK,2003-07-25,0.69,0.72,0.69,0.71,3548000.0,0.0
02389.HK,2003-07-28,0.71,0.72,0.71,0.71,1124000.0,0.0
02389.HK,2003-07-29,0.71,0.72,0.71,0.72,1020000.0,0.0
02389.HK,2003-07-30,0.72,0.77,0.71,0.77,3374000.0,0.0
02389.HK,2003-07-31,0.77,0.77,0.76,0.77,1912000.0,0.0
02389.HK,2003-08-01,0.77,0.82,0.77,0.81,3828000.0,0.0
02389.HK,2003-08-04,0.84,0.86,0.82,0.83,9140000.0,0.0
02389.HK,2003-08-05,0.83,0.83,0.79,0.79,2696000.0,0.0
02389.HK,2003-08-06,0.79,0.8,0.77,0.8,2940000.0,0.0
02389.HK,2003-08-07,0.79,0.83,0.79,0.83,4500000.0,0.0
02389.HK,2003-08-08,0.84,0.85,0.83,0.84,6576000.0,0.0
02389.HK,2003-08-11,0.84,0.84,0.78,0.79,5476000.0,0.0
02389.HK,2003-08-12,0.8,0.81,0.79,0.79,1360000.0,0.0
02389.HK,2003-08-13,0.79,0.82,0.79,0.8,2696000.0,0.0
02389.HK,2003-08-14,0.79,0.8,0.79,0.79,1212000.0,0.0
02389.HK,2003-08-15,0.79,0.81,0.78,0.81,704000.0,0.0
02389.HK,2003-08-18,0.79,0.8,0.78,0.8,1260000.0,0.0
02389.HK,2003-08-19,0.81,0.82,0.79,0.8,1156000.0,0.0
02389.HK,2003-08-20,0.79,0.8,0.78,0.8,588000.0,0.0
02389.HK,2003-08-21,0.78,0.8,0.78,0.8,592000.0,0.0
02389.HK,2003-08-22,0.8,0.8,0.78,0.8,1012000.0,0.0
02389.HK,2003-08-25,0.79,0.8,0.73,0.76,2480000.0,0.0
02389.HK,2003-08-26,0.74,0.79,0.73,0.79,2224000.0,0.0
02389.HK,2003-08-27,0.78,0.78,0.77,0.78,444000.0,0.0
02389.HK,2003-08-28,0.77,0.77,0.75,0.75,624000.0,0.0
02389.HK,2003-08-29,0.75,0.77,0.75,0.77,1244000.0,0.0
02389.HK,2003-09-01,0.77,0.77,0.76,0.76,508000.0,0.0
02389.HK,2003-09-02,0.76,0.76,0.76,0.76,292000.0,0.0
02389.HK,2003-09-03,0.75,0.77,0.75,0.76,2772000.0,0.0
02389.HK,2003-09-04,0.76,0.77,0.76,0.76,780000.0,0.0
02389.HK,2003-09-05,0.77,0.77,0.76,0.76,604000.0,0.0
02389.HK,2003-09-08,0.76,0.77,0.75,0.76,532000.0,0.0
02389.HK,2003-09-09,0.76,0.76,0.73,0.73,1004000.0,0.0
02389.HK,2003-09-10,0.73,0.75,0.72,0.74,1004000.0,0.0
02389.HK,2003-09-11,0.74,0.76,0.73,0.76,740000.0,0.0
02389.HK,2003-09-15,0.76,0.76,0.74,0.76,792000.0,0.0
02389.HK,2003-09-16,0.76,0.76,0.75,0.76,316000.0,0.0
02389.HK,2003-09-17,0.76,0.81,0.76,0.79,4008000.0,0.0
02389.HK,2003-09-18,0.79,0.8,0.77,0.78,876000.0,0.0
02389.HK,2003-09-19,0.76,0.77,0.75,0.76,916000.0,0.0
02389.HK,2003-09-22,0.75,0.76,0.75,0.75,656000.0,0.0
02389.HK,2003-09-23,0.75,0.75,0.75,0.75,0.0,0.0
02389.HK,2003-09-24,0.75,0.75,0.75,0.75,0.0,0.0
02389.HK,2003-09-25,0.75,0.75,0.75,0.75,0.0,0.0
02389.HK,2003-09-26,0.74,0.76,0.74,0.75,840000.0,0.0
02389.HK,2003-09-29,0.73,0.75,0.73,0.75,488000.0,0.0
02389.HK,2003-09-30,0.73,0.73,0.71,0.72,1152000.0,0.0
02389.HK,2003-10-02,0.72,0.73,0.71,0.73,1100000.0,0.0
02389.HK,2003-10-03,0.72,0.73,0.71,0.73,436000.0,0.0
02389.HK,2003-10-06,0.73,0.74,0.73,0.74,156000.0,0.0
02389.HK,2003-10-07,0.73,0.74,0.73,0.74,3332000.0,0.0
02389.HK,2003-10-08,0.74,0.75,0.74,0.74,3608000.0,0.0
02389.HK,2003-10-09,0.75,0.76,0.74,0.75,1472000.0,0.0
02389.HK,2003-10-10,0.75,0.78,0.75,0.78,2064000.0,0.0
02389.HK,2003-10-13,0.78,0.78,0.77,0.78,1676000.0,0.0
02389.HK,2003-10-14,0.8,1.0,0.8,1.0,24904000.0,0.0
02389.HK,2003-10-15,1.0,1.12,0.95,1.04,19164000.0,0.0
02389.HK,2003-10-16,1.03,1.12,1.03,1.09,6876000.0,0.0
02389.HK,2003-10-17,1.1,1.1,1.05,1.06,1668000.0,0.0
02389.HK,2003-10-20,1.06,1.11,1.05,1.07,2792000.0,0.0
02389.HK,2003-10-21,1.08,1.09,1.07,1.09,2724000.0,0.0
02389.HK,2003-10-22,1.1,1.16,1.09,1.13,3622000.0,0.0
02389.HK,2003-10-23,1.11,1.11,1.05,1.07,3468000.0,0.0
02389.HK,2003-10-24,1.07,1.09,1.04,1.06,2150000.0,0.0
02389.HK,2003-10-27,1.08,1.11,1.08,1.1,3644000.0,0.0
02389.HK,2003-10-28,1.1,1.11,1.1,1.11,1108000.0,0.0
02389.HK,2003-10-29,1.1,1.11,1.08,1.11,2104000.0,0.0
02389.HK,2003-10-30,1.1,1.11,1.09,1.1,944000.0,0.0
02389.HK,2003-10-31,1.1,1.22,1.1,1.22,6704000.0,0.0
02389.HK,2003-11-03,1.22,1.36,1.22,1.35,6044000.0,0.0
02389.HK,2003-11-04,1.36,1.49,1.35,1.44,7332000.0,0.0
02389.HK,2003-11-05,1.44,1.59,1.41,1.5,7404000.0,0.0
02389.HK,2003-11-06,1.5,1.58,1.5,1.54,5048000.0,0.0
02389.HK,2003-11-07,1.59,1.79,1.53,1.77,6588000.0,0.0
02389.HK,2003-11-10,1.83,1.9,1.62,1.72,8436000.0,0.0
02389.HK,2003-11-11,1.72,1.75,1.68,1.72,2032000.0,0.0
02389.HK,2003-11-12,1.72,1.74,1.66,1.67,1732000.0,0.0
02389.HK,2003-11-13,1.67,1.68,1.55,1.64,7172000.0,0.0
02389.HK,2003-11-14,1.59,1.71,1.56,1.6,5128000.0,0.0
02389.HK,2003-11-17,1.59,1.6,1.57,1.58,516000.0,0.0
02389.HK,2003-11-18,1.56,1.58,1.45,1.49,3244000.0,0.0
02389.HK,2003-11-19,1.48,1.53,1.47,1.53,1592000.0,0.0
02389.HK,2003-11-20,1.53,1.57,1.48,1.5,1604000.0,0.0
02389.HK,2003-11-21,1.47,1.54,1.47,1.51,1264000.0,0.0
02389.HK,2003-11-24,1.54,1.55,1.49,1.5,864000.0,0.0
02389.HK,2003-11-25,1.52,1.62,1.52,1.58,3492000.0,0.0
02389.HK,2003-11-26,1.58,1.59,1.56,1.56,2368000.0,0.0
02389.HK,2003-11-27,1.56,1.56,1.49,1.49,844000.0,0.0
02389.HK,2003-11-28,1.49,1.49,1.38,1.38,2408000.0,0.0
02389.HK,2003-12-01,1.42,1.51,1.4,1.5,5244000.0,0.0
02389.HK,2003-12-02,1.53,1.57,1.5,1.53,6976000.0,0.0
02389.HK,2003-12-03,1.51,1.55,1.51,1.51,832000.0,0.0
02389.HK,2003-12-04,1.55,1.55,1.49,1.51,976000.0,0.0
02389.HK,2003-12-05,1.51,1.51,1.5,1.51,564000.0,0.0
02389.HK,2003-12-08,1.46,1.49,1.45,1.49,156000.0,0.0
02389.HK,2003-12-09,1.5,1.5,1.46,1.48,124000.0,0.0
02389.HK,2003-12-10,1.48,1.5,1.45,1.47,1396000.0,0.0
02389.HK,2003-12-11,1.48,1.51,1.46,1.47,1148000.0,0.0
02389.HK,2003-12-12,1.49,1.49,1.41,1.42,1852000.0,0.0
02389.HK,2003-12-15,1.36,1.4,1.32,1.34,1616000.0,0.0
02389.HK,2003-12-16,1.3,1.34,1.26,1.29,720000.0,0.0
02389.HK,2003-12-17,1.31,1.31,1.18,1.23,1896000.0,0.0
02389.HK,2003-12-18,1.19,1.25,1.19,1.23,1032000.0,0.0
02389.HK,2003-12-19,1.23,1.29,1.21,1.28,2072000.0,0.0
02389.HK,2003-12-22,1.3,1.3,1.25,1.25,480000.0,0.0
02389.HK,2003-12-23,1.21,1.24,1.21,1.24,724000.0,0.0
02389.HK,2003-12-24,1.24,1.25,1.21,1.25,396000.0,0.0
02389.HK,2003-12-29,1.25,1.25,1.23,1.25,436000.0,0.0
02389.HK,2003-12-30,1.28,1.29,1.25,1.27,1036000.0,0.0
02389.HK,2003-12-31,1.25,1.25,1.23,1.23,476000.0,0.0
02389.HK,2004-01-02,1.25,1.25,1.24,1.24,464000.0,0.0
02389.HK,2004-01-05,1.23,1.24,1.23,1.23,760000.0,0.0
02389.HK,2004-01-06,1.25,1.26,1.23,1.23,952000.0,0.0
02389.HK,2004-01-07,1.23,1.42,1.23,1.41,3956000.0,0.0
02389.HK,2004-01-08,1.43,1.49,1.43,1.45,2968000.0,0.0
02389.HK,2004-01-09,1.48,1.48,1.43,1.44,2554000.0,0.0
02389.HK,2004-01-12,1.43,1.54,1.42,1.49,2200000.0,0.0
02389.HK,2004-01-13,1.53,1.53,1.45,1.47,2232000.0,0.0
02389.HK,2004-01-14,1.46,1.46,1.45,1.45,240000.0,0.0
02389.HK,2004-01-15,1.45,1.45,1.45,1.45,288000.0,0.0
02389.HK,2004-01-16,1.45,1.49,1.45,1.45,880000.0,0.0
02389.HK,2004-01-19,1.45,1.47,1.45,1.45,1140000.0,0.0
02389.HK,2004-01-20,1.48,1.48,1.47,1.47,380000.0,0.0
02389.HK,2004-01-21,1.47,1.47,1.45,1.46,268000.0,0.0
02389.HK,2004-01-26,1.5,1.53,1.49,1.5,960000.0,0.0
02389.HK,2004-01-27,1.47,1.48,1.46,1.46,748000.0,0.0
02389.HK,2004-01-28,1.46,1.46,1.45,1.46,1198000.0,0.0
02389.HK,2004-01-29,1.44,1.46,1.44,1.46,1728000.0,0.0
02389.HK,2004-01-30,1.45,1.5,1.42,1.42,66536000.0,0.0
02389.HK,2004-02-02,1.4,1.42,1.38,1.42,1048000.0,0.0
02389.HK,2004-02-03,1.41,1.43,1.41,1.42,896000.0,0.0
02389.HK,2004-02-04,1.42,1.42,1.42,1.42,552000.0,0.0
02389.HK,2004-02-05,1.4,1.45,1.4,1.42,1208000.0,0.0
02389.HK,2004-02-06,1.42,1.43,1.42,1.42,292000.0,0.0
02389.HK,2004-02-09,1.43,1.44,1.43,1.43,172000.0,0.0
02389.HK,2004-02-10,1.47,1.64,1.47,1.64,8260000.0,0.0
02389.HK,2004-02-11,1.65,1.74,1.58,1.68,14044000.0,0.0
02389.HK,2004-02-12,1.7,1.76,1.67,1.74,5196000.0,0.0
02389.HK,2004-02-13,1.7,1.76,1.68,1.75,2580000.0,0.0
02389.HK,2004-02-16,1.71,1.82,1.71,1.8,4488000.0,0.0
02389.HK,2004-02-17,1.82,1.84,1.77,1.79,2100000.0,0.0
02389.HK,2004-02-18,1.77,1.77,1.67,1.7,3300000.0,0.0
02389.HK,2004-02-19,1.7,1.7,1.62,1.64,3772000.0,0.0
02389.HK,2004-02-20,1.62,1.75,1.62,1.71,3056000.0,0.0
02389.HK,2004-02-23,1.7,1.73,1.69,1.71,1964000.0,0.0
02389.HK,2004-02-24,1.7,1.71,1.68,1.69,1012000.0,0.0
02389.HK,2004-02-25,1.69,1.69,1.63,1.63,2292000.0,0.0
02389.HK,2004-02-26,1.68,1.68,1.63,1.66,916000.0,0.0
02389.HK,2004-02-27,1.65,1.66,1.63,1.63,1688000.0,0.0
02389.HK,2004-03-01,1.63,1.66,1.63,1.65,960000.0,0.0
02389.HK,2004-03-02,1.66,1.71,1.66,1.69,1740000.0,0.0
02389.HK,2004-03-03,1.7,1.7,1.62,1.63,1624000.0,0.0
02389.HK,2004-03-04,1.62,1.65,1.62,1.64,994000.0,0.0
02389.HK,2004-03-05,1.65,1.65,1.63,1.64,232000.0,0.0
02389.HK,2004-03-08,1.65,1.65,1.63,1.64,468000.0,0.0
02389.HK,2004-03-09,1.63,1.64,1.61,1.64,656000.0,0.0
02389.HK,2004-03-10,1.63,1.65,1.63,1.64,636000.0,0.0
02389.HK,2004-03-11,1.63,1.63,1.62,1.63,800000.0,0.0
02389.HK,2004-03-12,1.6,1.64,1.58,1.64,1092000.0,0.0
02389.HK,2004-03-15,1.64,1.67,1.64,1.67,344000.0,0.0
02389.HK,2004-03-16,1.68,1.68,1.66,1.67,292000.0,0.0
02389.HK,2004-03-17,1.69,1.7,1.69,1.7,468000.0,0.0
02389.HK,2004-03-18,1.7,1.7,1.68,1.68,500000.0,0.0
02389.HK,2004-03-19,1.67,1.68,1.66,1.68,228000.0,0.0
02389.HK,2004-03-22,1.66,1.66,1.66,1.66,128000.0,0.0
02389.HK,2004-03-23,1.65,1.67,1.65,1.67,80000.0,0.0
02389.HK,2004-03-24,1.68,1.68,1.67,1.68,188000.0,0.0
02389.HK,2004-03-25,1.68,1.69,1.68,1.68,128000.0,0.0
02389.HK,2004-03-26,1.68,1.69,1.66,1.68,340000.0,0.0
02389.HK,2004-03-29,1.67,1.68,1.63,1.66,1004000.0,0.0
02389.HK,2004-03-30,1.66,1.67,1.64,1.66,776000.0,0.0
02389.HK,2004-03-31,1.66,1.66,1.65,1.66,440000.0,0.0
02389.HK,2004-04-01,1.65,1.66,1.65,1.66,380000.0,0.0
02389.HK,2004-04-02,1.65,1.68,1.64,1.68,940000.0,0.0
02389.HK,2004-04-06,1.69,1.78,1.69,1.76,2212000.0,0.0
02389.HK,2004-04-07,1.76,1.77,1.73,1.73,736000.0,0.0
02389.HK,2004-04-08,1.7,1.73,1.7,1.71,256000.0,0.0
02389.HK,2004-04-13,1.74,1.74,1.7,1.71,112000.0,0.0
02389.HK,2004-04-14,1.69,1.69,1.64,1.65,780000.0,0.0
02389.HK,2004-04-15,1.61,1.62,1.5,1.5,2172000.0,0.0
02389.HK,2004-04-16,1.51,1.51,1.47,1.47,360000.0,0.0
02389.HK,2004-04-19,1.47,1.48,1.45,1.48,72000.0,0.0
02389.HK,2004-04-20,1.5,1.52,1.46,1.47,256000.0,0.0
02389.HK,2004-04-21,1.43,1.43,1.1,1.2,4240000.0,0.0
02389.HK,2004-04-22,1.2,1.32,1.2,1.25,1780000.0,0.0
02389.HK,2004-04-23,1.26,1.29,1.25,1.29,704000.0,0.0
02389.HK,2004-04-26,1.25,1.25,1.24,1.24,112000.0,0.0
02389.HK,2004-04-27,1.25,1.26,1.24,1.26,248000.0,0.0
02389.HK,2004-04-28,1.25,1.25,1.25,1.25,100000.0,0.0
02389.HK,2004-04-29,1.22,1.22,1.15,1.16,2528000.0,0.0
02389.HK,2004-04-30,1.16,1.17,1.08,1.14,1620000.0,0.0
02389.HK,2004-05-03,1.2,1.2,1.2,1.2,60000.0,0.0
02389.HK,2004-05-04,1.23,1.23,1.22,1.22,12000.0,0.0
02389.HK,2004-05-05,1.21,1.21,1.2,1.21,40000.0,0.0
02389.HK,2004-05-06,1.21,1.21,1.2,1.2,160000.0,0.0
02389.HK,2004-05-07,1.2,1.2,1.17,1.17,136000.0,0.0
02389.HK,2004-05-10,1.14,1.17,1.09,1.1,968000.0,0.0
02389.HK,2004-05-11,1.09,1.14,1.09,1.14,116000.0,0.0
02389.HK,2004-05-12,1.15,1.15,1.11,1.12,92000.0,0.0
02389.HK,2004-05-13,1.14,1.14,1.14,1.14,52000.0,0.0
02389.HK,2004-05-14,1.12,1.12,1.11,1.11,460000.0,0.0
02389.HK,2004-05-17,1.11,1.11,1.1,1.11,1264000.0,0.0
02389.HK,2004-05-18,1.12,1.12,1.12,1.12,0.0,0.0
02389.HK,2004-05-19,1.15,1.15,1.15,1.15,100000.0,0.0
02389.HK,2004-05-20,1.13,1.13,1.13,1.13,60000.0,0.0
02389.HK,2004-05-21,1.2,1.2,1.17,1.17,212000.0,0.0
02389.HK,2004-05-24,1.15,1.16,1.14,1.16,240000.0,0.0
02389.HK,2004-05-25,1.16,1.16,1.16,1.16,0.0,0.0
02389.HK,2004-05-27,1.15,1.16,1.15,1.16,68000.0,0.0
02389.HK,2004-05-28,1.13,1.18,1.13,1.16,268000.0,0.0
02389.HK,2004-05-31,1.16,1.16,1.16,1.16,100000.0,0.0
02389.HK,2004-06-01,1.18,1.19,1.18,1.19,340000.0,0.0
02389.HK,2004-06-02,1.18,1.19,1.18,1.19,104000.0,0.0
02389.HK,2004-06-03,1.19,1.19,1.19,1.19,0.0,0.0
02389.HK,2004-06-04,1.18,1.18,1.15,1.15,60000.0,0.0
02389.HK,2004-06-07,1.15,1.17,1.15,1.17,324000.0,0.0
02389.HK,2004-06-08,1.17,1.17,1.17,1.17,100000.0,0.0
02389.HK,2004-06-09,1.17,1.17,1.17,1.17,0.0,0.0
02389.HK,2004-06-10,1.17,1.17,1.17,1.17,0.0,0.0
02389.HK,2004-06-11,1.15,1.15,1.15,1.15,300000.0,0.0
02389.HK,2004-06-14,1.15,1.15,1.14,1.15,640000.0,0.0
02389.HK,2004-06-15,1.15,1.15,1.14,1.14,300000.0,0.0
02389.HK,2004-06-16,1.14,1.14,1.14,1.14,40000.0,0.0
02389.HK,2004-06-17,1.14,1.17,1.13,1.14,1420000.0,0.0
02389.HK,2004-06-18,1.13,1.13,1.09,1.09,1196000.0,0.0
02389.HK,2004-06-21,1.14,1.14,1.14,1.14,4000.0,0.0
02389.HK,2004-06-23,1.14,1.14,1.14,1.14,0.0,0.0
02389.HK,2004-06-24,1.09,1.14,1.09,1.14,240000.0,0.0
02389.HK,2004-06-25,1.1,1.1,1.1,1.1,8000.0,0.0
02389.HK,2004-06-28,1.1,1.1,1.1,1.1,0.0,0.0
02389.HK,2004-06-29,1.09,1.1,1.09,1.1,124000.0,0.0
02389.HK,2004-06-30,1.1,1.1,1.09,1.09,172000.0,0.0
02389.HK,2004-07-02,1.09,1.09,1.09,1.09,0.0,0.0
02389.HK,2004-07-05,1.1,1.13,1.1,1.12,460000.0,0.0
02389.HK,2004-07-06,1.12,1.14,1.11,1.11,324000.0,0.0
02389.HK,2004-07-07,1.12,1.12,1.12,1.12,40000.0,0.0
02389.HK,2004-07-08,1.1,1.1,1.1,1.1,132000.0,0.0
02389.HK,2004-07-09,1.1,1.1,1.1,1.1,24000.0,0.0
02389.HK,2004-07-12,1.1,1.1,1.1,1.1,176000.0,0.0
02389.HK,2004-07-13,1.1,1.11,1.1,1.11,500000.0,0.0
02389.HK,2004-07-14,1.1,1.11,1.1,1.11,284000.0,0.0
02389.HK,2004-07-15,1.1,1.11,1.1,1.11,212000.0,0.0
02389.HK,2004-07-16,1.1,1.1,1.1,1.1,40000.0,0.0
02389.HK,2004-07-19,1.1,1.1,1.1,1.1,88000.0,0.0
02389.HK,2004-07-20,1.11,1.11,1.11,1.11,416000.0,0.0
02389.HK,2004-07-21,1.12,1.12,1.11,1.11,932000.0,0.0
02389.HK,2004-07-22,1.12,1.12,1.12,1.12,1028000.0,0.0
02389.HK,2004-07-23,1.12,1.12,1.12,1.12,400000.0,0.0
02389.HK,2004-07-26,1.12,1.12,1.11,1.12,488000.0,0.0
02389.HK,2004-07-27,1.12,1.12,1.12,1.12,908000.0,0.0
02389.HK,2004-07-28,1.13,1.14,1.13,1.14,580000.0,0.0
02389.HK,2004-07-29,1.13,1.19,1.12,1.18,972000.0,0.0
02389.HK,2004-07-30,1.18,1.18,1.18,1.18,180000.0,0.0
02389.HK,2004-08-02,1.18,1.18,1.16,1.16,112000.0,0.0
02389.HK,2004-08-03,1.14,1.15,1.14,1.15,352000.0,0.0
02389.HK,2004-08-04,1.14,1.15,1.14,1.14,788000.0,0.0
02389.HK,2004-08-05,1.15,1.15,1.15,1.15,828000.0,0.0
02389.HK,2004-08-06,1.13,1.15,1.13,1.14,800000.0,0.0
02389.HK,2004-08-09,1.14,1.14,1.13,1.13,2052000.0,0.0
02389.HK,2004-08-10,1.11,1.11,1.11,1.11,52000.0,0.0
02389.HK,2004-08-11,1.11,1.11,1.08,1.09,312000.0,0.0
02389.HK,2004-08-12,1.09,1.09,1.08,1.09,104000.0,0.0
02389.HK,2004-08-13,1.08,1.08,1.07,1.07,100000.0,0.0
02389.HK,2004-08-16,1.07,1.07,1.04,1.07,196000.0,0.0
02389.HK,2004-08-17,1.06,1.07,1.06,1.07,48000.0,0.0
02389.HK,2004-08-18,1.1,1.1,1.1,1.1,0.0,0.0
02389.HK,2004-08-19,1.08,1.1,1.06,1.1,160000.0,0.0
02389.HK,2004-08-20,1.1,1.1,1.1,1.1,0.0,0.0
02389.HK,2004-08-23,1.08,1.08,1.08,1.08,0.0,0.0
02389.HK,2004-08-24,1.07,1.08,1.07,1.08,28000.0,0.0
02389.HK,2004-08-25,1.07,1.08,1.07,1.08,20000.0,0.0
02389.HK,2004-08-26,1.08,1.08,1.08,1.08,0.0,0.0
02389.HK,2004-08-27,1.07,1.07,1.07,1.07,40000.0,0.0
02389.HK,2004-08-30,1.07,1.07,1.07,1.07,0.0,0.0
02389.HK,2004-08-31,1.06,1.07,1.05,1.07,120000.0,0.0
02389.HK,2004-09-01,1.07,1.07,1.07,1.07,40000.0,0.0
02389.HK,2004-09-02,1.06,1.07,1.05,1.07,72000.0,0.0
02389.HK,2004-09-03,1.06,1.11,1.06,1.11,288000.0,0.0
02389.HK,2004-09-06,1.11,1.11,1.07,1.08,48000.0,0.0
02389.HK,2004-09-07,1.07,1.08,1.07,1.08,40000.0,0.0
02389.HK,2004-09-08,1.07,1.08,1.06,1.08,48000.0,0.0
02389.HK,2004-09-09,1.07,1.08,1.07,1.08,60000.0,0.0
02389.HK,2004-09-10,1.07,1.08,1.06,1.08,72000.0,0.0
02389.HK,2004-09-13,1.07,1.08,1.07,1.08,40000.0,0.0
02389.HK,2004-09-14,1.07,1.08,1.05,1.08,228000.0,0.0
02389.HK,2004-09-15,1.08,1.2,1.08,1.19,1060000.0,0.0
02389.HK,2004-09-16,1.19,1.22,1.16,1.2,656000.0,0.0
02389.HK,2004-09-17,1.18,1.18,1.14,1.14,292000.0,0.0
02389.HK,2004-09-20,1.17,1.17,1.12,1.15,100000.0,0.0
02389.HK,2004-09-21,1.13,1.15,1.13,1.15,68000.0,0.0
02389.HK,2004-09-22,1.14,1.15,1.12,1.13,240000.0,0.0
02389.HK,2004-09-23,1.1,1.13,1.09,1.13,172000.0,0.0
02389.HK,2004-09-24,1.13,1.13,1.08,1.09,720000.0,0.0
02389.HK,2004-09-27,1.08,1.08,1.01,1.01,888000.0,0.0
02389.HK,2004-09-28,1.01,1.03,0.99,0.99,2532000.0,0.0
02389.HK,2004-09-30,1.01,1.07,0.99,1.03,3328000.0,0.0
02389.HK,2004-10-04,1.03,1.06,1.02,1.02,1092000.0,0.0
02389.HK,2004-10-05,1.02,1.04,1.02,1.03,1228000.0,0.0
02389.HK,2004-10-06,1.03,1.04,1.01,1.01,1004000.0,0.0
02389.HK,2004-10-07,1.02,1.03,1.02,1.02,788000.0,0.0
02389.HK,2004-10-08,1.02,1.02,0.99,0.99,1928000.0,0.0
02389.HK,2004-10-11,0.99,1.01,0.99,1.0,396000.0,0.0
02389.HK,2004-10-12,1.0,1.01,0.99,1.0,148000.0,0.0
02389.HK,2004-10-13,0.99,0.99,0.98,0.99,460000.0,0.0
02389.HK,2004-10-14,0.99,0.99,0.99,0.99,344000.0,0.0
02389.HK,2004-10-15,0.99,1.0,0.99,0.99,260000.0,0.0
02389.HK,2004-10-18,1.03,1.03,1.02,1.03,312000.0,0.0
02389.HK,2004-10-19,1.01,1.01,1.01,1.01,24000.0,0.0
02389.HK,2004-10-20,1.0,1.0,0.99,1.0,440000.0,0.0
02389.HK,2004-10-21,1.01,1.01,0.99,0.99,940000.0,0.0
02389.HK,2004-10-25,0.99,1.0,0.99,1.0,216000.0,0.0
02389.HK,2004-10-26,1.0,1.0,1.0,1.0,332000.0,0.0
02389.HK,2004-10-27,0.99,0.99,0.98,0.99,780000.0,0.0
02389.HK,2004-10-28,0.99,0.99,0.98,0.99,1016001.0,0.0
02389.HK,2004-10-29,0.99,1.0,0.99,1.0,364000.0,0.0
02389.HK,2004-11-01,1.01,1.1,1.01,1.08,1704000.0,0.0
02389.HK,2004-11-02,1.09,1.09,1.04,1.04,712000.0,0.0
02389.HK,2004-11-03,1.04,1.06,1.04,1.04,600000.0,0.0
02389.HK,2004-11-04,1.04,1.04,1.01,1.01,560000.0,0.0
02389.HK,2004-11-05,1.01,1.03,1.01,1.02,1416000.0,0.0
02389.HK,2004-11-08,1.03,1.04,1.0,1.0,928000.0,0.0
02389.HK,2004-11-09,0.99,1.0,0.99,0.99,732000.0,0.0
02389.HK,2004-11-10,1.0,1.0,0.98,0.98,1412000.0,0.0
02389.HK,2004-11-11,0.98,1.0,0.97,1.0,112000.0,0.0
02389.HK,2004-11-12,1.0,1.0,0.96,0.98,1252000.0,0.0
02389.HK,2004-11-15,0.98,0.98,0.97,0.97,460000.0,0.0
02389.HK,2004-11-16,0.96,0.97,0.95,0.97,720000.0,0.0
02389.HK,2004-11-17,0.96,0.97,0.96,0.97,68000.0,0.0
02389.HK,2004-11-18,0.96,0.97,0.96,0.97,196000.0,0.0
02389.HK,2004-11-19,0.96,0.97,0.96,0.97,152000.0,0.0
02389.HK,2004-11-22,0.95,0.97,0.94,0.97,432000.0,0.0
02389.HK,2004-11-23,0.96,0.97,0.96,0.97,4000.0,0.0
02389.HK,2004-11-24,0.97,0.97,0.96,0.97,304000.0,0.0
02389.HK,2004-11-25,0.96,0.97,0.95,0.97,344000.0,0.0
02389.HK,2004-11-26,0.97,0.99,0.97,0.99,200000.0,0.0
02389.HK,2004-11-29,1.0,1.0,0.99,0.99,124000.0,0.0
02389.HK,2004-11-30,0.99,1.0,0.99,0.99,140000.0,0.0
02389.HK,2004-12-01,0.97,0.97,0.95,0.95,544000.0,0.0
02389.HK,2004-12-02,0.95,0.97,0.95,0.95,238000.0,0.0
02389.HK,2004-12-03,0.94,0.94,0.85,0.86,3620000.0,0.0
02389.HK,2004-12-06,0.87,0.9,0.87,0.87,688000.0,0.0
02389.HK,2004-12-07,0.87,0.89,0.84,0.85,1416000.0,0.0
02389.HK,2004-12-08,0.85,0.85,0.82,0.82,100000.0,0.0
02389.HK,2004-12-09,0.82,0.82,0.75,0.77,1738000.0,0.0
02389.HK,2004-12-10,0.75,0.77,0.75,0.77,980000.0,0.0
02389.HK,2004-12-13,0.75,0.78,0.75,0.78,208000.0,0.0
02389.HK,2004-12-14,0.78,0.79,0.76,0.79,72000.0,0.0
02389.HK,2004-12-15,0.79,0.79,0.76,0.78,136000.0,0.0
02389.HK,2004-12-16,0.75,0.76,0.75,0.76,444000.0,0.0
02389.HK,2004-12-17,0.75,0.77,0.75,0.75,460000.0,0.0
02389.HK,2004-12-20,0.76,0.76,0.75,0.75,420000.0,0.0
02389.HK,2004-12-21,0.76,0.76,0.75,0.75,308000.0,0.0
02389.HK,2004-12-22,0.75,0.76,0.75,0.75,544000.0,0.0
02389.HK,2004-12-23,0.75,0.78,0.75,0.77,304000.0,0.0
02389.HK,2004-12-24,0.77,0.77,0.77,0.77,60000.0,0.0
02389.HK,2004-12-28,0.76,0.77,0.76,0.76,188000.0,0.0
02389.HK,2004-12-29,0.76,0.78,0.75,0.78,540000.0,0.0
02389.HK,2004-12-30,0.78,0.79,0.76,0.76,68000.0,0.0
02389.HK,2004-12-31,0.78,0.78,0.78,0.78,40000.0,0.0
02389.HK,2005-01-03,0.78,0.78,0.76,0.77,184000.0,0.0
02389.HK,2005-01-04,0.77,0.78,0.75,0.77,2076000.0,0.0
02389.HK,2005-01-05,0.76,0.78,0.76,0.78,168000.0,0.0
02389.HK,2005-01-06,0.78,0.88,0.78,0.83,1440000.0,0.0
02389.HK,2005-01-07,0.85,0.85,0.8,0.8,428000.0,0.0
02389.HK,2005-01-10,0.82,0.83,0.82,0.83,28000.0,0.0
02389.HK,2005-01-11,0.82,0.83,0.79,0.8,216000.0,0.0
02389.HK,2005-01-12,0.81,0.81,0.79,0.8,248000.0,0.0
02389.HK,2005-01-13,0.79,0.8,0.79,0.8,12000.0,0.0
02389.HK,2005-01-14,0.8,0.8,0.8,0.8,0.0,0.0
02389.HK,2005-01-17,0.79,0.8,0.78,0.8,72000.0,0.0
02389.HK,2005-01-18,0.78,0.78,0.77,0.78,184000.0,0.0
02389.HK,2005-01-19,0.78,0.82,0.78,0.81,524000.0,0.0
02389.HK,2005-01-20,0.79,0.8,0.77,0.8,128000.0,0.0
02389.HK,2005-01-21,0.78,0.79,0.78,0.79,156000.0,0.0
02389.HK,2005-01-24,0.79,0.79,0.79,0.79,0.0,0.0
02389.HK,2005-01-25,0.79,0.79,0.78,0.79,116000.0,0.0
02389.HK,2005-01-26,0.78,0.79,0.78,0.79,148000.0,0.0
02389.HK,2005-01-27,0.78,0.78,0.78,0.78,60000.0,0.0
02389.HK,2005-01-28,0.77,0.78,0.77,0.78,16000.0,0.0
02389.HK,2005-01-31,0.77,0.78,0.76,0.78,116000.0,0.0
02389.HK,2005-02-01,0.77,0.78,0.77,0.78,112000.0,0.0
02389.HK,2005-02-02,0.78,0.78,0.78,0.78,20000.0,0.0
02389.HK,2005-02-03,0.78,0.81,0.78,0.78,144000.0,0.0
02389.HK,2005-02-04,0.78,0.78,0.77,0.78,52000.0,0.0
02389.HK,2005-02-07,0.79,0.79,0.77,0.77,60000.0,0.0
02389.HK,2005-02-08,0.77,0.77,0.77,0.77,148000.0,0.0
02389.HK,2005-02-14,0.77,0.77,0.77,0.77,60000.0,0.0
02389.HK,2005-02-15,0.78,0.78,0.77,0.78,84000.0,0.0
02389.HK,2005-02-16,0.78,0.79,0.78,0.78,100000.0,0.0
02389.HK,2005-02-17,0.79,0.79,0.79,0.79,300000.0,0.0
02389.HK,2005-02-18,0.78,0.79,0.78,0.79,108000.0,0.0
02389.HK,2005-02-21,0.77,0.77,0.77,0.77,196000.0,0.0
02389.HK,2005-02-22,0.77,0.78,0.77,0.78,200000.0,0.0
02389.HK,2005-02-23,0.76,0.78,0.76,0.78,208000.0,0.0
02389.HK,2005-02-24,0.8,0.81,0.77,0.78,556000.0,0.0
02389.HK,2005-02-25,0.78,0.79,0.78,0.79,132000.0,0.0
02389.HK,2005-02-28,0.79,0.79,0.78,0.78,52000.0,0.0
02389.HK,2005-03-01,0.78,0.84,0.78,0.83,860000.0,0.0
02389.HK,2005-03-02,0.82,0.91,0.82,0.84,2088000.0,0.0
02389.HK,2005-03-03,0.86,0.94,0.86,0.93,2976000.0,0.0
02389.HK,2005-03-04,0.9,0.9,0.83,0.83,1228000.0,0.0
02389.HK,2005-03-07,0.84,0.9,0.84,0.89,1828000.0,0.0
02389.HK,2005-03-08,0.88,0.88,0.86,0.87,728000.0,0.0
02389.HK,2005-03-09,0.87,0.87,0.84,0.85,704000.0,0.0
02389.HK,2005-03-10,0.84,0.85,0.83,0.84,548000.0,0.0
02389.HK,2005-03-11,0.85,0.87,0.85,0.87,520000.0,0.0
02389.HK,2005-03-14,0.86,0.87,0.86,0.86,348000.0,0.0
02389.HK,2005-03-15,0.85,0.85,0.83,0.85,540000.0,0.0
02389.HK,2005-03-16,0.83,0.84,0.82,0.84,360000.0,0.0
02389.HK,2005-03-17,0.82,0.82,0.82,0.82,1712000.0,0.0
02389.HK,2005-03-18,0.82,0.82,0.79,0.8,2032000.0,0.0
02389.HK,2005-03-21,0.8,0.8,0.78,0.78,876000.0,0.0
02389.HK,2005-03-22,0.78,0.79,0.78,0.79,120000.0,0.0
02389.HK,2005-03-23,0.79,0.79,0.79,0.79,0.0,0.0
02389.HK,2005-03-24,0.77,0.79,0.77,0.79,96000.0,0.0
02389.HK,2005-03-29,0.78,0.79,0.78,0.79,40000.0,0.0
02389.HK,2005-03-30,0.77,0.79,0.77,0.79,204000.0,0.0
02389.HK,2005-03-31,0.79,0.8,0.79,0.8,68000.0,0.0
02389.HK,2005-04-01,0.8,0.8,0.8,0.8,48000.0,0.0
02389.HK,2005-04-04,0.77,0.8,0.77,0.8,52000.0,0.0
02389.HK,2005-04-06,0.8,0.8,0.8,0.8,28000.0,0.0
02389.HK,2005-04-07,0.8,0.8,0.8,0.8,60000.0,0.0
02389.HK,2005-04-08,0.81,0.84,0.81,0.83,752000.0,0.0
02389.HK,2005-04-11,0.82,0.82,0.8,0.81,500000.0,0.0
02389.HK,2005-04-12,0.79,0.82,0.79,0.82,64000.0,0.0
02389.HK,2005-04-13,0.8,0.81,0.8,0.81,32000.0,0.0
02389.HK,2005-04-14,0.81,0.81,0.8,0.8,140000.0,0.0
02389.HK,2005-04-15,0.79,0.79,0.78,0.79,292000.0,0.0
02389.HK,2005-04-18,0.79,0.8,0.79,0.8,40000.0,0.0
02389.HK,2005-04-19,0.8,0.8,0.8,0.8,16000.0,0.0
02389.HK,2005-04-20,0.79,0.8,0.79,0.8,108000.0,0.0
02389.HK,2005-04-21,0.81,0.81,0.79,0.81,508000.0,0.0
02389.HK,2005-04-22,0.8,0.8,0.79,0.8,52000.0,0.0
02389.HK,2005-04-25,0.8,0.8,0.78,0.8,992000.0,0.0
02389.HK,2005-04-26,0.79,0.79,0.78,0.79,376000.0,0.0
02389.HK,2005-04-27,0.78,0.79,0.78,0.79,152000.0,0.0
02389.HK,2005-04-28,0.79,0.79,0.78,0.79,232000.0,0.0
02389.HK,2005-04-29,0.78,0.79,0.78,0.79,132000.0,0.0
02389.HK,2005-05-03,0.78,0.79,0.78,0.79,284000.0,0.0
02389.HK,2005-05-04,0.78,0.79,0.78,0.79,208000.0,0.0
02389.HK,2005-05-05,0.79,0.79,0.78,0.79,284000.0,0.0
02389.HK,2005-05-06,0.78,0.79,0.78,0.78,264000.0,0.0
02389.HK,2005-05-09,0.79,0.79,0.78,0.79,172000.0,0.0
02389.HK,2005-05-10,0.78,0.8,0.78,0.78,280000.0,0.0
02389.HK,2005-05-11,0.79,0.81,0.79,0.8,128000.0,0.0
02389.HK,2005-05-12,0.79,0.79,0.78,0.79,144000.0,0.0
02389.HK,2005-05-13,0.78,0.79,0.76,0.78,272000.0,0.0
02389.HK,2005-05-17,0.78,0.78,0.78,0.78,0.0,0.0
02389.HK,2005-05-18,0.78,0.78,0.77,0.78,248000.0,0.0
02389.HK,2005-05-19,0.78,0.78,0.78,0.78,36000.0,0.0
02389.HK,2005-05-20,0.77,0.78,0.77,0.78,32000.0,0.0
02389.HK,2005-05-23,0.78,0.78,0.78,0.78,12000.0,0.0
02389.HK,2005-05-24,0.78,0.78,0.78,0.78,20000.0,0.0
02389.HK,2005-05-25,0.78,0.78,0.78,0.78,184000.0,0.0
02389.HK,2005-05-26,0.77,0.78,0.77,0.78,236000.0,0.0
02389.HK,2005-05-27,0.78,0.78,0.77,0.77,144000.0,0.0
02389.HK,2005-05-30,0.77,0.77,0.77,0.77,220000.0,0.0
02389.HK,2005-05-31,0.77,0.77,0.77,0.77,64000.0,0.0
02389.HK,2005-06-01,0.82,0.82,0.79,0.79,20000.0,0.0
02389.HK,2005-06-02,0.79,0.79,0.78,0.78,160000.0,0.0
02389.HK,2005-06-03,0.78,0.78,0.78,0.78,56000.0,0.0
02389.HK,2005-06-06,0.77,0.77,0.77,0.77,164000.0,0.0
02389.HK,2005-06-07,0.77,0.77,0.76,0.77,160000.0,0.0
02389.HK,2005-06-08,0.76,0.77,0.75,0.77,528000.0,0.0
02389.HK,2005-06-09,0.77,0.77,0.76,0.77,64000.0,0.0
02389.HK,2005-06-10,0.76,0.76,0.76,0.76,184000.0,0.0
02389.HK,2005-06-13,0.76,0.76,0.76,0.76,48000.0,0.0
02389.HK,2005-06-14,0.76,0.76,0.76,0.76,0.0,0.0
02389.HK,2005-06-15,0.78,0.78,0.78,0.78,12000.0,0.0
02389.HK,2005-06-16,0.78,0.78,0.78,0.78,0.0,0.0
02389.HK,2005-06-17,0.78,0.78,0.78,0.78,0.0,0.0
02389.HK,2005-06-20,0.78,0.78,0.78,0.78,28000.0,0.0
02389.HK,2005-06-21,0.78,0.78,0.78,0.78,0.0,0.0
02389.HK,2005-06-22,0.78,0.78,0.78,0.78,0.0,0.0
02389.HK,2005-06-23,0.76,0.76,0.76,0.76,40000.0,0.0
02389.HK,2005-06-24,0.76,0.76,0.76,0.76,0.0,0.0
02389.HK,2005-06-27,0.75,0.75,0.75,0.75,148000.0,0.0
02389.HK,2005-06-28,0.75,0.75,0.74,0.74,220000.0,0.0
02389.HK,2005-06-29,0.75,0.75,0.75,0.75,200000.0,0.0
02389.HK,2005-06-30,0.74,0.74,0.74,0.74,20000.0,0.0
02389.HK,2005-07-04,0.74,0.74,0.74,0.74,32000.0,0.0
02389.HK,2005-07-05,0.74,0.74,0.74,0.74,44000.0,0.0
02389.HK,2005-07-06,0.74,0.74,0.74,0.74,200000.0,0.0
02389.HK,2005-07-07,0.74,0.74,0.69,0.7,628000.0,0.0
02389.HK,2005-07-08,0.687,0.687,0.687,0.687,0.0,0.0
02389.HK,2005-07-11,0.68,0.68,0.68,0.68,20000.0,0.0
02389.HK,2005-07-12,0.68,0.68,0.68,0.68,0.0,0.0
02389.HK,2005-07-13,0.68,0.68,0.68,0.68,0.0,0.0
02389.HK,2005-07-14,0.68,0.7,0.66,0.7,376000.0,0.0
02389.HK,2005-07-15,0.7,0.7,0.7,0.7,20000.0,0.0
02389.HK,2005-07-18,0.7,0.7,0.7,0.7,40000.0,0.0
02389.HK,2005-07-19,0.68,0.7,0.67,0.7,80000.0,0.0
02389.HK,2005-07-20,0.68,0.7,0.68,0.7,80000.0,0.0
02389.HK,2005-07-21,0.68,0.68,0.67,0.68,40000.0,0.0
02389.HK,2005-07-22,0.67,0.67,0.67,0.67,20000.0,0.0
02389.HK,2005-07-25,0.67,0.67,0.66,0.67,96000.0,0.0
02389.HK,2005-07-26,0.67,0.69,0.67,0.69,36000.0,0.0
02389.HK,2005-07-27,0.68,0.68,0.68,0.68,20000.0,0.0
02389.HK,2005-07-28,0.67,0.68,0.67,0.68,20000.0,0.0
02389.HK,2005-07-29,0.69,0.69,0.69,0.69,20000.0,0.0
02389.HK,2005-08-01,0.67,0.68,0.67,0.68,56000.0,0.0
02389.HK,2005-08-02,0.67,0.68,0.67,0.67,224000.0,0.0
02389.HK,2005-08-03,0.67,0.69,0.67,0.69,424000.0,0.0
02389.HK,2005-08-04,0.68,0.68,0.68,0.68,56000.0,0.0
02389.HK,2005-08-05,0.71,0.71,0.68,0.68,168000.0,0.0
02389.HK,2005-08-08,0.67,0.67,0.67,0.67,12000.0,0.0
02389.HK,2005-08-09,0.69,0.69,0.69,0.69,68000.0,0.0
02389.HK,2005-08-10,0.67,0.67,0.67,0.67,88000.0,0.0
02389.HK,2005-08-11,0.67,0.67,0.66,0.67,188000.0,0.0
02389.HK,2005-08-12,0.66,0.66,0.65,0.66,244000.0,0.0
02389.HK,2005-08-15,0.65,0.65,0.65,0.65,20000.0,0.0
02389.HK,2005-08-16,0.64,0.64,0.63,0.63,584000.0,0.0
02389.HK,2005-08-17,0.62,0.62,0.62,0.62,92000.0,0.0
02389.HK,2005-08-18,0.62,0.62,0.58,0.59,484000.0,0.0
02389.HK,2005-08-19,0.58,0.58,0.58,0.58,32000.0,0.0
02389.HK,2005-08-22,0.6,0.6,0.6,0.6,20000.0,0.0
02389.HK,2005-08-23,0.6,0.6,0.6,0.6,92000.0,0.0
02389.HK,2005-08-24,0.59,0.59,0.59,0.59,100000.0,0.0
02389.HK,2005-08-25,0.58,0.59,0.57,0.59,176000.0,0.0
02389.HK,2005-08-26,0.59,0.59,0.59,0.59,0.0,0.0
02389.HK,2005-08-29,0.57,0.58,0.56,0.57,368000.0,0.0
02389.HK,2005-08-30,0.57,0.57,0.55,0.55,180000.0,0.0
02389.HK,2005-08-31,0.54,0.54,0.54,0.54,60000.0,0.0
02389.HK,2005-09-01,0.54,0.54,0.54,0.54,20000.0,0.0
02389.HK,2005-09-02,0.55,0.55,0.54,0.54,76000.0,0.0
02389.HK,2005-09-05,0.54,0.54,0.53,0.53,72000.0,0.0
02389.HK,2005-09-06,0.54,0.54,0.54,0.54,40000.0,0.0
02389.HK,2005-09-07,0.53,0.53,0.53,0.53,12000.0,0.0
02389.HK,2005-09-08,0.55,0.55,0.55,0.55,20000.0,0.0
02389.HK,2005-09-09,0.55,0.55,0.55,0.55,0.0,0.0
02389.HK,2005-09-12,0.55,0.55,0.53,0.53,180000.0,0.0
02389.HK,2005-09-13,0.53,0.53,0.53,0.53,84000.0,0.0
02389.HK,2005-09-14,0.53,0.54,0.53,0.54,48000.0,0.0
02389.HK,2005-09-15,0.53,0.54,0.51,0.54,244000.0,0.0
02389.HK,2005-09-16,0.53,0.53,0.52,0.52,520000.0,0.0
02389.HK,2005-09-20,0.52,0.52,0.52,0.52,0.0,0.0
02389.HK,2005-09-21,0.52,0.52,0.52,0.52,0.0,0.0
02389.HK,2005-09-22,0.51,0.51,0.49,0.49,396000.0,0.0
02389.HK,2005-09-23,0.485,0.485,0.46,0.46,444000.0,0.0
02389.HK,2005-09-26,0.455,0.46,0.435,0.46,320000.0,0.0
02389.HK,2005-09-27,0.43,0.46,0.415,0.46,144000.0,0.0
02389.HK,2005-09-28,0.46,0.46,0.46,0.46,20000.0,0.0
02389.HK,2005-09-29,0.46,0.46,0.46,0.46,20000.0,0.0
02389.HK,2005-09-30,0.46,0.46,0.46,0.46,0.0,0.0
02389.HK,2005-10-03,0.46,0.46,0.46,0.46,0.0,0.0
02389.HK,2005-10-04,0.46,0.46,0.46,0.46,0.0,0.0
02389.HK,2005-10-05,0.46,0.46,0.46,0.46,0.0,0.0
02389.HK,2005-10-06,0.42,0.46,0.42,0.46,48000.0,0.0
02389.HK,2005-10-07,0.425,0.44,0.425,0.44,20000.0,0.0
02389.HK,2005-10-10,0.44,0.44,0.44,0.44,0.0,0.0
02389.HK,2005-10-12,0.44,0.44,0.44,0.44,40000.0,0.0
02389.HK,2005-10-13,0.44,0.44,0.44,0.44,0.0,0.0
02389.HK,2005-10-14,0.42,0.42,0.42,0.42,208000.0,0.0
02389.HK,2005-10-17,0.42,0.42,0.42,0.42,48000.0,0.0
02389.HK,2005-10-18,0.42,0.42,0.42,0.42,0.0,0.0
02389.HK,2005-10-19,0.415,0.415,0.415,0.415,20000.0,0.0
02389.HK,2005-10-20,0.355,0.41,0.355,0.41,64000.0,0.0
02389.HK,2005-10-21,0.41,0.41,0.41,0.41,0.0,0.0
02389.HK,2005-10-24,0.41,0.41,0.41,0.41,40000.0,0.0
02389.HK,2005-10-25,0.41,0.41,0.41,0.41,48000.0,0.0
02389.HK,2005-10-26,0.41,0.42,0.405,0.405,112000.0,0.0
02389.HK,2005-10-27,0.405,0.405,0.405,0.405,128000.0,0.0
02389.HK,2005-10-28,0.43,0.43,0.405,0.405,150000.0,0.0
02389.HK,2005-10-31,0.42,0.43,0.42,0.43,40000.0,0.0
02389.HK,2005-11-01,0.44,0.44,0.44,0.44,40000.0,0.0
02389.HK,2005-11-02,0.44,0.44,0.44,0.44,0.0,0.0
02389.HK,2005-11-03,0.44,0.44,0.44,0.44,0.0,0.0
02389.HK,2005-11-04,0.41,0.41,0.41,0.41,100000.0,0.0
02389.HK,2005-11-07,0.41,0.41,0.41,0.41,0.0,0.0
02389.HK,2005-11-08,0.38,0.4,0.38,0.4,12000.0,0.0
02389.HK,2005-11-09,0.4,0.4,0.4,0.4,0.0,0.0
02389.HK,2005-11-10,0.42,0.42,0.4,0.4,76000.0,0.0
02389.HK,2005-11-11,0.4,0.41,0.4,0.41,20000.0,0.0
02389.HK,2005-11-14,0.41,0.41,0.41,0.41,60000.0,0.0
02389.HK,2005-11-15,0.42,0.42,0.42,0.42,0.0,0.0
02389.HK,2005-11-16,0.41,0.41,0.41,0.41,8000.0,0.0
02389.HK,2005-11-17,0.41,0.41,0.41,0.41,0.0,0.0
02389.HK,2005-11-18,0.44,0.44,0.44,0.44,20000.0,0.0
02389.HK,2005-11-21,0.44,0.44,0.44,0.44,16000.0,0.0
02389.HK,2005-11-22,0.44,0.44,0.44,0.44,0.0,0.0
02389.HK,2005-11-23,0.44,0.44,0.44,0.44,0.0,0.0
02389.HK,2005-11-24,0.46,0.46,0.46,0.46,220000.0,0.0
02389.HK,2005-11-25,0.46,0.46,0.46,0.46,0.0,0.0
02389.HK,2005-11-28,0.45,0.45,0.44,0.44,64000.0,0.0
02389.HK,2005-11-29,0.44,0.44,0.44,0.44,0.0,0.0
02389.HK,2005-11-30,0.44,0.44,0.44,0.44,20000.0,0.0
02389.HK,2005-12-01,0.45,0.45,0.45,0.45,12000.0,0.0
02389.HK,2005-12-02,0.44,0.44,0.44,0.44,76000.0,0.0
02389.HK,2005-12-05,0.43,0.46,0.43,0.46,12000.0,0.0
02389.HK,2005-12-06,0.47,0.5,0.47,0.5,20000.0,0.0
02389.HK,2005-12-07,0.52,0.52,0.5,0.51,124000.0,0.0
02389.HK,2005-12-08,0.52,0.52,0.51,0.51,188000.0,0.0
02389.HK,2005-12-09,0.52,0.52,0.5,0.51,40000.0,0.0
02389.HK,2005-12-12,0.51,0.51,0.51,0.51,0.0,0.0
02389.HK,2005-12-13,0.51,0.51,0.51,0.51,0.0,0.0
02389.HK,2005-12-14,0.48,0.5,0.48,0.5,108000.0,0.0
02389.HK,2005-12-15,0.5,0.5,0.5,0.5,60000.0,0.0
02389.HK,2005-12-16,0.48,0.48,0.48,0.48,76000.0,0.0
02389.HK,2005-12-19,0.48,0.48,0.48,0.48,20000.0,0.0
02389.HK,2005-12-20,0.48,0.48,0.48,0.48,20000.0,0.0
02389.HK,2005-12-21,0.48,0.48,0.48,0.48,0.0,0.0
02389.HK,2005-12-22,0.48,0.48,0.48,0.48,0.0,0.0
02389.HK,2005-12-23,0.48,0.48,0.48,0.48,24000.0,0.0
02389.HK,2005-12-28,0.49,0.49,0.49,0.49,0.0,0.0
02389.HK,2005-12-29,0.49,0.49,0.49,0.49,0.0,0.0
02389.HK,2005-12-30,0.5,0.51,0.5,0.5,220000.0,0.0
02389.HK,2006-01-03,0.5,0.5,0.5,0.5,0.0,0.0
02389.HK,2006-01-04,0.5,0.5,0.5,0.5,0.0,0.0
02389.HK,2006-01-05,0.5,0.5,0.5,0.5,0.0,0.0
02389.HK,2006-01-06,0.48,0.48,0.48,0.48,60000.0,0.0
02389.HK,2006-01-09,0.48,0.48,0.48,0.48,0.0,0.0
02389.HK,2006-01-10,0.48,0.48,0.48,0.48,76000.0,0.0
02389.HK,2006-01-11,0.48,0.48,0.48,0.48,120000.0,0.0
02389.HK,2006-01-12,0.48,0.5,0.44,0.5,132000.0,0.0
02389.HK,2006-01-13,0.49,0.49,0.49,0.49,0.0,0.0
02389.HK,2006-01-16,0.49,0.49,0.48,0.48,300000.0,0.0
02389.HK,2006-01-17,0.47,0.47,0.47,0.47,40000.0,0.0
02389.HK,2006-01-18,0.45,0.46,0.45,0.45,260000.0,0.0
02389.HK,2006-01-19,0.465,0.465,0.45,0.45,148000.0,0.0
02389.HK,2006-01-20,0.45,0.45,0.45,0.45,0.0,0.0
02389.HK,2006-01-23,0.45,0.46,0.45,0.46,84000.0,0.0
02389.HK,2006-01-24,0.46,0.46,0.46,0.46,0.0,0.0
02389.HK,2006-01-25,0.475,0.475,0.475,0.475,20000.0,0.0
02389.HK,2006-01-26,0.475,0.475,0.475,0.475,0.0,0.0
02389.HK,2006-01-27,0.475,0.475,0.46,0.46,188000.0,0.0
02389.HK,2006-02-01,0.455,0.455,0.455,0.455,180000.0,0.0
02389.HK,2006-02-02,0.455,0.455,0.455,0.455,0.0,0.0
02389.HK,2006-02-03,0.455,0.455,0.455,0.455,0.0,0.0
02389.HK,2006-02-06,0.44,0.46,0.44,0.44,128000.0,0.0
02389.HK,2006-02-07,0.46,0.46,0.46,0.46,228000.0,0.0
02389.HK,2006-02-08,0.46,0.46,0.46,0.46,1200000.0,0.0
02389.HK,2006-02-09,0.44,0.45,0.44,0.45,420000.0,0.0
02389.HK,2006-02-10,0.445,0.46,0.445,0.45,120000.0,0.0
02389.HK,2006-02-13,0.46,0.46,0.44,0.44,148000.0,0.0
02389.HK,2006-02-14,0.44,0.44,0.44,0.44,0.0,0.0
02389.HK,2006-02-15,0.435,0.435,0.435,0.435,20000.0,0.0
02389.HK,2006-02-16,0.425,0.425,0.42,0.42,504000.0,0.0
02389.HK,2006-02-17,0.435,0.435,0.435,0.435,20000.0,0.0
02389.HK,2006-02-20,0.445,0.46,0.43,0.43,376000.0,0.0
02389.HK,2006-02-21,0.415,0.415,0.415,0.415,40000.0,0.0
02389.HK,2006-02-22,0.415,0.42,0.4,0.42,272000.0,0.0
02389.HK,2006-02-23,0.42,0.42,0.42,0.42,0.0,0.0
02389.HK,2006-02-24,0.42,0.42,0.42,0.42,60000.0,0.0
02389.HK,2006-02-27,0.42,0.42,0.41,0.41,48000.0,0.0
02389.HK,2006-02-28,0.42,0.42,0.42,0.42,152000.0,0.0
02389.HK,2006-03-01,0.44,0.45,0.44,0.44,100000.0,0.0
02389.HK,2006-03-02,0.44,0.44,0.44,0.44,0.0,0.0
02389.HK,2006-03-03,0.41,0.41,0.41,0.41,100000.0,0.0
02389.HK,2006-03-06,0.42,0.42,0.41,0.41,276000.0,0.0
02389.HK,2006-03-07,0.4,0.4,0.4,0.4,80000.0,0.0
02389.HK,2006-03-08,0.4,0.4,0.4,0.4,0.0,0.0
02389.HK,2006-03-09,0.41,0.41,0.41,0.41,100000.0,0.0
02389.HK,2006-03-10,0.41,0.41,0.41,0.41,0.0,0.0
02389.HK,2006-03-13,0.41,0.41,0.41,0.41,0.0,0.0
02389.HK,2006-03-14,0.4,0.4,0.4,0.4,88000.0,0.0
02389.HK,2006-03-15,0.4,0.4,0.4,0.4,0.0,0.0
02389.HK,2006-03-16,0.4,0.4,0.4,0.4,172000.0,0.0
02389.HK,2006-03-17,0.4,0.41,0.4,0.4,444000.0,0.0
02389.HK,2006-03-20,0.4,0.42,0.4,0.42,116000.0,0.0
02389.HK,2006-03-21,0.32,0.4,0.32,0.39,304000.0,0.0
02389.HK,2006-03-22,0.39,0.39,0.39,0.39,100000.0,0.0
02389.HK,2006-03-23,0.39,0.39,0.39,0.39,0.0,0.0
02389.HK,2006-03-24,0.39,0.39,0.39,0.39,0.0,0.0
02389.HK,2006-03-27,0.39,0.39,0.39,0.39,0.0,0.0
02389.HK,2006-03-28,0.38,0.39,0.38,0.39,32000.0,0.0
02389.HK,2006-03-29,0.35,0.38,0.35,0.38,48000.0,0.0
02389.HK,2006-03-30,0.38,0.38,0.38,0.38,0.0,0.0
02389.HK,2006-03-31,0.38,0.38,0.38,0.38,0.0,0.0
02389.HK,2006-04-03,0.38,0.38,0.38,0.38,20000.0,0.0
02389.HK,2006-04-04,0.38,0.38,0.38,0.38,0.0,0.0
02389.HK,2006-04-06,0.38,0.38,0.38,0.38,80000.0,0.0
02389.HK,2006-04-07,0.39,0.39,0.39,0.39,40000.0,0.0
02389.HK,2006-04-10,0.395,0.425,0.395,0.425,156000.0,0.0
02389.HK,2006-04-11,0.425,0.425,0.425,0.425,0.0,0.0
02389.HK,2006-04-12,0.425,0.425,0.425,0.425,0.0,0.0
02389.HK,2006-04-13,0.39,0.39,0.39,0.39,40000.0,0.0
02389.HK,2006-04-18,0.39,0.39,0.39,0.39,120000.0,0.0
02389.HK,2006-04-19,0.37,0.39,0.37,0.39,20000.0,0.0
02389.HK,2006-04-20,0.39,0.4,0.36,0.37,572000.0,0.0
02389.HK,2006-04-21,0.38,0.38,0.36,0.36,1032000.0,0.0
02389.HK,2006-04-24,0.36,0.36,0.36,0.36,0.0,0.0
02389.HK,2006-04-25,0.36,0.36,0.36,0.36,0.0,0.0
02389.HK,2006-04-26,0.49,0.49,0.46,0.46,4000.0,0.0
02389.HK,2006-04-27,0.45,0.45,0.45,0.45,0.0,0.0
02389.HK,2006-04-28,0.45,0.45,0.45,0.45,0.0,0.0
02389.HK,2006-05-02,0.445,0.445,0.445,0.445,0.0,0.0
02389.HK,2006-05-03,0.445,0.445,0.445,0.445,0.0,0.0
02389.HK,2006-05-04,0.445,0.445,0.445,0.445,0.0,0.0
02389.HK,2006-05-08,0.445,0.445,0.445,0.445,0.0,0.0
02389.HK,2006-05-09,0.445,0.445,0.445,0.445,0.0,0.0
02389.HK,2006-05-10,0.375,0.415,0.365,0.405,124000.0,0.0
02389.HK,2006-05-11,0.395,0.395,0.395,0.395,0.0,0.0
02389.HK,2006-05-12,0.39,0.39,0.39,0.39,0.0,0.0
02389.HK,2006-05-15,0.39,0.39,0.39,0.39,0.0,0.0
02389.HK,2006-05-16,0.36,0.39,0.36,0.37,132000.0,0.0
02389.HK,2006-05-17,0.35,0.35,0.35,0.35,80000.0,0.0
02389.HK,2006-05-18,0.28,0.335,0.28,0.335,176000.0,0.0
02389.HK,2006-05-19,0.335,0.335,0.335,0.335,0.0,0.0
02389.HK,2006-05-22,0.27,0.28,0.265,0.265,172000.0,0.0
02389.HK,2006-05-23,0.265,0.265,0.265,0.265,0.0,0.0
02389.HK,2006-05-24,0.265,0.265,0.265,0.265,24000.0,0.0
02389.HK,2006-05-25,0.28,0.28,0.28,0.28,20000.0,0.0
02389.HK,2006-05-26,0.29,0.29,0.29,0.29,20000.0,0.0
02389.HK,2006-05-29,0.29,0.29,0.29,0.29,20000.0,0.0
02389.HK,2006-05-30,0.29,0.29,0.29,0.29,20000.0,0.0
02389.HK,2006-06-01,0.29,0.29,0.29,0.29,0.0,0.0
02389.HK,2006-06-02,0.29,0.29,0.29,0.29,20000.0,0.0
02389.HK,2006-06-05,0.28,0.28,0.28,0.28,112000.0,0.0
02389.HK,2006-06-06,0.28,0.28,0.28,0.28,0.0,0.0
02389.HK,2006-06-07,0.29,0.29,0.29,0.29,68000.0,0.0
02389.HK,2006-06-08,0.27,0.27,0.27,0.27,16000.0,0.0
02389.HK,2006-06-09,0.27,0.27,0.27,0.27,0.0,0.0
02389.HK,2006-06-12,0.27,0.27,0.27,0.27,0.0,0.0
02389.HK,2006-06-13,0.27,0.27,0.27,0.27,0.0,0.0
02389.HK,2006-06-14,0.28,0.28,0.28,0.28,20000.0,0.0
02389.HK,2006-06-15,0.28,0.28,0.28,0.28,0.0,0.0
02389.HK,2006-06-16,0.28,0.28,0.28,0.28,0.0,0.0
02389.HK,2006-06-19,0.28,0.28,0.28,0.28,0.0,0.0
02389.HK,2006-06-20,0.28,0.28,0.28,0.28,28000.0,0.0
02389.HK,2006-06-21,0.28,0.28,0.28,0.28,0.0,0.0
02389.HK,2006-06-22,0.28,0.28,0.28,0.28,0.0,0.0
02389.HK,2006-06-23,0.25,0.25,0.25,0.25,20000.0,0.0
02389.HK,2006-06-26,0.25,0.25,0.25,0.25,0.0,0.0
02389.HK,2006-06-27,0.25,0.25,0.25,0.25,0.0,0.0
02389.HK,2006-06-28,0.25,0.25,0.25,0.25,0.0,0.0
02389.HK,2006-06-29,0.25,0.25,0.25,0.25,0.0,0.0
02389.HK,2006-06-30,0.25,0.25,0.25,0.25,0.0,0.0
02389.HK,2006-07-03,0.28,0.28,0.28,0.28,104000.0,0.0
02389.HK,2006-07-04,0.26,0.26,0.248,0.248,2808000.0,0.0
02389.HK,2006-07-05,0.248,0.248,0.248,0.248,0.0,0.0
02389.HK,2006-07-06,0.25,0.25,0.25,0.25,612000.0,0.0
02389.HK,2006-07-07,0.248,0.248,0.248,0.248,52000.0,0.0
02389.HK,2006-07-10,0.248,0.248,0.248,0.248,0.0,0.0
02389.HK,2006-07-11,0.248,0.248,0.248,0.248,0.0,0.0
02389.HK,2006-07-12,0.248,0.248,0.248,0.248,0.0,0.0
02389.HK,2006-07-13,0.24,0.28,0.24,0.244,2144000.0,0.0
02389.HK,2006-07-14,0.244,0.244,0.244,0.244,0.0,0.0
02389.HK,2006-07-17,0.238,0.244,0.238,0.238,40000.0,0.0
02389.HK,2006-07-18,0.234,0.234,0.234,0.234,660000.0,0.0
02389.HK,2006-07-19,0.233,0.233,0.233,0.233,16000.0,0.0
02389.HK,2006-07-20,0.21,0.232,0.21,0.228,160000.0,0.0
02389.HK,2006-07-21,0.232,0.232,0.23,0.23,220000.0,0.0
02389.HK,2006-07-24,0.23,0.23,0.23,0.23,0.0,0.0
02389.HK,2006-07-25,0.23,0.23,0.23,0.23,0.0,0.0
02389.HK,2006-07-26,0.23,0.23,0.23,0.23,0.0,0.0
02389.HK,2006-07-27,0.23,0.23,0.23,0.23,0.0,0.0
02389.HK,2006-07-28,0.23,0.23,0.23,0.23,0.0,0.0
02389.HK,2006-07-31,0.161,0.23,0.161,0.23,12000.0,0.0
02389.HK,2006-08-01,0.23,0.23,0.23,0.23,0.0,0.0
02389.HK,2006-08-02,0.235,0.235,0.213,0.221,1012000.0,0.0
02389.HK,2006-08-03,0.229,0.229,0.229,0.229,4000.0,0.0
02389.HK,2006-08-04,0.229,0.229,0.229,0.229,0.0,0.0
02389.HK,2006-08-07,0.2,0.201,0.2,0.201,384000.0,0.0
02389.HK,2006-08-08,0.201,0.201,0.201,0.201,0.0,0.0
02389.HK,2006-08-09,0.201,0.201,0.201,0.201,0.0,0.0
02389.HK,2006-08-10,0.201,0.201,0.201,0.201,0.0,0.0
02389.HK,2006-08-11,0.201,0.201,0.201,0.201,0.0,0.0
02389.HK,2006-08-14,0.199,0.199,0.199,0.199,0.0,0.0
02389.HK,2006-08-15,0.199,0.199,0.199,0.199,0.0,0.0
02389.HK,2006-08-16,0.199,0.2,0.199,0.2,240000.0,0.0
02389.HK,2006-08-17,0.2,0.2,0.2,0.2,0.0,0.0
02389.HK,2006-08-18,0.2,0.2,0.2,0.2,0.0,0.0
02389.HK,2006-08-21,0.2,0.2,0.2,0.2,0.0,0.0
02389.HK,2006-08-22,0.2,0.2,0.2,0.2,0.0,0.0
02389.HK,2006-08-23,0.2,0.2,0.2,0.2,0.0,0.0
02389.HK,2006-08-24,0.2,0.2,0.2,0.2,40000.0,0.0
02389.HK,2006-08-25,0.2,0.2,0.2,0.2,0.0,0.0
02389.HK,2006-08-28,0.2,0.2,0.2,0.2,0.0,0.0
02389.HK,2006-08-29,0.2,0.2,0.2,0.2,0.0,0.0
02389.HK,2006-08-30,0.2,0.2,0.2,0.2,0.0,0.0
02389.HK,2006-08-31,0.2,0.2,0.2,0.2,0.0,0.0
02389.HK,2006-09-01,0.2,0.2,0.2,0.2,0.0,0.0
02389.HK,2006-09-04,0.2,0.2,0.2,0.2,0.0,0.0
02389.HK,2006-09-05,0.2,0.2,0.2,0.2,12000.0,0.0
02389.HK,2006-09-06,0.2,0.2,0.2,0.2,0.0,0.0
02389.HK,2006-09-07,0.2,0.2,0.2,0.2,120000.0,0.0
02389.HK,2006-09-08,0.2,0.2,0.2,0.2,0.0,0.0
02389.HK,2006-09-11,0.2,0.2,0.2,0.2,0.0,0.0
02389.HK,2006-09-12,0.2,0.2,0.2,0.2,0.0,0.0
02389.HK,2006-09-13,0.2,0.2,0.2,0.2,0.0,0.0
02389.HK,2006-09-14,0.2,0.2,0.2,0.2,0.0,0.0
02389.HK,2006-09-15,0.208,0.208,0.208,0.208,0.0,0.0
02389.HK,2006-09-18,0.156,0.164,0.156,0.164,36000.0,0.0
02389.HK,2006-09-19,0.2,0.21,0.2,0.21,48000.0,0.0
02389.HK,2006-09-20,0.21,0.21,0.21,0.21,0.0,0.0
02389.HK,2006-09-21,0.21,0.21,0.21,0.21,0.0,0.0
02389.HK,2006-09-22,0.21,0.21,0.21,0.21,0.0,0.0
02389.HK,2006-09-25,0.21,0.21,0.21,0.21,0.0,0.0
02389.HK,2006-09-26,0.21,0.21,0.21,0.21,0.0,0.0
02389.HK,2006-09-27,0.21,0.21,0.21,0.21,0.0,0.0
02389.HK,2006-09-28,0.14,0.21,0.14,0.21,128000.0,0.0
02389.HK,2006-09-29,0.21,0.21,0.21,0.21,0.0,0.0
02389.HK,2006-10-03,0.21,0.21,0.21,0.21,0.0,0.0
02389.HK,2006-10-04,0.2,0.2,0.2,0.2,100000.0,0.0
02389.HK,2006-10-05,0.2,0.2,0.2,0.2,36000.0,0.0
02389.HK,2006-10-06,0.2,0.2,0.2,0.2,0.0,0.0
02389.HK,2006-10-09,0.21,0.21,0.21,0.21,60000.0,0.0
02389.HK,2006-10-10,0.2,0.21,0.2,0.21,636000.0,0.0
02389.HK,2006-10-11,0.21,0.22,0.21,0.213,1620000.0,0.0
02389.HK,2006-10-12,0.2,0.2,0.2,0.2,200000.0,0.0
02389.HK,2006-10-13,0.2,0.2,0.2,0.2,0.0,0.0
02389.HK,2006-10-16,0.2,0.2,0.2,0.2,0.0,0.0
02389.HK,2006-10-17,0.2,0.2,0.2,0.2,0.0,0.0
02389.HK,2006-10-18,0.2,0.2,0.2,0.2,1276000.0,0.0
02389.HK,2006-10-19,0.2,0.2,0.2,0.2,0.0,0.0
02389.HK,2006-10-20,0.2,0.2,0.2,0.2,0.0,0.0
02389.HK,2006-10-23,0.2,0.2,0.2,0.2,0.0,0.0
02389.HK,2006-10-24,0.2,0.2,0.2,0.2,100000.0,0.0
02389.HK,2006-10-25,0.2,0.2,0.2,0.2,0.0,0.0
02389.HK,2006-10-26,0.2,0.2,0.2,0.2,0.0,0.0
02389.HK,2006-10-27,0.2,0.2,0.2,0.2,0.0,0.0
02389.HK,2006-10-31,0.2,0.2,0.2,0.2,0.0,0.0
02389.HK,2006-11-01,0.2,0.2,0.2,0.2,0.0,0.0
02389.HK,2006-11-02,0.2,0.2,0.2,0.2,0.0,0.0
02389.HK,2006-11-03,0.2,0.2,0.2,0.2,0.0,0.0
02389.HK,2006-11-06,0.2,0.2,0.2,0.2,20000.0,0.0
02389.HK,2006-11-07,0.2,0.2,0.2,0.2,48000.0,0.0
02389.HK,2006-11-08,0.2,0.2,0.2,0.2,0.0,0.0
02389.HK,2006-11-09,0.2,0.2,0.2,0.2,12000.0,0.0
02389.HK,2006-11-10,0.2,0.2,0.2,0.2,0.0,0.0
02389.HK,2006-11-13,0.2,0.2,0.2,0.2,0.0,0.0
02389.HK,2006-11-14,0.2,0.2,0.2,0.2,0.0,0.0
02389.HK,2006-11-15,0.2,0.2,0.2,0.2,0.0,0.0
02389.HK,2006-11-16,0.22,0.22,0.22,0.22,48000.0,0.0
02389.HK,2006-11-17,0.21,0.21,0.21,0.21,60000.0,0.0
02389.HK,2006-11-20,0.21,0.21,0.21,0.21,0.0,0.0
02389.HK,2006-11-21,0.21,0.21,0.21,0.21,0.0,0.0
02389.HK,2006-11-22,0.21,0.21,0.21,0.21,0.0,0.0
02389.HK,2006-11-23,0.23,0.23,0.2,0.2,184000.0,0.0
02389.HK,2006-11-24,0.2,0.2,0.2,0.2,448000.0,0.0
02389.HK,2006-11-27,0.2,0.21,0.2,0.21,112000.0,0.0
02389.HK,2006-11-28,0.21,0.21,0.21,0.21,0.0,0.0
02389.HK,2006-11-29,0.21,0.21,0.21,0.21,0.0,0.0
02389.HK,2006-11-30,0.21,0.21,0.21,0.21,0.0,0.0
02389.HK,2006-12-01,0.23,0.23,0.23,0.23,1048000.0,0.0
02389.HK,2006-12-04,0.2,0.2,0.2,0.2,548000.0,0.0
02389.HK,2006-12-05,0.2,0.2,0.2,0.2,0.0,0.0
02389.HK,2006-12-06,0.2,0.2,0.2,0.2,0.0,0.0
02389.HK,2006-12-07,0.189,0.189,0.189,0.189,24000.0,0.0
02389.HK,2006-12-08,0.209,0.209,0.209,0.209,100000.0,0.0
02389.HK,2006-12-11,0.208,0.208,0.208,0.208,0.0,0.0
02389.HK,2006-12-12,0.208,0.208,0.208,0.208,0.0,0.0
02389.HK,2006-12-13,0.208,0.208,0.208,0.208,0.0,0.0
02389.HK,2006-12-14,0.208,0.208,0.208,0.208,0.0,0.0
02389.HK,2006-12-15,0.2,0.2,0.2,0.2,0.0,0.0
02389.HK,2006-12-18,0.2,0.2,0.2,0.2,0.0,0.0
02389.HK,2006-12-19,0.2,0.2,0.2,0.2,0.0,0.0
02389.HK,2006-12-20,0.18,0.18,0.18,0.18,60000.0,0.0
02389.HK,2006-12-21,0.18,0.18,0.18,0.18,0.0,0.0
02389.HK,2006-12-22,0.18,0.18,0.18,0.18,0.0,0.0
02389.HK,2006-12-27,0.19,0.19,0.18,0.18,520000.0,0.0
02389.HK,2006-12-28,0.2,0.2,0.2,0.2,52000.0,0.0
02389.HK,2006-12-29,0.2,0.2,0.2,0.2,16000.0,0.0
02389.HK,2007-01-02,0.2,0.2,0.19,0.19,80000.0,0.0
02389.HK,2007-01-03,0.19,0.19,0.19,0.19,0.0,0.0
02389.HK,2007-01-04,0.2,0.2,0.2,0.2,200000.0,0.0
02389.HK,2007-01-05,0.2,0.2,0.2,0.2,0.0,0.0
02389.HK,2007-01-08,0.2,0.2,0.2,0.2,0.0,0.0
02389.HK,2007-01-09,0.19,0.19,0.17,0.18,100000.0,0.0
02389.HK,2007-01-10,0.18,0.18,0.18,0.18,1300000.0,0.0
02389.HK,2007-01-11,0.2,0.2,0.2,0.2,100000.0,0.0
02389.HK,2007-01-12,0.2,0.2,0.18,0.18,440000.0,0.0
02389.HK,2007-01-15,0.18,0.18,0.18,0.18,1100000.0,0.0
02389.HK,2007-01-16,0.192,0.192,0.18,0.18,236000.0,0.0
02389.HK,2007-01-17,0.18,0.18,0.18,0.18,932000.0,0.0
02389.HK,2007-01-18,0.182,0.182,0.18,0.18,300000.0,0.0
02389.HK,2007-01-19,0.18,0.18,0.18,0.18,0.0,0.0
02389.HK,2007-01-22,0.18,0.18,0.18,0.18,456000.0,0.0
02389.HK,2007-01-23,0.18,0.18,0.18,0.18,0.0,0.0
02389.HK,2007-01-24,0.19,0.19,0.176,0.176,732000.0,0.0
02389.HK,2007-01-25,0.176,0.176,0.176,0.176,0.0,0.0
02389.HK,2007-01-26,0.176,0.176,0.176,0.176,8000.0,0.0
02389.HK,2007-01-29,0.176,0.176,0.176,0.176,0.0,0.0
02389.HK,2007-01-30,0.18,0.18,0.176,0.176,2140000.0,0.0
02389.HK,2007-01-31,0.178,0.18,0.178,0.18,692000.0,0.0
02389.HK,2007-02-01,0.19,0.19,0.176,0.176,432000.0,0.0
02389.HK,2007-02-02,0.176,0.176,0.176,0.176,344000.0,0.0
02389.HK,2007-02-05,0.183,0.183,0.181,0.181,340000.0,0.0
02389.HK,2007-02-06,0.18,0.18,0.18,0.18,32000.0,0.0
02389.HK,2007-02-07,0.18,0.18,0.18,0.18,20000.0,0.0
02389.HK,2007-02-08,0.18,0.18,0.18,0.18,0.0,0.0
02389.HK,2007-02-09,0.18,0.18,0.18,0.18,48000.0,0.0
02389.HK,2007-02-12,0.18,0.18,0.175,0.18,100000.0,0.0
02389.HK,2007-02-13,0.18,0.18,0.18,0.18,0.0,0.0
02389.HK,2007-02-14,0.171,0.182,0.171,0.182,80000.0,0.0
02389.HK,2007-02-15,0.2,0.222,0.19,0.219,14976000.0,0.0
02389.HK,2007-02-16,0.219,0.295,0.219,0.255,33620000.0,0.0
02389.HK,2007-02-21,0.25,0.26,0.237,0.242,3000000.0,0.0
02389.HK,2007-02-22,0.238,0.238,0.228,0.229,2300000.0,0.0
02389.HK,2007-02-23,0.22,0.239,0.22,0.231,1280000.0,0.0
02389.HK,2007-02-26,0.235,0.27,0.232,0.26,5432000.0,0.0
02389.HK,2007-02-27,0.265,0.275,0.238,0.25,5184000.0,0.0
02389.HK,2007-02-28,0.25,0.25,0.25,0.25,0.0,0.0
02389.HK,2007-03-01,0.25,0.255,0.236,0.236,620000.0,0.0
02389.HK,2007-03-02,0.25,0.25,0.22,0.22,368000.0,0.0
02389.HK,2007-03-05,0.196,0.2,0.178,0.179,712000.0,0.0
02389.HK,2007-03-06,0.192,0.192,0.19,0.192,276000.0,0.0
02389.HK,2007-03-07,0.2,0.219,0.197,0.197,1560000.0,0.0
02389.HK,2007-03-08,0.23,0.23,0.181,0.201,508000.0,0.0
02389.HK,2007-03-09,0.201,0.201,0.201,0.201,0.0,0.0
02389.HK,2007-03-12,0.196,0.196,0.196,0.196,76000.0,0.0
02389.HK,2007-03-13,0.19,0.19,0.19,0.19,100000.0,0.0
02389.HK,2007-03-14,0.208,0.208,0.191,0.196,292000.0,0.0
02389.HK,2007-03-15,0.215,0.225,0.215,0.225,484000.0,0.0
02389.HK,2007-03-16,0.206,0.224,0.206,0.224,244000.0,0.0
02389.HK,2007-03-19,0.224,0.224,0.224,0.224,0.0,0.0
02389.HK,2007-03-20,0.233,0.26,0.233,0.233,1520000.0,0.0
02389.HK,2007-03-21,0.23,0.23,0.215,0.215,260000.0,0.0
02389.HK,2007-03-22,0.215,0.215,0.215,0.215,0.0,0.0
02389.HK,2007-03-23,0.215,0.215,0.2,0.215,300000.0,0.0
02389.HK,2007-03-26,0.201,0.21,0.2,0.21,500000.0,0.0
02389.HK,2007-03-27,0.21,0.21,0.21,0.21,0.0,0.0
02389.HK,2007-03-28,0.21,0.21,0.201,0.201,208000.0,0.0
02389.HK,2007-03-29,0.205,0.205,0.2,0.201,240000.0,0.0
02389.HK,2007-03-30,0.203,0.203,0.203,0.203,1000000.0,0.0
02389.HK,2007-04-02,0.2,0.201,0.2,0.201,60000.0,0.0
02389.HK,2007-04-03,0.21,0.21,0.21,0.21,100000.0,0.0
02389.HK,2007-04-04,0.218,0.25,0.215,0.25,400000.0,0.0
02389.HK,2007-04-10,0.249,0.25,0.23,0.248,716000.0,0.0
02389.HK,2007-04-11,0.248,0.25,0.245,0.248,660000.0,0.0
02389.HK,2007-04-12,0.248,0.248,0.245,0.245,452000.0,0.0
02389.HK,2007-04-13,0.24,0.245,0.24,0.24,244000.0,0.0
02389.HK,2007-04-16,0.23,0.23,0.205,0.23,2404000.0,0.0
02389.HK,2007-04-17,0.21,0.223,0.207,0.215,920000.0,0.0
02389.HK,2007-04-18,0.215,0.23,0.215,0.23,616000.0,0.0
02389.HK,2007-04-19,0.23,0.23,0.23,0.23,524000.0,0.0
02389.HK,2007-04-20,0.23,0.234,0.22,0.22,688000.0,0.0
02389.HK,2007-04-23,0.225,0.23,0.22,0.22,1184000.0,0.0
02389.HK,2007-04-24,0.23,0.23,0.211,0.23,1200000.0,0.0
02389.HK,2007-04-25,0.238,0.255,0.238,0.24,4392000.0,0.0
02389.HK,2007-04-26,0.245,0.345,0.245,0.31,19432000.0,0.0
02389.HK,2007-04-27,0.32,0.325,0.265,0.3,5328000.0,0.0
02389.HK,2007-04-30,0.3,0.3,0.27,0.28,2404000.0,0.0
02389.HK,2007-05-02,0.28,0.28,0.28,0.28,392000.0,0.0
02389.HK,2007-05-03,0.28,0.3,0.28,0.28,1112000.0,0.0
02389.HK,2007-05-04,0.28,0.29,0.28,0.28,324000.0,0.0
02389.HK,2007-05-07,0.27,0.275,0.27,0.275,308000.0,0.0
02389.HK,2007-05-08,0.26,0.27,0.26,0.265,896000.0,0.0
02389.HK,2007-05-09,0.265,0.265,0.265,0.265,0.0,0.0
02389.HK,2007-05-10,0.27,0.27,0.26,0.27,532000.0,0.0
02389.HK,2007-05-11,0.27,0.27,0.27,0.27,0.0,0.0
02389.HK,2007-05-14,0.26,0.28,0.26,0.28,268000.0,0.0
02389.HK,2007-05-15,0.25,0.25,0.25,0.25,40000.0,0.0
02389.HK,2007-05-16,0.25,0.25,0.245,0.25,484000.0,0.0
02389.HK,2007-05-17,0.26,0.32,0.26,0.29,1672000.0,0.0
02389.HK,2007-05-18,0.295,0.31,0.295,0.3,820000.0,0.0
02389.HK,2007-05-21,0.3,0.31,0.295,0.31,1856000.0,0.0
02389.HK,2007-05-22,0.31,0.31,0.3,0.3,672000.0,0.0
02389.HK,2007-05-23,0.295,0.3,0.295,0.3,820000.0,0.0
02389.HK,2007-05-25,0.3,0.33,0.29,0.33,2848000.0,0.0
02389.HK,2007-05-28,0.34,0.395,0.34,0.355,5692000.0,0.0
02389.HK,2007-05-29,0.37,0.39,0.36,0.38,1960000.0,0.0
02389.HK,2007-05-30,0.39,0.48,0.39,0.44,4600000.0,0.0
02389.HK,2007-05-31,0.45,0.58,0.45,0.54,6544000.0,0.0
02389.HK,2007-06-01,0.52,0.52,0.465,0.47,2204000.0,0.0
02389.HK,2007-06-04,0.46,0.5,0.46,0.48,844000.0,0.0
02389.HK,2007-06-05,0.47,0.48,0.43,0.48,1296000.0,0.0
02389.HK,2007-06-06,0.48,0.48,0.47,0.47,332000.0,0.0
02389.HK,2007-06-07,0.43,0.47,0.43,0.45,478000.0,0.0
02389.HK,2007-06-08,0.45,0.47,0.45,0.47,1776000.0,0.0
02389.HK,2007-06-11,0.51,0.51,0.475,0.48,1660000.0,0.0
02389.HK,2007-06-12,0.495,0.51,0.47,0.47,1268000.0,0.0
02389.HK,2007-06-13,0.455,0.46,0.44,0.45,1256000.0,0.0
02389.HK,2007-06-14,0.45,0.46,0.43,0.43,708000.0,0.0
02389.HK,2007-06-15,0.4,0.44,0.385,0.385,988000.0,0.0
02389.HK,2007-06-18,0.4,0.51,0.4,0.49,2972000.0,0.0
02389.HK,2007-06-20,0.49,0.49,0.49,0.49,0.0,0.0
02389.HK,2007-06-21,0.49,0.49,0.49,0.49,0.0,0.0
02389.HK,2007-06-22,0.49,0.49,0.49,0.49,0.0,0.0
02389.HK,2007-06-25,0.49,0.49,0.49,0.49,0.0,0.0
02389.HK,2007-06-26,0.6,0.6,0.6,0.6,0.0,0.0
02389.HK,2007-06-27,0.6,0.6,0.49,0.53,5084000.0,0.0
02389.HK,2007-06-28,0.55,0.58,0.53,0.53,4032000.0,0.0
02389.HK,2007-06-29,0.53,0.58,0.47,0.485,4056000.0,0.0
02389.HK,2007-07-03,0.46,0.47,0.425,0.44,1168000.0,0.0
02389.HK,2007-07-04,0.44,0.46,0.44,0.45,500000.0,0.0
02389.HK,2007-07-05,0.46,0.46,0.42,0.46,1032000.0,0.0
02389.HK,2007-07-06,0.46,0.46,0.445,0.445,392000.0,0.0
02389.HK,2007-07-09,0.45,0.52,0.45,0.52,564000.0,0.0
02389.HK,2007-07-10,0.55,0.55,0.52,0.53,1436000.0,0.0
02389.HK,2007-07-11,0.52,0.61,0.455,0.6,2132000.0,0.0
02389.HK,2007-07-12,0.55,0.63,0.53,0.59,2148000.0,0.0
02389.HK,2007-07-13,0.59,0.59,0.52,0.52,1208000.0,0.0
02389.HK,2007-07-16,0.59,0.7,0.53,0.69,9164000.0,0.0
02389.HK,2007-07-17,0.74,0.77,0.61,0.66,4696000.0,0.0
02389.HK,2007-07-18,0.65,0.69,0.6,0.67,3340000.0,0.0
02389.HK,2007-07-19,0.67,0.67,0.61,0.66,1000000.0,0.0
02389.HK,2007-07-20,0.7,0.95,0.68,0.95,13072000.0,0.0
02389.HK,2007-07-23,1.05,1.08,0.89,0.97,17204000.0,0.0
02389.HK,2007-07-24,1.0,1.32,1.0,1.19,40896000.0,0.0
02389.HK,2007-07-25,1.15,1.27,1.15,1.2,13386000.0,0.0
02389.HK,2007-07-26,1.24,1.49,1.21,1.38,27298000.0,0.0
02389.HK,2007-07-27,1.34,1.36,1.0,1.16,17074000.0,0.0
02389.HK,2007-07-30,1.15,1.19,1.01,1.06,9720000.0,0.0
02389.HK,2007-07-31,1.08,1.15,1.01,1.09,7256000.0,0.0
02389.HK,2007-08-01,1.09,1.24,1.05,1.14,12338000.0,0.0
02389.HK,2007-08-02,1.2,1.62,1.14,1.42,46952000.0,0.0
02389.HK,2007-08-03,1.42,1.42,1.42,1.42,0.0,0.0
02389.HK,2007-08-06,1.42,1.42,1.42,1.42,0.0,0.0
02389.HK,2007-08-07,1.42,1.42,1.42,1.42,0.0,0.0
02389.HK,2007-08-08,1.42,1.42,1.42,1.42,0.0,0.0
02389.HK,2007-08-09,1.42,1.42,1.42,1.42,0.0,0.0
02389.HK,2007-08-10,1.42,1.42,1.42,1.42,0.0,0.0
02389.HK,2007-08-13,0.92,0.92,0.92,0.92,0.0,0.0
02389.HK,2007-08-14,0.96,0.96,0.82,0.91,8136000.0,0.0
02389.HK,2007-08-15,0.84,0.89,0.83,0.85,3744000.0,0.0
02389.HK,2007-08-16,0.82,0.82,0.65,0.74,3952000.0,0.0
02389.HK,2007-08-17,0.7,0.74,0.57,0.72,4744000.0,0.0
02389.HK,2007-08-20,0.74,0.83,0.74,0.8,2060000.0,0.0
02389.HK,2007-08-21,0.8,0.8,0.71,0.72,764000.0,0.0
02389.HK,2007-08-22,0.72,0.77,0.69,0.77,1884000.0,0.0
02389.HK,2007-08-23,0.8,0.8,0.71,0.73,1012000.0,0.0
02389.HK,2007-08-24,0.74,0.87,0.68,0.83,2952000.0,0.0
02389.HK,2007-08-27,0.87,0.88,0.83,0.83,2032000.0,0.0
02389.HK,2007-08-28,0.78,0.79,0.78,0.79,188000.0,0.0
02389.HK,2007-08-29,0.78,0.78,0.72,0.77,500000.0,0.0
02389.HK,2007-08-30,0.73,0.75,0.73,0.73,1004000.0,0.0
02389.HK,2007-08-31,0.73,0.87,0.73,0.84,2316000.0,0.0
02389.HK,2007-09-03,0.83,0.88,0.82,0.88,2250000.0,0.0
02389.HK,2007-09-04,0.86,0.86,0.71,0.73,952000.0,0.0
02389.HK,2007-09-05,0.75,0.83,0.75,0.82,768000.0,0.0
02389.HK,2007-09-06,0.75,0.87,0.75,0.84,480000.0,0.0
02389.HK,2007-09-07,0.85,0.86,0.8,0.81,664000.0,0.0
02389.HK,2007-09-10,0.81,0.81,0.81,0.81,124000.0,0.0
02389.HK,2007-09-11,0.85,0.85,0.8,0.82,420000.0,0.0
02389.HK,2007-09-12,0.81,0.86,0.8,0.84,1516000.0,0.0
02389.HK,2007-09-13,0.86,1.12,0.85,1.0,12812000.0,0.0
02389.HK,2007-09-14,1.01,1.06,0.92,0.92,3584000.0,0.0
02389.HK,2007-09-17,0.85,1.04,0.82,1.0,5916000.0,0.0
02389.HK,2007-09-18,1.0,1.0,0.96,0.98,480000.0,0.0
02389.HK,2007-09-19,0.97,1.03,0.93,0.97,2620000.0,0.0
02389.HK,2007-09-20,0.93,0.95,0.82,0.88,1472000.0,0.0
02389.HK,2007-09-21,0.93,0.93,0.88,0.88,548000.0,0.0
02389.HK,2007-09-24,0.87,0.87,0.79,0.83,1816000.0,0.0
02389.HK,2007-09-25,0.8,0.83,0.8,0.81,616000.0,0.0
02389.HK,2007-09-27,0.79,0.84,0.77,0.83,974000.0,0.0
02389.HK,2007-09-28,0.83,0.85,0.83,0.85,584000.0,0.0
02389.HK,2007-10-02,0.85,0.85,0.8,0.82,2408000.0,0.0
02389.HK,2007-10-03,0.8,0.8,0.76,0.77,1924000.0,0.0
02389.HK,2007-10-04,0.76,0.8,0.76,0.79,484000.0,0.0
02389.HK,2007-10-05,0.8,0.89,0.8,0.87,1464000.0,0.0
02389.HK,2007-10-08,0.83,0.84,0.8,0.82,816000.0,0.0
02389.HK,2007-10-09,0.79,0.84,0.79,0.84,732000.0,0.0
02389.HK,2007-10-10,0.8,0.86,0.8,0.86,336000.0,0.0
02389.HK,2007-10-11,0.83,0.83,0.81,0.82,644000.0,0.0
02389.HK,2007-10-12,0.81,0.81,0.8,0.8,1036000.0,0.0
02389.HK,2007-10-15,0.81,0.83,0.81,0.82,1776000.0,0.0
02389.HK,2007-10-16,0.82,0.82,0.78,0.78,1468000.0,0.0
02389.HK,2007-10-17,0.8,0.85,0.8,0.81,1232000.0,0.0
02389.HK,2007-10-18,0.8,0.82,0.8,0.82,956000.0,0.0
02389.HK,2007-10-22,0.82,0.82,0.79,0.8,704000.0,0.0
02389.HK,2007-10-23,0.78,0.8,0.78,0.8,316000.0,0.0
02389.HK,2007-10-24,0.79,0.81,0.79,0.81,772000.0,0.0
02389.HK,2007-10-25,0.81,0.88,0.81,0.86,1096000.0,0.0
02389.HK,2007-10-26,0.86,0.94,0.86,0.94,1144000.0,0.0
02389.HK,2007-10-29,0.98,1.22,0.95,1.02,8356000.0,0.0
02389.HK,2007-10-30,1.0,1.02,0.87,0.96,2312000.0,0.0
02389.HK,2007-10-31,0.92,0.95,0.92,0.95,232000.0,0.0
02389.HK,2007-11-01,0.94,1.0,0.93,0.98,556000.0,0.0
02389.HK,2007-11-02,0.95,1.05,0.95,1.0,1312000.0,0.0
02389.HK,2007-11-05,0.96,0.96,0.91,0.91,440000.0,0.0
02389.HK,2007-11-06,0.92,0.93,0.9,0.91,672000.0,0.0
02389.HK,2007-11-07,0.96,0.96,0.9,0.9,216000.0,0.0
02389.HK,2007-11-08,0.9,1.03,0.9,0.95,1928000.0,0.0
02389.HK,2007-11-09,0.94,1.0,0.94,1.0,860000.0,0.0
02389.HK,2007-11-12,0.98,1.01,0.95,0.99,780000.0,0.0
02389.HK,2007-11-13,1.02,1.02,0.95,0.95,1496000.0,0.0
02389.HK,2007-11-14,0.97,0.97,0.94,0.94,848000.0,0.0
02389.HK,2007-11-15,0.94,0.95,0.93,0.93,496000.0,0.0
02389.HK,2007-11-16,0.95,0.96,0.9,0.91,708000.0,0.0
02389.HK,2007-11-19,0.94,1.0,0.94,0.97,2124000.0,0.0
02389.HK,2007-11-20,1.0,1.0,0.96,0.98,624000.0,0.0
02389.HK,2007-11-21,0.98,1.1,0.98,1.1,5648000.0,0.0
02389.HK,2007-11-22,1.1,1.35,1.08,1.1,8044000.0,0.0
02389.HK,2007-11-23,1.13,1.13,1.05,1.06,1696000.0,0.0
02389.HK,2007-11-26,1.06,1.06,1.03,1.04,1044000.0,0.0
02389.HK,2007-11-27,1.02,1.02,1.0,1.02,80000.0,0.0
02389.HK,2007-11-28,1.09,1.09,0.98,0.99,696000.0,0.0
02389.HK,2007-11-29,0.97,1.03,0.97,1.0,612000.0,0.0
02389.HK,2007-11-30,1.0,1.1,1.0,1.08,1612000.0,0.0
02389.HK,2007-12-03,1.08,1.15,1.06,1.06,1334000.0,0.0
02389.HK,2007-12-04,1.03,1.05,1.03,1.03,256000.0,0.0
02389.HK,2007-12-05,1.04,1.08,1.0,1.05,1598000.0,0.0
02389.HK,2007-12-06,1.05,1.05,1.05,1.05,48000.0,0.0
02389.HK,2007-12-07,1.03,1.03,0.98,0.98,644000.0,0.0
02389.HK,2007-12-10,0.98,0.98,0.95,0.95,228000.0,0.0
02389.HK,2007-12-11,0.95,0.98,0.95,0.98,84000.0,0.0
02389.HK,2007-12-12,0.95,0.95,0.94,0.94,80000.0,0.0
02389.HK,2007-12-13,0.99,1.1,0.99,1.06,1420000.0,0.0
02389.HK,2007-12-14,1.06,1.09,1.04,1.04,664000.0,0.0
02389.HK,2007-12-17,1.01,1.03,0.99,0.99,256000.0,0.0
02389.HK,2007-12-18,0.98,0.98,0.93,0.98,280000.0,0.0
02389.HK,2007-12-19,1.0,1.0,0.96,0.96,272000.0,0.0
02389.HK,2007-12-20,0.96,0.96,0.95,0.95,104000.0,0.0
02389.HK,2007-12-21,0.95,0.95,0.95,0.95,20000.0,0.0
02389.HK,2007-12-24,0.95,0.99,0.9,0.95,432000.0,0.0
02389.HK,2007-12-27,0.94,0.94,0.87,0.93,740000.0,0.0
02389.HK,2007-12-28,0.92,0.92,0.85,0.89,68000.0,0.0
02389.HK,2007-12-31,0.83,0.85,0.83,0.85,64000.0,0.0
02389.HK,2008-01-02,0.83,0.84,0.82,0.82,140000.0,0.0
02389.HK,2008-01-03,0.8,0.82,0.78,0.82,208000.0,0.0
02389.HK,2008-01-04,0.87,1.0,0.87,0.9,120000.0,0.0
02389.HK,2008-01-07,0.9,0.9,0.89,0.89,100000.0,0.0
02389.HK,2008-01-08,0.81,0.82,0.76,0.8,316000.0,0.0
02389.HK,2008-01-09,0.78,0.8,0.78,0.8,120000.0,0.0
02389.HK,2008-01-10,0.78,0.78,0.76,0.76,40000.0,0.0
02389.HK,2008-01-11,0.79,0.8,0.79,0.79,63000.0,0.0
02389.HK,2008-01-14,0.73,0.73,0.73,0.73,20000.0,0.0
02389.HK,2008-01-15,0.74,0.75,0.74,0.75,216000.0,0.0
02389.HK,2008-01-16,0.75,0.75,0.7,0.73,248000.0,0.0
02389.HK,2008-01-17,0.73,0.73,0.62,0.71,280000.0,0.0
02389.HK,2008-01-18,0.68,0.7,0.68,0.7,140000.0,0.0
02389.HK,2008-01-21,0.7,0.7,0.7,0.7,0.0,0.0
02389.HK,2008-01-22,0.7,0.81,0.65,0.65,1080000.0,0.0
02389.HK,2008-01-23,0.71,0.71,0.69,0.71,320000.0,0.0
02389.HK,2008-01-24,0.71,0.71,0.71,0.71,4000.0,0.0
02389.HK,2008-01-25,0.73,0.73,0.73,0.73,68000.0,0.0
02389.HK,2008-01-28,0.74,0.74,0.7,0.74,52000.0,0.0
02389.HK,2008-01-29,0.72,0.74,0.72,0.74,108000.0,0.0
02389.HK,2008-01-30,0.74,0.74,0.74,0.74,8000.0,0.0
02389.HK,2008-01-31,0.74,0.74,0.7,0.74,68000.0,0.0
02389.HK,2008-02-01,0.74,0.79,0.74,0.79,236000.0,0.0
02389.HK,2008-02-04,0.74,0.78,0.7,0.78,180000.0,0.0
02389.HK,2008-02-05,0.79,0.8,0.7,0.79,352000.0,0.0
02389.HK,2008-02-06,0.79,0.79,0.79,0.79,0.0,0.0
02389.HK,2008-02-11,0.7,0.7,0.7,0.7,48000.0,0.0
02389.HK,2008-02-12,0.7,0.7,0.7,0.7,0.0,0.0
02389.HK,2008-02-13,0.7,0.72,0.7,0.72,8000.0,0.0
02389.HK,2008-02-14,0.72,0.75,0.72,0.72,32000.0,0.0
02389.HK,2008-02-15,0.72,0.72,0.72,0.72,0.0,0.0
02389.HK,2008-02-18,0.76,0.76,0.76,0.76,108000.0,0.0
02389.HK,2008-02-19,0.7,0.76,0.68,0.69,432000.0,0.0
02389.HK,2008-02-20,0.72,0.72,0.64,0.69,408000.0,0.0
02389.HK,2008-02-21,0.65,0.66,0.51,0.54,4052000.0,0.0
02389.HK,2008-02-22,0.51,0.52,0.48,0.5,1604000.0,0.0
02389.HK,2008-02-25,0.53,0.53,0.485,0.5,228000.0,0.0
02389.HK,2008-02-26,0.5,0.5,0.49,0.5,500000.0,0.0
02389.HK,2008-02-27,0.5,0.51,0.49,0.51,356000.0,0.0
02389.HK,2008-02-28,0.51,0.52,0.51,0.51,684000.0,0.0
02389.HK,2008-02-29,0.49,0.5,0.47,0.495,980000.0,0.0
02389.HK,2008-03-03,0.475,0.49,0.475,0.49,172000.0,0.0
02389.HK,2008-03-04,0.48,0.48,0.44,0.45,1004000.0,0.0
02389.HK,2008-03-05,0.42,0.435,0.38,0.42,1400000.0,0.0
02389.HK,2008-03-06,0.405,0.45,0.38,0.45,2412000.0,0.0
02389.HK,2008-03-07,0.42,0.445,0.42,0.44,128000.0,0.0
02389.HK,2008-03-10,0.44,0.44,0.44,0.44,0.0,0.0
02389.HK,2008-03-11,0.44,0.44,0.44,0.44,0.0,0.0
02389.HK,2008-03-12,0.44,0.44,0.44,0.44,0.0,0.0
02389.HK,2008-03-13,0.44,0.44,0.44,0.44,0.0,0.0
02389.HK,2008-03-14,0.44,0.44,0.44,0.44,0.0,0.0
02389.HK,2008-03-17,0.44,0.485,0.35,0.485,2896000.0,0.0
02389.HK,2008-03-18,0.5,0.5,0.42,0.5,220000.0,0.0
02389.HK,2008-03-19,0.46,0.54,0.46,0.46,328000.0,0.0
02389.HK,2008-03-20,0.5,0.5,0.47,0.5,328000.0,0.0
02389.HK,2008-03-25,0.5,0.5,0.5,0.5,0.0,0.0
02389.HK,2008-03-26,0.5,0.5,0.5,0.5,0.0,0.0
02389.HK,2008-03-27,0.48,0.48,0.47,0.47,68000.0,0.0
02389.HK,2008-03-28,0.46,0.47,0.455,0.47,100000.0,0.0
02389.HK,2008-03-31,0.465,0.465,0.465,0.465,0.0,0.0
02389.HK,2008-04-01,0.465,0.465,0.465,0.465,0.0,0.0
02389.HK,2008-04-02,0.45,0.45,0.41,0.45,816000.0,0.0
02389.HK,2008-04-03,0.45,0.45,0.45,0.45,0.0,0.0
02389.HK,2008-04-07,0.45,0.45,0.45,0.45,0.0,0.0
02389.HK,2008-04-08,0.45,0.45,0.45,0.45,0.0,0.0
02389.HK,2008-04-09,0.41,0.41,0.4,0.41,152000.0,0.0
02389.HK,2008-04-10,0.4,0.4,0.4,0.4,44000.0,0.0
02389.HK,2008-04-11,0.41,0.41,0.41,0.41,20000.0,0.0
02389.HK,2008-04-14,0.405,0.405,0.405,0.405,100000.0,0.0
02389.HK,2008-04-15,0.405,0.405,0.4,0.4,4000.0,0.0
02389.HK,2008-04-16,0.4,0.4,0.4,0.4,0.0,0.0
02389.HK,2008-04-17,0.385,0.385,0.385,0.385,0.0,0.0
02389.HK,2008-04-18,0.355,0.355,0.35,0.35,52000.0,0.0
02389.HK,2008-04-21,0.35,0.35,0.35,0.35,0.0,0.0
02389.HK,2008-04-22,0.34,0.34,0.34,0.34,0.0,0.0
02389.HK,2008-04-23,0.34,0.34,0.33,0.33,200000.0,0.0
02389.HK,2008-04-24,0.305,0.34,0.3,0.34,664000.0,0.0
02389.HK,2008-04-25,0.31,0.32,0.31,0.32,88000.0,0.0
02389.HK,2008-04-28,0.3,0.34,0.3,0.34,52000.0,0.0
02389.HK,2008-04-29,0.32,0.34,0.32,0.34,92000.0,0.0
02389.HK,2008-04-30,0.33,0.33,0.305,0.305,112000.0,0.0
02389.HK,2008-05-02,0.3,0.305,0.3,0.305,8000.0,0.0
02389.HK,2008-05-05,0.305,0.305,0.305,0.305,0.0,0.0
02389.HK,2008-05-06,0.3,0.36,0.3,0.36,392000.0,0.0
02389.HK,2008-05-07,0.33,0.38,0.325,0.37,224000.0,0.0
02389.HK,2008-05-08,0.37,0.37,0.37,0.37,0.0,0.0
02389.HK,2008-05-09,0.33,0.36,0.33,0.36,24000.0,0.0
02389.HK,2008-05-13,0.39,0.39,0.33,0.345,88000.0,0.0
02389.HK,2008-05-14,0.345,0.345,0.345,0.345,0.0,0.0
02389.HK,2008-05-15,0.345,0.345,0.345,0.345,0.0,0.0
02389.HK,2008-05-16,0.31,0.33,0.31,0.33,200000.0,0.0
02389.HK,2008-05-19,0.34,0.38,0.34,0.38,196000.0,0.0
02389.HK,2008-05-20,0.38,0.39,0.38,0.39,52000.0,0.0
02389.HK,2008-05-21,0.39,0.39,0.39,0.39,0.0,0.0
02389.HK,2008-05-22,0.335,0.39,0.335,0.335,24000.0,0.0
02389.HK,2008-05-23,0.39,0.39,0.385,0.385,16000.0,0.0
02389.HK,2008-05-26,0.38,0.39,0.335,0.39,68000.0,0.0
02389.HK,2008-05-27,0.39,0.39,0.39,0.39,0.0,0.0
02389.HK,2008-05-28,0.335,0.395,0.335,0.38,308000.0,0.0
02389.HK,2008-05-29,0.39,0.44,0.39,0.44,196000.0,0.0
02389.HK,2008-05-30,0.44,0.5,0.44,0.45,417000.0,0.0
02389.HK,2008-06-02,0.455,0.5,0.455,0.5,260000.0,0.0
02389.HK,2008-06-03,0.5,0.52,0.49,0.49,168000.0,0.0
02389.HK,2008-06-04,0.49,0.5,0.49,0.49,148000.0,0.0
02389.HK,2008-06-05,0.45,0.47,0.43,0.46,196000.0,0.0
02389.HK,2008-06-06,0.44,0.44,0.425,0.44,88000.0,0.0
02389.HK,2008-06-10,0.45,0.45,0.4,0.445,240000.0,0.0
02389.HK,2008-06-11,0.45,0.49,0.45,0.49,116000.0,0.0
02389.HK,2008-06-12,0.45,0.48,0.42,0.45,120000.0,0.0
02389.HK,2008-06-13,0.47,0.47,0.465,0.465,4000.0,0.0
02389.HK,2008-06-16,0.45,0.45,0.45,0.45,0.0,0.0
02389.HK,2008-06-17,0.41,0.44,0.41,0.415,160000.0,0.0
02389.HK,2008-06-18,0.4,0.4,0.4,0.4,132000.0,0.0
02389.HK,2008-06-19,0.39,0.39,0.38,0.38,240000.0,0.0
02389.HK,2008-06-20,0.36,0.37,0.36,0.37,176000.0,0.0
02389.HK,2008-06-23,0.37,0.37,0.37,0.37,0.0,0.0
02389.HK,2008-06-24,0.37,0.37,0.37,0.37,0.0,0.0
02389.HK,2008-06-25,0.37,0.37,0.37,0.37,0.0,0.0
02389.HK,2008-06-26,0.37,0.37,0.37,0.37,20000.0,0.0
02389.HK,2008-06-27,0.37,0.37,0.37,0.37,0.0,0.0
02389.HK,2008-06-30,0.35,0.35,0.3,0.3,352000.0,0.0
02389.HK,2008-07-02,0.3,0.3,0.3,0.3,40000.0,0.0
02389.HK,2008-07-03,0.3,0.3,0.3,0.3,0.0,0.0
02389.HK,2008-07-04,0.315,0.315,0.315,0.315,40000.0,0.0
02389.HK,2008-07-07,0.315,0.315,0.315,0.315,0.0,0.0
02389.HK,2008-07-08,0.315,0.315,0.315,0.315,0.0,0.0
02389.HK,2008-07-09,0.315,0.315,0.315,0.315,0.0,0.0
02389.HK,2008-07-10,0.305,0.305,0.305,0.305,56000.0,0.0
02389.HK,2008-07-11,0.305,0.305,0.305,0.305,0.0,0.0
02389.HK,2008-07-14,0.305,0.305,0.305,0.305,0.0,0.0
02389.HK,2008-07-15,0.305,0.305,0.305,0.305,0.0,0.0
02389.HK,2008-07-16,0.305,0.305,0.305,0.305,0.0,0.0
02389.HK,2008-07-17,0.305,0.305,0.305,0.305,0.0,0.0
02389.HK,2008-07-18,0.275,0.275,0.249,0.255,692000.0,0.0
02389.HK,2008-07-21,0.255,0.255,0.255,0.255,100000.0,0.0
02389.HK,2008-07-22,0.255,0.255,0.255,0.255,0.0,0.0
02389.HK,2008-07-23,0.255,0.255,0.255,0.255,0.0,0.0
02389.HK,2008-07-24,0.255,0.255,0.255,0.255,0.0,0.0
02389.HK,2008-07-25,0.255,0.255,0.255,0.255,100000.0,0.0
02389.HK,2008-07-28,0.285,0.285,0.265,0.265,296000.0,0.0
02389.HK,2008-07-29,0.265,0.265,0.265,0.265,0.0,0.0
02389.HK,2008-07-30,0.27,0.27,0.265,0.265,148000.0,0.0
02389.HK,2008-07-31,0.255,0.255,0.255,0.255,24000.0,0.0
02389.HK,2008-08-01,0.255,0.255,0.255,0.255,0.0,0.0
02389.HK,2008-08-04,0.255,0.255,0.255,0.255,44000.0,0.0
02389.HK,2008-08-05,0.255,0.255,0.25,0.25,136000.0,0.0
02389.HK,2008-08-07,0.25,0.26,0.24,0.24,144000.0,0.0
02389.HK,2008-08-08,0.24,0.24,0.24,0.24,0.0,0.0
02389.HK,2008-08-11,0.24,0.24,0.24,0.24,0.0,0.0
02389.HK,2008-08-12,0.24,0.24,0.24,0.24,0.0,0.0
02389.HK,2008-08-13,0.24,0.24,0.24,0.24,0.0,0.0
02389.HK,2008-08-14,0.24,0.24,0.24,0.24,0.0,0.0
02389.HK,2008-08-15,0.24,0.24,0.24,0.24,0.0,0.0
02389.HK,2008-08-18,0.24,0.24,0.24,0.24,0.0,0.0
02389.HK,2008-08-19,0.24,0.24,0.24,0.24,360000.0,0.0
02389.HK,2008-08-20,0.202,0.233,0.202,0.21,1064000.0,0.0
02389.HK,2008-08-21,0.23,0.231,0.23,0.231,356000.0,0.0
02389.HK,2008-08-25,0.21,0.21,0.21,0.21,4000.0,0.0
02389.HK,2008-08-26,0.23,0.23,0.23,0.23,460000.0,0.0
02389.HK,2008-08-27,0.23,0.23,0.23,0.23,0.0,0.0
02389.HK,2008-08-28,0.23,0.23,0.23,0.23,0.0,0.0
02389.HK,2008-08-29,0.23,0.23,0.23,0.23,0.0,0.0
02389.HK,2008-09-01,0.23,0.23,0.23,0.23,48000.0,0.0
02389.HK,2008-09-02,0.23,0.23,0.23,0.23,0.0,0.0
02389.HK,2008-09-03,0.23,0.23,0.23,0.23,0.0,0.0
02389.HK,2008-09-04,0.205,0.215,0.205,0.215,176000.0,0.0
02389.HK,2008-09-05,0.215,0.215,0.215,0.215,0.0,0.0
02389.HK,2008-09-08,0.2,0.21,0.2,0.21,140000.0,0.0
02389.HK,2008-09-09,0.21,0.21,0.21,0.21,0.0,0.0
02389.HK,2008-09-10,0.21,0.21,0.21,0.21,800000.0,0.0
02389.HK,2008-09-11,0.186,0.195,0.185,0.195,220000.0,0.0
02389.HK,2008-09-12,0.195,0.195,0.195,0.195,60000.0,0.0
02389.HK,2008-09-16,0.195,0.195,0.195,0.195,0.0,0.0
02389.HK,2008-09-17,0.195,0.195,0.195,0.195,0.0,0.0
02389.HK,2008-09-18,0.195,0.195,0.195,0.195,0.0,0.0
02389.HK,2008-09-19,0.195,0.195,0.195,0.195,0.0,0.0
02389.HK,2008-09-22,0.195,0.195,0.195,0.195,0.0,0.0
02389.HK,2008-09-23,0.195,0.195,0.195,0.195,0.0,0.0
02389.HK,2008-09-24,0.195,0.195,0.195,0.195,0.0,0.0
02389.HK,2008-09-25,0.195,0.195,0.195,0.195,0.0,0.0
02389.HK,2008-09-26,0.195,0.195,0.195,0.195,0.0,0.0
02389.HK,2008-09-29,0.141,0.141,0.14,0.14,280000.0,0.0
02389.HK,2008-09-30,0.148,0.148,0.148,0.148,100000.0,0.0
02389.HK,2008-10-02,0.148,0.148,0.148,0.148,0.0,0.0
02389.HK,2008-10-03,0.148,0.148,0.148,0.148,0.0,0.0
02389.HK,2008-10-06,0.148,0.148,0.148,0.148,0.0,0.0
02389.HK,2008-10-08,0.142,0.142,0.142,0.142,0.0,0.0
02389.HK,2008-10-09,0.142,0.142,0.142,0.142,0.0,0.0
02389.HK,2008-10-10,0.139,0.139,0.139,0.139,0.0,0.0
02389.HK,2008-10-13,0.135,0.135,0.135,0.135,0.0,0.0
02389.HK,2008-10-14,0.135,0.135,0.135,0.135,4000.0,0.0
02389.HK,2008-10-15,0.128,0.128,0.128,0.128,1036000.0,0.0
02389.HK,2008-10-16,0.128,0.128,0.128,0.128,0.0,0.0
02389.HK,2008-10-17,0.128,0.128,0.128,0.128,0.0,0.0
02389.HK,2008-10-20,0.128,0.128,0.128,0.128,0.0,0.0
02389.HK,2008-10-21,0.13,0.13,0.13,0.13,100000.0,0.0
02389.HK,2008-10-22,0.129,0.129,0.127,0.127,100000.0,0.0
02389.HK,2008-10-23,0.1,0.1,0.1,0.1,300000.0,0.0
02389.HK,2008-10-24,0.1,0.1,0.1,0.1,192000.0,0.0
02389.HK,2008-10-27,0.1,0.1,0.1,0.1,0.0,0.0
02389.HK,2008-10-28,0.1,0.1,0.09,0.1,192000.0,0.0
02389.HK,2008-10-29,0.119,0.119,0.116,0.119,440000.0,0.0
02389.HK,2008-10-30,0.108,0.108,0.108,0.108,100000.0,0.0
02389.HK,2008-10-31,0.108,0.108,0.108,0.108,300000.0,0.0
02389.HK,2008-11-03,0.14,0.169,0.14,0.169,44000.0,0.0
02389.HK,2008-11-04,0.189,0.189,0.15,0.15,68000.0,0.0
02389.HK,2008-11-05,0.16,0.16,0.16,0.16,0.0,0.0
02389.HK,2008-11-06,0.188,0.188,0.188,0.188,0.0,0.0
02389.HK,2008-11-07,0.188,0.188,0.188,0.188,4000.0,0.0
02389.HK,2008-11-10,0.222,0.222,0.222,0.222,4000.0,0.0
02389.HK,2008-11-11,0.245,0.245,0.245,0.245,0.0,0.0
02389.HK,2008-11-12,0.245,0.245,0.226,0.226,112000.0,0.0
02389.HK,2008-11-13,0.2,0.24,0.2,0.24,40000.0,0.0
02389.HK,2008-11-14,0.25,0.25,0.25,0.25,0.0,0.0
02389.HK,2008-11-17,0.25,0.25,0.23,0.23,12000.0,0.0
02389.HK,2008-11-18,0.24,0.24,0.21,0.21,12000.0,0.0
02389.HK,2008-11-19,0.21,0.22,0.21,0.22,104000.0,0.0
02389.HK,2008-11-20,0.22,0.22,0.22,0.22,0.0,0.0
02389.HK,2008-11-21,0.22,0.25,0.22,0.25,8000.0,0.0
02389.HK,2008-11-24,0.25,0.25,0.225,0.225,8000.0,0.0
02389.HK,2008-11-25,0.225,0.225,0.225,0.225,0.0,0.0
02389.HK,2008-11-26,0.25,0.25,0.25,0.25,0.0,0.0
02389.HK,2008-11-27,0.25,0.25,0.25,0.25,0.0,0.0
02389.HK,2008-11-28,0.265,0.265,0.235,0.235,4000.0,0.0
02389.HK,2008-12-01,0.235,0.235,0.235,0.235,0.0,0.0
02389.HK,2008-12-02,0.235,0.235,0.235,0.235,0.0,0.0
02389.HK,2008-12-03,0.235,0.235,0.235,0.235,0.0,0.0
02389.HK,2008-12-04,0.235,0.235,0.235,0.235,0.0,0.0
02389.HK,2008-12-05,0.235,0.235,0.235,0.235,0.0,0.0
02389.HK,2008-12-08,0.2,0.2,0.2,0.2,188000.0,0.0
02389.HK,2008-12-09,0.2,0.2,0.2,0.2,0.0,0.0
02389.HK,2008-12-10,0.15,0.22,0.15,0.22,12000.0,0.0
02389.HK,2008-12-11,0.22,0.22,0.22,0.22,0.0,0.0
02389.HK,2008-12-12,0.22,0.22,0.22,0.22,0.0,0.0
02389.HK,2008-12-15,0.25,0.25,0.25,0.25,0.0,0.0
02389.HK,2008-12-16,0.25,0.25,0.25,0.25,0.0,0.0
02389.HK,2008-12-17,0.25,0.25,0.25,0.25,0.0,0.0
02389.HK,2008-12-18,0.25,0.25,0.25,0.25,0.0,0.0
02389.HK,2008-12-19,0.2,0.2,0.2,0.2,12000.0,0.0
02389.HK,2008-12-22,0.2,0.2,0.2,0.2,0.0,0.0
02389.HK,2008-12-23,0.2,0.2,0.2,0.2,0.0,0.0
02389.HK,2008-12-24,0.2,0.2,0.2,0.2,0.0,0.0
02389.HK,2008-12-29,0.22,0.22,0.22,0.22,0.0,0.0
02389.HK,2008-12-30,0.25,0.25,0.25,0.25,0.0,0.0
02389.HK,2008-12-31,0.25,0.25,0.25,0.25,0.0,0.0
02389.HK,2009-01-02,0.25,0.25,0.25,0.25,0.0,0.0
02389.HK,2009-01-05,0.25,0.25,0.25,0.25,0.0,0.0
02389.HK,2009-01-06,0.25,0.25,0.25,0.25,0.0,0.0
02389.HK,2009-01-07,0.25,0.25,0.25,0.25,0.0,0.0
02389.HK,2009-01-08,0.25,0.25,0.25,0.25,0.0,0.0
02389.HK,2009-01-09,0.25,0.25,0.25,0.25,0.0,0.0
02389.HK,2009-01-12,0.25,0.25,0.25,0.25,0.0,0.0
02389.HK,2009-01-13,0.25,0.25,0.25,0.25,0.0,0.0
02389.HK,2009-01-14,0.25,0.25,0.25,0.25,0.0,0.0
02389.HK,2009-01-15,0.25,0.25,0.25,0.25,0.0,0.0
02389.HK,2009-01-16,0.25,0.25,0.25,0.25,0.0,0.0
02389.HK,2009-01-19,0.25,0.25,0.25,0.25,0.0,0.0
02389.HK,2009-01-20,0.25,0.25,0.25,0.25,0.0,0.0
02389.HK,2009-01-21,0.25,0.25,0.25,0.25,0.0,0.0
02389.HK,2009-01-22,0.25,0.25,0.25,0.25,0.0,0.0
02389.HK,2009-01-23,0.28,0.28,0.28,0.28,0.0,0.0
02389.HK,2009-01-29,0.28,0.28,0.28,0.28,0.0,0.0
02389.HK,2009-01-30,0.28,0.28,0.28,0.28,0.0,0.0
02389.HK,2009-02-02,0.28,0.28,0.28,0.28,0.0,0.0
02389.HK,2009-02-03,0.27,0.27,0.27,0.27,0.0,0.0
02389.HK,2009-02-04,0.27,0.27,0.27,0.27,0.0,0.0
02389.HK,2009-02-05,0.27,0.27,0.27,0.27,0.0,0.0
02389.HK,2009-02-06,0.27,0.27,0.27,0.27,0.0,0.0
02389.HK,2009-02-09,0.27,0.27,0.27,0.27,20000.0,0.0
02389.HK,2009-02-10,0.27,0.27,0.27,0.27,20000.0,0.0
02389.HK,2009-02-11,0.27,0.27,0.27,0.27,0.0,0.0
02389.HK,2009-02-12,0.27,0.27,0.27,0.27,0.0,0.0
02389.HK,2009-02-13,0.27,0.27,0.27,0.27,0.0,0.0
02389.HK,2009-02-16,0.27,0.27,0.27,0.27,0.0,0.0
02389.HK,2009-02-17,0.265,0.265,0.265,0.265,0.0,0.0
02389.HK,2009-02-18,0.265,0.265,0.265,0.265,0.0,0.0
02389.HK,2009-02-19,0.265,0.265,0.265,0.265,0.0,0.0
02389.HK,2009-02-20,0.255,0.255,0.255,0.255,0.0,0.0
02389.HK,2009-02-23,0.25,0.25,0.25,0.25,0.0,0.0
02389.HK,2009-02-24,0.25,0.25,0.25,0.25,0.0,0.0
02389.HK,2009-02-25,0.25,0.25,0.25,0.25,0.0,0.0
02389.HK,2009-02-26,0.245,0.245,0.245,0.245,0.0,0.0
02389.HK,2009-02-27,0.24,0.24,0.24,0.24,0.0,0.0
02389.HK,2009-03-02,0.24,0.24,0.24,0.24,0.0,0.0
02389.HK,2009-03-03,0.185,0.225,0.185,0.225,52000.0,0.0
02389.HK,2009-03-04,0.193,0.223,0.193,0.223,200000.0,0.0
02389.HK,2009-03-05,0.223,0.223,0.223,0.223,0.0,0.0
02389.HK,2009-03-06,0.223,0.223,0.223,0.223,252000.0,0.0
02389.HK,2009-03-09,0.223,0.223,0.223,0.223,0.0,0.0
02389.HK,2009-03-10,0.151,0.18,0.151,0.18,404000.0,0.0
02389.HK,2009-03-11,0.223,0.223,0.223,0.223,208000.0,0.0
02389.HK,2009-03-12,0.249,0.249,0.157,0.22,156000.0,0.0
02389.HK,2009-03-13,0.204,0.204,0.17,0.18,100000.0,0.0
02389.HK,2009-03-16,0.19,0.2,0.19,0.19,68000.0,0.0
02389.HK,2009-03-17,0.19,0.19,0.19,0.19,0.0,0.0
02389.HK,2009-03-18,0.19,0.19,0.19,0.19,0.0,0.0
02389.HK,2009-03-19,0.195,0.195,0.195,0.195,20000.0,0.0
02389.HK,2009-03-20,0.123,0.16,0.123,0.16,20000.0,0.0
02389.HK,2009-03-23,0.17,0.17,0.17,0.17,0.0,0.0
02389.HK,2009-03-24,0.182,0.182,0.182,0.182,0.0,0.0
02389.HK,2009-03-25,0.162,0.18,0.162,0.18,40000.0,0.0
02389.HK,2009-03-26,0.18,0.18,0.18,0.18,20000.0,0.0
02389.HK,2009-03-27,0.18,0.18,0.18,0.18,0.0,0.0
02389.HK,2009-03-30,0.18,0.18,0.18,0.18,0.0,0.0
02389.HK,2009-03-31,0.19,0.195,0.18,0.195,68000.0,0.0
02389.HK,2009-04-01,0.195,0.195,0.195,0.195,0.0,0.0
02389.HK,2009-04-02,0.18,0.195,0.18,0.195,52000.0,0.0
02389.HK,2009-04-03,0.195,0.195,0.195,0.195,0.0,0.0
02389.HK,2009-04-06,0.195,0.195,0.195,0.195,0.0,0.0
02389.HK,2009-04-07,0.195,0.195,0.195,0.195,0.0,0.0
02389.HK,2009-04-08,0.195,0.195,0.195,0.195,0.0,0.0
02389.HK,2009-04-09,0.195,0.195,0.195,0.195,0.0,0.0
02389.HK,2009-04-14,0.195,0.195,0.195,0.195,0.0,0.0
02389.HK,2009-04-15,0.195,0.195,0.195,0.195,0.0,0.0
02389.HK,2009-04-16,0.215,0.215,0.215,0.215,0.0,0.0
02389.HK,2009-04-17,0.215,0.215,0.215,0.215,0.0,0.0
02389.HK,2009-04-20,0.215,0.215,0.215,0.215,0.0,0.0
02389.HK,2009-04-21,0.215,0.215,0.215,0.215,0.0,0.0
02389.HK,2009-04-22,0.215,0.215,0.215,0.215,0.0,0.0
02389.HK,2009-04-23,0.215,0.215,0.215,0.215,0.0,0.0
02389.HK,2009-04-24,0.215,0.215,0.215,0.215,0.0,0.0
02389.HK,2009-04-27,0.215,0.215,0.215,0.215,0.0,0.0
02389.HK,2009-04-28,0.215,0.215,0.215,0.215,0.0,0.0
02389.HK,2009-04-29,0.215,0.215,0.215,0.215,0.0,0.0
02389.HK,2009-04-30,0.215,0.215,0.215,0.215,1040000.0,0.0
02389.HK,2009-05-04,0.215,0.215,0.215,0.215,0.0,0.0
02389.HK,2009-05-05,0.215,0.215,0.215,0.215,0.0,0.0
02389.HK,2009-05-06,0.21,0.21,0.21,0.21,0.0,0.0
02389.HK,2009-05-07,0.2,0.2,0.2,0.2,0.0,0.0
02389.HK,2009-05-08,0.2,0.2,0.2,0.2,0.0,0.0
02389.HK,2009-05-11,0.2,0.2,0.2,0.2,0.0,0.0
02389.HK,2009-05-12,0.2,0.2,0.2,0.2,0.0,0.0
02389.HK,2009-05-13,0.218,0.23,0.2,0.2,76000.0,0.0
02389.HK,2009-05-14,0.2,0.2,0.2,0.2,0.0,0.0
02389.HK,2009-05-15,0.2,0.2,0.2,0.2,0.0,0.0
02389.HK,2009-05-18,0.235,0.24,0.235,0.238,64000.0,0.0
02389.HK,2009-05-19,0.24,0.24,0.24,0.24,0.0,0.0
02389.HK,2009-05-20,0.24,0.255,0.238,0.255,256000.0,0.0
02389.HK,2009-05-21,0.24,0.24,0.24,0.24,220000.0,0.0
02389.HK,2009-05-22,0.23,0.23,0.22,0.225,740000.0,0.0
02389.HK,2009-05-25,0.225,0.225,0.225,0.225,32000.0,0.0
02389.HK,2009-05-26,0.225,0.225,0.225,0.225,0.0,0.0
02389.HK,2009-05-27,0.226,0.23,0.226,0.23,708000.0,0.0
02389.HK,2009-05-29,0.23,0.23,0.23,0.23,0.0,0.0
02389.HK,2009-06-01,0.23,0.23,0.23,0.23,0.0,0.0
02389.HK,2009-06-02,0.23,0.23,0.23,0.23,0.0,0.0
02389.HK,2009-06-03,0.305,0.305,0.305,0.305,0.0,0.0
02389.HK,2009-06-04,0.315,0.425,0.315,0.38,21600000.0,0.0
02389.HK,2009-06-05,0.415,0.415,0.335,0.36,13604000.0,0.0
02389.HK,2009-06-08,0.35,0.355,0.32,0.33,3536000.0,0.0
02389.HK,2009-06-09,0.355,0.355,0.3,0.305,4676000.0,0.0
02389.HK,2009-06-10,0.31,0.375,0.31,0.365,7632000.0,0.0
02389.HK,2009-06-11,0.345,0.365,0.345,0.36,1164000.0,0.0
02389.HK,2009-06-12,0.345,0.345,0.32,0.34,1978000.0,0.0
02389.HK,2009-06-15,0.335,0.335,0.3,0.32,1464000.0,0.0
02389.HK,2009-06-16,0.305,0.31,0.295,0.31,884000.0,0.0
02389.HK,2009-06-17,0.295,0.3,0.28,0.295,968000.0,0.0
02389.HK,2009-06-18,0.295,0.295,0.26,0.28,2544000.0,0.0
02389.HK,2009-06-19,0.28,0.28,0.249,0.25,596000.0,0.0
02389.HK,2009-06-22,0.255,0.26,0.245,0.245,1564000.0,0.0
02389.HK,2009-06-23,0.235,0.245,0.23,0.245,1932000.0,0.0
02389.HK,2009-06-24,0.243,0.265,0.243,0.245,656000.0,0.0
02389.HK,2009-06-25,0.245,0.255,0.242,0.25,1224000.0,0.0
02389.HK,2009-06-26,0.25,0.31,0.25,0.3,4340000.0,0.0
02389.HK,2009-06-29,0.3,0.32,0.3,0.3,2248000.0,0.0
02389.HK,2009-06-30,0.3,0.31,0.26,0.27,1052000.0,0.0
02389.HK,2009-07-02,0.26,0.285,0.234,0.234,4240000.0,0.0
02389.HK,2009-07-03,0.159,0.17,0.14,0.14,4408000.0,0.0
02389.HK,2009-07-06,0.131,0.149,0.131,0.138,1412000.0,0.0
02389.HK,2009-07-07,0.145,0.145,0.138,0.138,1360000.0,0.0
02389.HK,2009-07-08,0.138,0.138,0.138,0.138,0.0,0.0
02389.HK,2009-07-09,0.138,0.138,0.138,0.138,0.0,0.0
02389.HK,2009-07-10,0.13,0.13,0.128,0.128,820000.0,0.0
02389.HK,2009-07-13,0.138,0.138,0.126,0.128,752000.0,0.0
02389.HK,2009-07-14,0.128,0.128,0.12,0.124,2060000.0,0.0
02389.HK,2009-07-15,0.125,0.136,0.125,0.13,5980000.0,0.0
02389.HK,2009-07-16,0.138,0.166,0.138,0.154,10384000.0,0.0
02389.HK,2009-07-17,0.153,0.162,0.139,0.159,5056000.0,0.0
02389.HK,2009-07-20,0.154,0.165,0.154,0.16,4164000.0,0.0
02389.HK,2009-07-21,0.167,0.167,0.154,0.154,2428000.0,0.0
02389.HK,2009-07-22,0.165,0.165,0.15,0.153,2812000.0,0.0
02389.HK,2009-07-23,0.15,0.155,0.15,0.151,1608000.0,0.0
02389.HK,2009-07-24,0.15,0.155,0.15,0.152,4088000.0,0.0
02389.HK,2009-07-27,0.165,0.166,0.158,0.16,1984000.0,0.0
02389.HK,2009-07-28,0.165,0.165,0.154,0.156,496000.0,0.0
02389.HK,2009-07-29,0.162,0.162,0.152,0.156,2224000.0,0.0
02389.HK,2009-07-30,0.156,0.167,0.149,0.15,1536000.0,0.0
02389.HK,2009-07-31,0.148,0.182,0.148,0.182,6600000.0,0.0
02389.HK,2009-08-03,0.179,0.236,0.175,0.232,46360000.0,0.0
02389.HK,2009-08-04,0.228,0.25,0.215,0.25,15544000.0,0.0
02389.HK,2009-08-05,0.245,0.285,0.245,0.265,23264000.0,0.0
02389.HK,2009-08-06,0.265,0.265,0.245,0.255,7124000.0,0.0
02389.HK,2009-08-07,0.255,0.265,0.23,0.235,4312000.0,0.0
02389.HK,2009-08-10,0.235,0.235,0.209,0.212,1116000.0,0.0
02389.HK,2009-08-11,0.212,0.235,0.212,0.23,2620000.0,0.0
02389.HK,2009-08-12,0.23,0.23,0.22,0.22,952000.0,0.0
02389.HK,2009-08-13,0.22,0.245,0.22,0.24,1632000.0,0.0
02389.HK,2009-08-14,0.231,0.235,0.226,0.235,1188000.0,0.0
02389.HK,2009-08-17,0.248,0.248,0.223,0.225,1664000.0,0.0
02389.HK,2009-08-18,0.23,0.238,0.215,0.222,1500000.0,0.0
02389.HK,2009-08-19,0.223,0.238,0.208,0.225,980000.0,0.0
02389.HK,2009-08-20,0.221,0.235,0.22,0.222,1808000.0,0.0
02389.HK,2009-08-21,0.217,0.219,0.217,0.218,932000.0,0.0
02389.HK,2009-08-24,0.22,0.23,0.22,0.23,716000.0,0.0
02389.HK,2009-08-25,0.23,0.23,0.22,0.223,848000.0,0.0
02389.HK,2009-08-26,0.231,0.232,0.224,0.229,1668000.0,0.0
02389.HK,2009-08-27,0.229,0.232,0.229,0.232,2476000.0,0.0
02389.HK,2009-08-28,0.232,0.232,0.222,0.223,372000.0,0.0
02389.HK,2009-08-31,0.228,0.23,0.22,0.228,648000.0,0.0
02389.HK,2009-09-01,0.23,0.25,0.229,0.25,2244000.0,0.0
02389.HK,2009-09-02,0.238,0.26,0.231,0.255,1348000.0,0.0
02389.HK,2009-09-03,0.255,0.28,0.25,0.25,10894000.0,0.0
02389.HK,2009-09-04,0.24,0.25,0.237,0.25,732000.0,0.0
02389.HK,2009-09-07,0.25,0.26,0.245,0.25,2476000.0,0.0
02389.HK,2009-09-08,0.25,0.255,0.25,0.25,500000.0,0.0
02389.HK,2009-09-09,0.25,0.255,0.246,0.25,1336000.0,0.0
02389.HK,2009-09-10,0.25,0.26,0.249,0.25,3116000.0,0.0
02389.HK,2009-09-11,0.25,0.255,0.249,0.249,1160000.0,0.0
02389.HK,2009-09-14,0.249,0.25,0.245,0.245,782000.0,0.0
02389.HK,2009-09-15,0.25,0.25,0.245,0.25,2632000.0,0.0
02389.HK,2009-09-16,0.26,0.31,0.26,0.29,37176000.0,0.0
02389.HK,2009-09-17,0.295,0.295,0.27,0.28,4996000.0,0.0
02389.HK,2009-09-18,0.28,0.28,0.27,0.28,2044000.0,0.0
02389.HK,2009-09-21,0.275,0.28,0.275,0.28,596000.0,0.0
02389.HK,2009-09-22,0.27,0.28,0.27,0.27,280000.0,0.0
02389.HK,2009-09-23,0.26,0.27,0.26,0.265,556000.0,0.0
02389.HK,2009-09-24,0.26,0.265,0.25,0.255,2232000.0,0.0
02389.HK,2009-09-25,0.25,0.26,0.25,0.26,1532000.0,0.0
02389.HK,2009-09-28,0.25,0.25,0.25,0.25,1500000.0,0.0
02389.HK,2009-09-29,0.245,0.275,0.245,0.245,232000.0,0.0
02389.HK,2009-09-30,0.275,0.275,0.232,0.25,608000.0,0.0
02389.HK,2009-10-02,0.245,0.245,0.245,0.245,21875.0,0.0
02389.HK,2009-10-05,0.25,0.25,0.232,0.24,328000.0,0.0
02389.HK,2009-10-06,0.25,0.25,0.237,0.24,68000.0,0.0
02389.HK,2009-10-07,0.25,0.25,0.238,0.245,2576000.0,0.0
02389.HK,2009-10-08,0.235,0.245,0.23,0.231,1260000.0,0.0
02389.HK,2009-10-09,0.25,0.25,0.231,0.246,288000.0,0.0
02389.HK,2009-10-12,0.249,0.249,0.235,0.249,408000.0,0.0
02389.HK,2009-10-13,0.24,0.249,0.236,0.237,400000.0,0.0
02389.HK,2009-10-14,0.245,0.245,0.235,0.245,388000.0,0.0
02389.HK,2009-10-15,0.23,0.24,0.22,0.224,1408000.0,0.0
02389.HK,2009-10-16,0.243,0.243,0.218,0.233,1440000.0,0.0
02389.HK,2009-10-19,0.23,0.239,0.216,0.23,1828000.0,0.0
02389.HK,2009-10-20,0.22,0.245,0.22,0.239,1356000.0,0.0
02389.HK,2009-10-21,0.245,0.248,0.245,0.245,684000.0,0.0
02389.HK,2009-10-22,0.231,0.245,0.231,0.24,164000.0,0.0
02389.HK,2009-10-23,0.232,0.236,0.232,0.236,124000.0,0.0
02389.HK,2009-10-27,0.23,0.23,0.23,0.23,144000.0,0.0
02389.HK,2009-10-28,0.225,0.243,0.225,0.243,1128000.0,0.0
02389.HK,2009-10-29,0.239,0.239,0.239,0.239,0.0,0.0
02389.HK,2009-10-30,0.24,0.24,0.228,0.228,272000.0,0.0
02389.HK,2009-11-02,0.222,0.24,0.222,0.228,560000.0,0.0
02389.HK,2009-11-03,0.224,0.234,0.221,0.234,600000.0,0.0
02389.HK,2009-11-04,0.221,0.222,0.221,0.222,128000.0,0.0
02389.HK,2009-11-05,0.221,0.222,0.221,0.221,816000.0,0.0
02389.HK,2009-11-06,0.229,0.229,0.229,0.229,24000.0,0.0
02389.HK,2009-11-09,0.229,0.229,0.229,0.229,0.0,0.0
02389.HK,2009-11-10,0.23,0.23,0.221,0.23,720000.0,0.0
02389.HK,2009-11-11,0.231,0.233,0.23,0.233,504000.0,0.0
02389.HK,2009-11-12,0.233,0.233,0.233,0.233,304000.0,0.0
02389.HK,2009-11-13,0.225,0.225,0.225,0.225,12000.0,0.0
02389.HK,2009-11-16,0.23,0.23,0.226,0.228,480000.0,0.0
02389.HK,2009-11-17,0.228,0.23,0.227,0.227,408000.0,0.0
02389.HK,2009-11-18,0.227,0.227,0.227,0.227,0.0,0.0
02389.HK,2009-11-19,0.227,0.229,0.225,0.229,464000.0,0.0
02389.HK,2009-11-20,0.23,0.23,0.23,0.23,200000.0,0.0
02389.HK,2009-11-23,0.238,0.238,0.227,0.228,16000.0,0.0
02389.HK,2009-11-24,0.243,0.243,0.233,0.233,124000.0,0.0
02389.HK,2009-11-25,0.227,0.233,0.227,0.233,64000.0,0.0
02389.HK,2009-11-26,0.243,0.26,0.24,0.245,1872000.0,0.0
02389.HK,2009-11-27,0.24,0.245,0.24,0.245,156000.0,0.0
02389.HK,2009-11-30,0.242,0.255,0.242,0.245,1204000.0,0.0
02389.HK,2009-12-01,0.24,0.25,0.24,0.25,604000.0,0.0
02389.HK,2009-12-02,0.245,0.245,0.245,0.245,112000.0,0.0
02389.HK,2009-12-03,0.245,0.245,0.245,0.245,280000.0,0.0
02389.HK,2009-12-04,0.245,0.245,0.245,0.245,4000.0,0.0
02389.HK,2009-12-07,0.245,0.245,0.24,0.245,324000.0,0.0
02389.HK,2009-12-08,0.245,0.245,0.245,0.245,0.0,0.0
02389.HK,2009-12-09,0.221,0.228,0.221,0.224,260000.0,0.0
02389.HK,2009-12-10,0.223,0.223,0.212,0.22,4048000.0,0.0
02389.HK,2009-12-11,0.223,0.226,0.22,0.223,264000.0,0.0
02389.HK,2009-12-14,0.221,0.221,0.215,0.215,820000.0,0.0
02389.HK,2009-12-15,0.208,0.215,0.208,0.21,408000.0,0.0
02389.HK,2009-12-16,0.21,0.21,0.21,0.21,0.0,0.0
02389.HK,2009-12-17,0.205,0.205,0.204,0.204,220000.0,0.0
02389.HK,2009-12-18,0.205,0.208,0.2,0.205,904000.0,0.0
02389.HK,2009-12-21,0.205,0.22,0.205,0.22,444000.0,0.0
02389.HK,2009-12-22,0.21,0.22,0.21,0.22,144000.0,0.0
02389.HK,2009-12-23,0.22,0.22,0.22,0.22,0.0,0.0
02389.HK,2009-12-24,0.21,0.23,0.21,0.21,304000.0,0.0
02389.HK,2009-12-28,0.21,0.21,0.21,0.21,100000.0,0.0
02389.HK,2009-12-29,0.201,0.201,0.201,0.201,304000.0,0.0
02389.HK,2009-12-30,0.204,0.204,0.204,0.204,0.0,0.0
02389.HK,2009-12-31,0.206,0.206,0.206,0.206,0.0,0.0
02389.HK,2010-11-17,0.187,0.187,0.173,0.173,828000.0,0.0
02389.HK,2010-11-18,0.175,0.175,0.171,0.171,1392000.0,0.0
02389.HK,2010-11-19,0.169,0.171,0.168,0.169,404000.0,0.0
02389.HK,2010-11-22,0.17,0.172,0.17,0.172,12000.0,0.0
02389.HK,2010-11-23,0.173,0.173,0.168,0.168,396000.0,0.0
02389.HK,2010-11-24,0.17,0.172,0.17,0.172,180000.0,0.0
02389.HK,2010-11-25,0.17,0.174,0.17,0.174,204000.0,0.0
02389.HK,2010-11-26,0.171,0.171,0.171,0.171,72000.0,0.0
02389.HK,2010-11-29,0.171,0.171,0.171,0.171,0.0,0.0
02389.HK,2010-11-30,0.175,0.18,0.175,0.175,300000.0,0.0
02389.HK,2010-12-01,0.175,0.175,0.175,0.175,0.0,0.0
02389.HK,2010-12-02,0.177,0.193,0.176,0.193,1152000.0,0.0
02389.HK,2010-12-03,0.182,0.188,0.182,0.188,556000.0,0.0
02389.HK,2010-12-06,0.19,0.197,0.186,0.195,2700000.0,0.0
02389.HK,2010-12-07,0.195,0.198,0.188,0.194,2208000.0,0.0
02389.HK,2010-12-08,0.188,0.188,0.18,0.18,1128000.0,0.0
02389.HK,2010-12-09,0.181,0.181,0.181,0.181,12000.0,0.0
02389.HK,2010-12-10,0.181,0.188,0.181,0.188,492000.0,0.0
02389.HK,2010-12-13,0.18,0.18,0.178,0.178,864000.0,0.0
02389.HK,2010-12-14,0.172,0.172,0.172,0.172,132000.0,0.0
02389.HK,2010-12-15,0.172,0.178,0.172,0.178,168000.0,0.0
02389.HK,2010-12-16,0.18,0.18,0.18,0.18,12000.0,0.0
02389.HK,2010-12-17,0.173,0.177,0.173,0.177,288000.0,0.0
02389.HK,2010-12-20,0.176,0.188,0.176,0.187,840000.0,0.0
02389.HK,2010-12-21,0.182,0.182,0.178,0.178,576000.0,0.0
02389.HK,2010-12-22,0.175,0.177,0.175,0.175,336000.0,0.0
02389.HK,2010-12-23,0.175,0.179,0.175,0.179,536000.0,0.0
02389.HK,2010-12-24,0.175,0.175,0.175,0.175,20000.0,0.0
02389.HK,2010-12-28,0.177,0.18,0.177,0.18,24000.0,0.0
02389.HK,2010-12-29,0.176,0.185,0.176,0.185,588000.0,0.0
02389.HK,2010-12-30,0.185,0.186,0.181,0.181,1170000.0,0.0
02389.HK,2010-12-31,0.18,0.184,0.179,0.184,156000.0,0.0
02389.HK,2011-01-03,0.19,0.19,0.182,0.184,324000.0,0.0
02389.HK,2011-01-04,0.18,0.18,0.179,0.179,408000.0,0.0
02389.HK,2011-01-05,0.179,0.182,0.178,0.182,48000.0,0.0
02389.HK,2011-01-06,0.183,0.183,0.183,0.183,228000.0,0.0
02389.HK,2011-01-07,0.183,0.185,0.183,0.183,600000.0,0.0
02389.HK,2011-01-10,0.18,0.18,0.178,0.178,784000.0,0.0
02389.HK,2011-01-11,0.18,0.181,0.178,0.181,298000.0,0.0
02389.HK,2011-01-12,0.184,0.184,0.175,0.181,192000.0,0.0
02389.HK,2011-01-13,0.176,0.182,0.176,0.181,36000.0,0.0
02389.HK,2011-01-14,0.181,0.181,0.181,0.181,0.0,0.0
02389.HK,2011-01-17,0.175,0.176,0.175,0.176,12000.0,0.0
02389.HK,2011-01-18,0.177,0.181,0.177,0.181,468000.0,0.0
02389.HK,2011-01-19,0.176,0.182,0.172,0.18,792000.0,0.0
02389.HK,2011-01-20,0.175,0.198,0.175,0.182,5644000.0,0.0
02389.HK,2011-01-21,0.179,0.179,0.176,0.179,612000.0,0.0
02389.HK,2011-01-24,0.177,0.178,0.177,0.178,120000.0,0.0
02389.HK,2011-01-25,0.177,0.177,0.176,0.176,396000.0,0.0
02389.HK,2011-01-26,0.176,0.179,0.174,0.179,384000.0,0.0
02389.HK,2011-01-27,0.173,0.18,0.173,0.18,850000.0,0.0
02389.HK,2011-01-28,0.174,0.174,0.173,0.173,192000.0,0.0
02389.HK,2011-01-31,0.174,0.179,0.174,0.179,288000.0,0.0
02389.HK,2011-02-01,0.179,0.179,0.179,0.179,0.0,0.0
02389.HK,2011-02-02,0.182,0.23,0.182,0.198,960000.0,0.0
02389.HK,2011-02-07,0.202,0.21,0.19,0.19,198000.0,0.0
02389.HK,2011-02-08,0.199,0.199,0.199,0.199,24000.0,0.0
02389.HK,2011-02-09,0.188,0.188,0.183,0.186,360000.0,0.0
02389.HK,2011-02-10,0.19,0.19,0.184,0.189,2364000.0,0.0
02389.HK,2011-02-11,0.184,0.192,0.181,0.189,888000.0,0.0
02389.HK,2011-02-14,0.183,0.186,0.179,0.186,2836000.0,0.0
02389.HK,2011-02-15,0.183,0.183,0.179,0.18,504000.0,0.0
02389.HK,2011-02-16,0.185,0.193,0.185,0.191,1900000.0,0.0
02389.HK,2011-02-17,0.19,0.194,0.184,0.185,432000.0,0.0
02389.HK,2011-02-18,0.185,0.19,0.185,0.19,708000.0,0.0
02389.HK,2011-02-21,0.182,0.182,0.18,0.181,1144000.0,0.0
02389.HK,2011-02-22,0.181,0.181,0.18,0.18,390000.0,0.0
02389.HK,2011-02-23,0.18,0.18,0.18,0.18,12000.0,0.0
02389.HK,2011-02-24,0.188,0.189,0.178,0.18,1056000.0,0.0
02389.HK,2011-02-25,0.18,0.18,0.18,0.18,0.0,0.0
02389.HK,2011-02-28,0.18,0.18,0.18,0.18,0.0,0.0
02389.HK,2011-03-01,0.178,0.188,0.178,0.188,380000.0,0.0
02389.HK,2011-03-02,0.188,0.188,0.188,0.188,0.0,0.0
02389.HK,2011-03-03,0.185,0.191,0.185,0.191,336000.0,0.0
02389.HK,2011-03-04,0.194,0.198,0.19,0.193,2720000.0,0.0
02389.HK,2011-03-07,0.19,0.196,0.188,0.196,234000.0,0.0
02389.HK,2011-03-08,0.197,0.197,0.188,0.188,452000.0,0.0
02389.HK,2011-03-09,0.184,0.184,0.183,0.184,120000.0,0.0
02389.HK,2011-03-10,0.183,0.194,0.183,0.193,432000.0,0.0
02389.HK,2011-03-11,0.191,0.191,0.191,0.191,0.0,0.0
02389.HK,2011-03-14,0.2,0.21,0.185,0.197,1860000.0,0.0
02389.HK,2011-03-15,0.191,0.194,0.183,0.194,380000.0,0.0
02389.HK,2011-03-16,0.192,0.192,0.192,0.192,0.0,0.0
02389.HK,2011-03-17,0.191,0.192,0.184,0.185,6444000.0,0.0
02389.HK,2011-03-18,0.187,0.195,0.185,0.195,252000.0,0.0
02389.HK,2011-03-21,0.19,0.19,0.19,0.19,0.0,0.0
02389.HK,2011-03-22,0.19,0.19,0.184,0.188,1416000.0,0.0
02389.HK,2011-03-23,0.188,0.19,0.188,0.19,108000.0,0.0
02389.HK,2011-03-24,0.188,0.188,0.18,0.187,54000.0,0.0
02389.HK,2011-03-25,0.187,0.187,0.185,0.185,24000.0,0.0
02389.HK,2011-03-28,0.185,0.185,0.185,0.185,0.0,0.0
02389.HK,2011-03-29,0.185,0.185,0.171,0.174,192000.0,0.0
02389.HK,2011-03-30,0.184,0.184,0.177,0.181,72000.0,0.0
02389.HK,2011-03-31,0.181,0.181,0.169,0.181,36000.0,0.0
02389.HK,2011-04-01,0.177,0.179,0.177,0.179,36000.0,0.0
02389.HK,2011-04-04,0.175,0.177,0.171,0.177,48000.0,0.0
02389.HK,2011-04-06,0.177,0.179,0.177,0.177,300000.0,0.0
02389.HK,2011-04-07,0.17,0.176,0.166,0.17,280000.0,0.0
02389.HK,2011-04-08,0.167,0.171,0.166,0.171,660000.0,0.0
02389.HK,2011-04-11,0.172,0.175,0.168,0.175,156000.0,0.0
02389.HK,2011-04-12,0.168,0.169,0.166,0.166,840000.0,0.0
02389.HK,2011-04-13,0.168,0.169,0.168,0.169,12000.0,0.0
02389.HK,2011-04-14,0.169,0.169,0.166,0.169,48000.0,0.0
02389.HK,2011-04-15,0.169,0.169,0.165,0.169,1620000.0,0.0
02389.HK,2011-04-18,0.152,0.16,0.152,0.16,4968000.0,0.0
02389.HK,2011-04-19,0.16,0.16,0.157,0.158,120000.0,0.0
02389.HK,2011-04-20,0.158,0.162,0.158,0.162,312000.0,0.0
02389.HK,2011-04-21,0.161,0.163,0.161,0.161,372000.0,0.0
02389.HK,2011-04-26,0.161,0.163,0.161,0.163,276000.0,0.0
02389.HK,2011-04-27,0.161,0.161,0.158,0.161,1036000.0,0.0
02389.HK,2011-04-28,0.16,0.164,0.16,0.164,432000.0,0.0
02389.HK,2011-04-29,0.168,0.168,0.168,0.168,24000.0,0.0
02389.HK,2011-05-03,0.168,0.168,0.168,0.168,0.0,0.0
02389.HK,2011-05-04,0.167,0.167,0.167,0.167,180000.0,0.0
02389.HK,2011-05-05,0.166,0.167,0.166,0.167,156000.0,0.0
02389.HK,2011-05-06,0.167,0.167,0.167,0.167,12000.0,0.0
02389.HK,2011-05-09,0.16,0.161,0.156,0.16,1604000.0,0.0
02389.HK,2011-05-11,0.16,0.16,0.16,0.16,0.0,0.0
02389.HK,2011-05-12,0.16,0.16,0.16,0.16,0.0,0.0
02389.HK,2011-05-13,0.156,0.168,0.156,0.168,744000.0,0.0
02389.HK,2011-05-16,0.17,0.17,0.165,0.17,1548000.0,0.0
02389.HK,2011-05-17,0.17,0.17,0.17,0.17,0.0,0.0
02389.HK,2011-05-18,0.168,0.175,0.168,0.174,732000.0,0.0
02389.HK,2011-05-19,0.173,0.176,0.172,0.172,1044000.0,0.0
02389.HK,2011-05-20,0.167,0.176,0.167,0.176,240000.0,0.0
02389.HK,2011-05-23,0.174,0.174,0.17,0.17,792000.0,0.0
02389.HK,2011-05-24,0.17,0.171,0.168,0.171,732000.0,0.0
02389.HK,2011-05-25,0.171,0.171,0.171,0.171,0.0,0.0
02389.HK,2011-05-26,0.171,0.171,0.171,0.171,0.0,0.0
02389.HK,2011-05-27,0.168,0.168,0.168,0.168,480000.0,0.0
02389.HK,2011-05-30,0.168,0.168,0.168,0.168,0.0,0.0
02389.HK,2011-05-31,0.166,0.166,0.166,0.166,0.0,0.0
02389.HK,2011-06-01,0.166,0.166,0.166,0.166,0.0,0.0
02389.HK,2011-06-02,0.166,0.166,0.166,0.166,0.0,0.0
02389.HK,2011-06-03,0.16,0.161,0.16,0.16,160000.0,0.0
02389.HK,2011-06-07,0.16,0.161,0.16,0.161,108000.0,0.0
02389.HK,2011-06-08,0.159,0.173,0.159,0.173,1116000.0,0.0
02389.HK,2011-06-09,0.172,0.172,0.172,0.172,0.0,0.0
02389.HK,2011-06-10,0.168,0.168,0.168,0.168,12000.0,0.0
02389.HK,2011-06-13,0.165,0.165,0.165,0.165,0.0,0.0
02389.HK,2011-06-14,0.165,0.165,0.165,0.165,0.0,0.0
02389.HK,2011-06-15,0.156,0.156,0.15,0.156,552000.0,0.0
02389.HK,2011-06-16,0.15,0.154,0.147,0.154,5148000.0,0.0
02389.HK,2011-06-17,0.16,0.16,0.16,0.16,0.0,0.0
02389.HK,2011-06-20,0.16,0.16,0.16,0.16,0.0,0.0
02389.HK,2011-06-21,0.16,0.16,0.16,0.16,0.0,0.0
02389.HK,2011-06-22,0.145,0.155,0.145,0.155,312000.0,0.0
02389.HK,2011-06-23,0.143,0.155,0.143,0.155,324000.0,0.0
02389.HK,2011-06-24,0.155,0.155,0.155,0.155,12000.0,0.0
02389.HK,2011-06-27,0.155,0.155,0.155,0.155,0.0,0.0
02389.HK,2011-06-28,0.15,0.15,0.15,0.15,112000.0,0.0
02389.HK,2011-06-29,0.15,0.15,0.15,0.15,0.0,0.0
02389.HK,2011-06-30,0.153,0.161,0.153,0.161,116000.0,0.0
02389.HK,2011-07-04,0.161,0.161,0.161,0.161,0.0,0.0
02389.HK,2011-07-05,0.151,0.155,0.148,0.155,90000.0,0.0
02389.HK,2011-07-06,0.155,0.155,0.155,0.155,0.0,0.0
02389.HK,2011-07-07,0.155,0.155,0.155,0.155,0.0,0.0
02389.HK,2011-07-08,0.155,0.155,0.155,0.155,0.0,0.0
02389.HK,2011-07-11,0.155,0.16,0.155,0.156,252000.0,0.0
02389.HK,2011-07-12,0.156,0.156,0.156,0.156,0.0,0.0
02389.HK,2011-07-13,0.161,0.161,0.161,0.161,0.0,0.0
02389.HK,2011-07-14,0.161,0.161,0.161,0.161,0.0,0.0
02389.HK,2011-07-15,0.17,0.17,0.17,0.17,72000.0,0.0
02389.HK,2011-07-18,0.17,0.17,0.17,0.17,0.0,0.0
02389.HK,2011-07-19,0.17,0.17,0.17,0.17,0.0,0.0
02389.HK,2011-07-20,0.17,0.17,0.17,0.17,0.0,0.0
02389.HK,2011-07-21,0.167,0.167,0.167,0.167,0.0,0.0
02389.HK,2011-07-22,0.17,0.172,0.161,0.171,1056000.0,0.0
02389.HK,2011-07-25,0.17,0.17,0.17,0.17,0.0,0.0
02389.HK,2011-07-26,0.17,0.17,0.17,0.17,0.0,0.0
02389.HK,2011-07-27,0.17,0.17,0.17,0.17,0.0,0.0
02389.HK,2011-07-28,0.17,0.17,0.17,0.17,0.0,0.0
02389.HK,2011-07-29,0.17,0.17,0.17,0.17,0.0,0.0
02389.HK,2011-08-01,0.17,0.17,0.17,0.17,300000.0,0.0
02389.HK,2011-08-02,0.17,0.17,0.17,0.17,0.0,0.0
02389.HK,2011-08-03,0.17,0.17,0.17,0.17,0.0,0.0
02389.HK,2011-08-04,0.17,0.17,0.17,0.17,0.0,0.0
02389.HK,2011-08-05,0.15,0.16,0.149,0.157,744000.0,0.0
02389.HK,2011-08-08,0.157,0.157,0.157,0.157,132000.0,0.0
02389.HK,2011-08-09,0.122,0.167,0.121,0.155,192000.0,0.0
02389.HK,2011-08-10,0.15,0.15,0.15,0.15,204000.0,0.0
02389.HK,2011-08-11,0.15,0.15,0.15,0.15,120000.0,0.0
02389.HK,2011-08-12,0.15,0.15,0.145,0.15,696000.0,0.0
02389.HK,2011-08-15,0.15,0.15,0.15,0.15,96000.0,0.0
02389.HK,2011-08-16,0.15,0.15,0.15,0.15,96000.0,0.0
02389.HK,2011-08-17,0.134,0.16,0.134,0.16,264000.0,0.0
02389.HK,2011-08-18,0.15,0.15,0.15,0.15,96000.0,0.0
02389.HK,2011-08-19,0.15,0.15,0.15,0.15,0.0,0.0
02389.HK,2011-08-22,0.15,0.15,0.145,0.145,96000.0,0.0
02389.HK,2011-08-23,0.15,0.15,0.135,0.147,192000.0,0.0
02389.HK,2011-08-24,0.145,0.145,0.145,0.145,100000.0,0.0
02389.HK,2011-08-25,0.145,0.15,0.145,0.15,528000.0,0.0
02389.HK,2011-08-26,0.15,0.15,0.15,0.15,96000.0,0.0
02389.HK,2011-08-29,0.15,0.15,0.14,0.145,1692000.0,0.0
02389.HK,2011-08-30,0.145,0.145,0.145,0.145,96000.0,0.0
02389.HK,2011-08-31,0.145,0.145,0.14,0.14,252000.0,0.0
02389.HK,2011-09-01,0.145,0.145,0.14,0.14,96000.0,0.0
02389.HK,2011-09-02,0.14,0.14,0.136,0.14,540000.0,0.0
02389.HK,2011-09-05,0.124,0.14,0.124,0.14,313200.0,0.0
02389.HK,2011-09-06,0.14,0.14,0.14,0.14,0.0,0.0
02389.HK,2011-09-07,0.135,0.14,0.133,0.14,324000.0,0.0
02389.HK,2011-09-08,0.133,0.135,0.133,0.135,96000.0,0.0
02389.HK,2011-09-09,0.133,0.14,0.133,0.14,216000.0,0.0
02389.HK,2011-09-12,0.14,0.14,0.14,0.14,0.0,0.0
02389.HK,2011-09-14,0.135,0.139,0.13,0.139,204000.0,0.0
02389.HK,2011-09-15,0.13,0.138,0.13,0.138,196000.0,0.0
02389.HK,2011-09-16,0.135,0.139,0.135,0.139,180000.0,0.0
02389.HK,2011-09-19,0.13,0.13,0.13,0.13,96000.0,0.0
02389.HK,2011-09-20,0.13,0.13,0.13,0.13,96000.0,0.0
02389.HK,2011-09-21,0.13,0.13,0.13,0.13,0.0,0.0
02389.HK,2011-09-22,0.118,0.128,0.111,0.128,434000.0,0.0
02389.HK,2011-09-23,0.125,0.129,0.12,0.129,192000.0,0.0
02389.HK,2011-09-26,0.125,0.125,0.106,0.106,1020000.0,0.0
02389.HK,2011-09-27,0.106,0.106,0.102,0.105,264000.0,0.0
02389.HK,2011-09-28,0.105,0.115,0.105,0.115,192000.0,0.0
02389.HK,2011-09-30,0.11,0.11,0.11,0.11,384000.0,0.0
02389.HK,2011-10-03,0.105,0.105,0.105,0.105,96000.0,0.0
02389.HK,2011-10-04,0.1,0.1,0.1,0.1,96000.0,0.0
02389.HK,2011-10-06,0.11,0.11,0.104,0.106,1032000.0,0.0
02389.HK,2011-10-07,0.11,0.112,0.106,0.112,600000.0,0.0
02389.HK,2011-10-10,0.108,0.108,0.106,0.106,636000.0,0.0
02389.HK,2011-10-11,0.106,0.109,0.106,0.109,360000.0,0.0
02389.HK,2011-10-12,0.109,0.114,0.108,0.112,1008000.0,0.0
02389.HK,2011-10-13,0.109,0.112,0.109,0.112,408000.0,0.0
02389.HK,2011-10-14,0.108,0.108,0.108,0.108,480000.0,0.0
02389.HK,2011-10-17,0.125,0.125,0.115,0.118,452000.0,0.0
02389.HK,2011-10-18,0.11,0.11,0.11,0.11,96000.0,0.0
02389.HK,2011-10-19,0.11,0.11,0.11,0.11,96000.0,0.0
02389.HK,2011-10-20,0.108,0.108,0.108,0.108,480000.0,0.0
02389.HK,2011-10-21,0.108,0.108,0.108,0.108,240000.0,0.0
02389.HK,2011-10-24,0.11,0.115,0.11,0.115,720000.0,0.0
02389.HK,2011-10-25,0.11,0.11,0.11,0.11,1920000.0,0.0
02389.HK,2011-10-26,0.11,0.11,0.11,0.11,0.0,0.0
02389.HK,2011-10-27,0.108,0.113,0.108,0.113,12000.0,0.0
02389.HK,2011-10-28,0.129,0.129,0.118,0.118,384000.0,0.0
02389.HK,2011-10-31,0.111,0.111,0.11,0.11,652000.0,0.0
02389.HK,2011-11-01,0.11,0.11,0.11,0.11,984000.0,0.0
02389.HK,2011-11-02,0.11,0.11,0.11,0.11,480000.0,0.0
02389.HK,2011-11-03,0.11,0.11,0.11,0.11,0.0,0.0
02389.HK,2011-11-04,0.11,0.11,0.11,0.11,0.0,0.0
02389.HK,2011-11-07,0.11,0.11,0.11,0.11,0.0,0.0
02389.HK,2011-11-08,0.11,0.11,0.11,0.11,0.0,0.0
02389.HK,2011-11-09,0.12,0.123,0.12,0.123,852000.0,0.0
02389.HK,2011-11-10,0.123,0.123,0.123,0.123,0.0,0.0
02389.HK,2011-11-11,0.112,0.112,0.112,0.112,1128000.0,0.0
02389.HK,2011-11-14,0.111,0.112,0.111,0.112,144000.0,0.0
02389.HK,2011-11-15,0.112,0.118,0.112,0.118,24000.0,0.0
02389.HK,2011-11-16,0.118,0.118,0.118,0.118,0.0,0.0
02389.HK,2011-11-17,0.105,0.111,0.105,0.111,96000.0,0.0
02389.HK,2011-11-18,0.11,0.11,0.11,0.11,0.0,0.0
02389.HK,2011-11-21,0.105,0.106,0.105,0.106,948000.0,0.0
02389.HK,2011-11-22,0.118,0.119,0.11,0.111,816000.0,0.0
02389.HK,2011-11-23,0.111,0.111,0.111,0.111,0.0,0.0
02389.HK,2011-11-24,0.111,0.111,0.111,0.111,0.0,0.0
02389.HK,2011-11-25,0.111,0.111,0.111,0.111,0.0,0.0
02389.HK,2011-11-28,0.111,0.111,0.111,0.111,0.0,0.0
02389.HK,2011-11-29,0.106,0.108,0.106,0.108,300000.0,0.0
02389.HK,2011-11-30,0.105,0.118,0.105,0.116,3300000.0,0.0
02389.HK,2011-12-01,0.111,0.111,0.106,0.11,720000.0,0.0
02389.HK,2011-12-02,0.106,0.11,0.105,0.11,276000.0,0.0
02389.HK,2011-12-05,0.11,0.11,0.11,0.11,0.0,0.0
02389.HK,2011-12-06,0.105,0.108,0.103,0.108,372000.0,0.0
02389.HK,2011-12-07,0.105,0.108,0.105,0.108,240000.0,0.0
02389.HK,2011-12-08,0.105,0.105,0.105,0.105,240000.0,0.0
02389.HK,2011-12-09,0.105,0.105,0.105,0.105,240000.0,0.0
02389.HK,2011-12-12,0.105,0.105,0.105,0.105,240000.0,0.0
02389.HK,2011-12-13,0.103,0.103,0.103,0.103,240000.0,0.0
02389.HK,2011-12-14,0.097,0.097,0.097,0.097,120000.0,0.0
02389.HK,2011-12-15,0.103,0.103,0.103,0.103,120000.0,0.0
02389.HK,2011-12-16,0.1,0.1,0.1,0.1,480000.0,0.0
02389.HK,2011-12-19,0.1,0.1,0.1,0.1,360000.0,0.0
02389.HK,2011-12-20,0.1,0.1,0.1,0.1,0.0,0.0
02389.HK,2011-12-21,0.1,0.1,0.1,0.1,0.0,0.0
02389.HK,2011-12-22,0.1,0.1,0.1,0.1,0.0,0.0
02389.HK,2011-12-23,0.1,0.1,0.1,0.1,0.0,0.0
02389.HK,2011-12-28,0.1,0.1,0.1,0.1,0.0,0.0
02389.HK,2011-12-29,0.1,0.1,0.1,0.1,0.0,0.0
02389.HK,2011-12-30,0.101,0.101,0.101,0.101,72000.0,0.0
02389.HK,2012-01-03,0.101,0.101,0.101,0.101,0.0,0.0
02389.HK,2012-01-04,0.093,0.108,0.093,0.108,48000.0,0.0
02389.HK,2012-01-05,0.108,0.108,0.108,0.108,0.0,0.0
02389.HK,2012-01-06,0.106,0.106,0.106,0.106,0.0,0.0
02389.HK,2012-01-09,0.094,0.101,0.094,0.101,24000.0,0.0
02389.HK,2012-01-10,0.101,0.101,0.101,0.101,0.0,0.0
02389.HK,2012-01-11,0.101,0.101,0.101,0.101,0.0,0.0
02389.HK,2012-01-12,0.101,0.101,0.101,0.101,0.0,0.0
02389.HK,2012-01-13,0.101,0.101,0.101,0.101,0.0,0.0
02389.HK,2012-01-16,0.101,0.101,0.101,0.101,0.0,0.0
02389.HK,2012-01-17,0.106,0.106,0.102,0.102,324000.0,0.0
02389.HK,2012-01-18,0.102,0.102,0.102,0.102,0.0,0.0
02389.HK,2012-01-19,0.102,0.102,0.102,0.102,24000.0,0.0
02389.HK,2012-01-20,0.1,0.1,0.1,0.1,0.0,0.0
02389.HK,2012-01-26,0.09,0.102,0.09,0.102,150000.0,0.0
02389.HK,2012-01-27,0.102,0.102,0.102,0.102,0.0,0.0
02389.HK,2012-01-30,0.096,0.098,0.095,0.098,1692000.0,0.0
02389.HK,2012-01-31,0.098,0.102,0.098,0.102,120000.0,0.0
02389.HK,2012-02-01,0.092,0.092,0.092,0.092,48000.0,0.0
02389.HK,2012-02-02,0.096,0.099,0.096,0.099,48000.0,0.0
02389.HK,2012-02-03,0.105,0.105,0.105,0.105,0.0,0.0
02389.HK,2012-02-06,0.1,0.1,0.1,0.1,240000.0,0.0
02389.HK,2012-02-07,0.1,0.1,0.1,0.1,0.0,0.0
02389.HK,2012-02-08,0.1,0.1,0.1,0.1,0.0,0.0
02389.HK,2012-02-09,0.1,0.1,0.1,0.1,0.0,0.0
02389.HK,2012-02-10,0.1,0.105,0.096,0.105,1356000.0,0.0
02389.HK,2012-02-13,0.102,0.102,0.1,0.102,240000.0,0.0
02389.HK,2012-02-14,0.1,0.1,0.1,0.1,168000.0,0.0
02389.HK,2012-02-15,0.1,0.1,0.1,0.1,96000.0,0.0
02389.HK,2012-02-16,0.1,0.1,0.1,0.1,0.0,0.0
02389.HK,2012-02-17,0.109,0.11,0.1,0.106,360000.0,0.0
02389.HK,2012-02-20,0.098,0.098,0.095,0.098,540000.0,0.0
02389.HK,2012-02-21,0.098,0.098,0.098,0.098,72000.0,0.0
02389.HK,2012-02-22,0.098,0.099,0.098,0.099,360000.0,0.0
02389.HK,2012-02-23,0.099,0.099,0.099,0.099,24000.0,0.0
02389.HK,2012-02-24,0.099,0.099,0.099,0.099,0.0,0.0
02389.HK,2012-02-27,0.099,0.099,0.099,0.099,0.0,0.0
02389.HK,2012-02-28,0.099,0.099,0.099,0.099,0.0,0.0
02389.HK,2012-02-29,0.099,0.099,0.099,0.099,144000.0,0.0
02389.HK,2012-03-01,0.093,0.093,0.093,0.093,20000.0,0.0
02389.HK,2012-03-02,0.093,0.093,0.093,0.093,0.0,0.0
02389.HK,2012-03-05,0.093,0.093,0.093,0.093,12000.0,0.0
02389.HK,2012-03-06,0.093,0.093,0.093,0.093,0.0,0.0
02389.HK,2012-03-07,0.1,0.1,0.1,0.1,120000.0,0.0
02389.HK,2012-03-08,0.1,0.1,0.1,0.1,0.0,0.0
02389.HK,2012-03-09,0.12,0.12,0.12,0.12,360000.0,0.0
02389.HK,2012-03-12,0.106,0.111,0.106,0.111,240000.0,0.0
02389.HK,2012-03-13,0.111,0.111,0.111,0.111,0.0,0.0
02389.HK,2012-03-14,0.1,0.111,0.1,0.111,840000.0,0.0
02389.HK,2012-03-15,0.111,0.111,0.111,0.111,0.0,0.0
02389.HK,2012-03-16,0.1,0.111,0.1,0.111,480000.0,0.0
02389.HK,2012-03-19,0.1,0.111,0.1,0.111,1080000.0,0.0
02389.HK,2012-03-20,0.111,0.111,0.111,0.111,0.0,0.0
02389.HK,2012-03-21,0.111,0.111,0.111,0.111,0.0,0.0
02389.HK,2012-03-22,0.1,0.1,0.1,0.1,1924000.0,0.0
02389.HK,2012-03-23,0.115,0.115,0.095,0.095,192000.0,0.0
02389.HK,2012-03-26,0.095,0.095,0.095,0.095,480000.0,0.0
02389.HK,2012-03-27,0.095,0.095,0.095,0.095,960000.0,0.0
02389.HK,2012-03-28,0.095,0.095,0.095,0.095,960000.0,0.0
02389.HK,2012-03-29,0.095,0.095,0.095,0.095,0.0,0.0
02389.HK,2012-03-30,0.095,0.095,0.095,0.095,0.0,0.0
02389.HK,2012-04-02,0.095,0.095,0.095,0.095,576000.0,0.0
02389.HK,2012-04-03,0.095,0.095,0.095,0.095,0.0,0.0
02389.HK,2012-04-05,0.095,0.095,0.095,0.095,0.0,0.0
02389.HK,2012-04-10,0.095,0.095,0.095,0.095,0.0,0.0
02389.HK,2012-04-11,0.095,0.095,0.095,0.095,0.0,0.0
02389.HK,2012-04-12,0.095,0.095,0.095,0.095,0.0,0.0
02389.HK,2012-04-13,0.095,0.095,0.095,0.095,0.0,0.0
02389.HK,2012-04-16,0.095,0.095,0.095,0.095,0.0,0.0
02389.HK,2012-04-17,0.095,0.095,0.095,0.095,0.0,0.0
02389.HK,2012-04-18,0.095,0.095,0.095,0.095,12000.0,0.0
02389.HK,2012-04-19,0.095,0.095,0.095,0.095,0.0,0.0
02389.HK,2012-04-20,0.095,0.095,0.095,0.095,0.0,0.0
02389.HK,2012-04-23,0.095,0.095,0.095,0.095,0.0,0.0
02389.HK,2012-04-24,0.095,0.095,0.095,0.095,0.0,0.0
02389.HK,2012-04-25,0.095,0.095,0.095,0.095,0.0,0.0
02389.HK,2012-04-26,0.095,0.095,0.095,0.095,0.0,0.0
02389.HK,2012-04-27,0.095,0.095,0.095,0.095,180000.0,0.0
02389.HK,2012-04-30,0.095,0.095,0.095,0.095,0.0,0.0
02389.HK,2012-05-02,0.095,0.095,0.095,0.095,0.0,0.0
02389.HK,2012-05-03,0.095,0.095,0.095,0.095,0.0,0.0
02389.HK,2012-05-04,0.095,0.095,0.095,0.095,0.0,0.0
02389.HK,2012-05-07,0.095,0.095,0.095,0.095,0.0,0.0
02389.HK,2012-05-08,0.098,0.098,0.098,0.098,36000.0,0.0
02389.HK,2012-05-09,0.095,0.095,0.095,0.095,24000.0,0.0
02389.HK,2012-05-10,0.095,0.095,0.095,0.095,0.0,0.0
02389.HK,2012-05-11,0.1,0.1,0.1,0.1,0.0,0.0
02389.HK,2012-05-14,0.1,0.1,0.1,0.1,0.0,0.0
02389.HK,2012-05-15,0.103,0.103,0.103,0.103,168000.0,0.0
02389.HK,2012-05-16,0.103,0.103,0.103,0.103,0.0,0.0
02389.HK,2012-05-17,0.103,0.103,0.103,0.103,0.0,0.0
02389.HK,2012-05-18,0.088,0.103,0.088,0.103,996000.0,0.0
02389.HK,2012-05-21,0.1,0.1,0.1,0.1,960000.0,0.0
02389.HK,2012-05-22,0.1,0.1,0.1,0.1,1560000.0,0.0
02389.HK,2012-05-23,0.1,0.1,0.1,0.1,804000.0,0.0
02389.HK,2012-05-24,0.1,0.1,0.1,0.1,960000.0,0.0
02389.HK,2012-05-25,0.098,0.1,0.098,0.1,12000.0,0.0
02389.HK,2012-05-28,0.1,0.1,0.1,0.1,420000.0,0.0
02389.HK,2012-05-29,0.1,0.1,0.1,0.1,516000.0,0.0
02389.HK,2012-05-30,0.1,0.1,0.1,0.1,240000.0,0.0
02389.HK,2012-05-31,0.1,0.1,0.1,0.1,144000.0,0.0
02389.HK,2012-06-01,0.1,0.1,0.1,0.1,0.0,0.0
02389.HK,2012-06-04,0.1,0.1,0.1,0.1,480000.0,0.0
02389.HK,2012-06-05,0.1,0.1,0.1,0.1,0.0,0.0
02389.HK,2012-06-06,0.098,0.098,0.098,0.098,144000.0,0.0
02389.HK,2012-06-07,0.1,0.1,0.1,0.1,0.0,0.0
02389.HK,2012-06-08,0.1,0.1,0.1,0.1,0.0,0.0
02389.HK,2012-06-11,0.1,0.1,0.1,0.1,0.0,0.0
02389.HK,2012-06-12,0.1,0.1,0.1,0.1,0.0,0.0
02389.HK,2012-06-13,0.103,0.107,0.103,0.107,180000.0,0.0
02389.HK,2012-06-14,0.107,0.107,0.107,0.107,0.0,0.0
02389.HK,2012-06-15,0.107,0.107,0.107,0.107,0.0,0.0
02389.HK,2012-06-18,0.107,0.107,0.107,0.107,0.0,0.0
02389.HK,2012-06-19,0.107,0.107,0.107,0.107,0.0,0.0
02389.HK,2012-06-20,0.107,0.107,0.107,0.107,0.0,0.0
02389.HK,2012-06-21,0.105,0.105,0.105,0.105,612000.0,0.0
02389.HK,2012-06-22,0.105,0.105,0.105,0.105,0.0,0.0
02389.HK,2012-06-25,0.105,0.105,0.105,0.105,0.0,0.0
02389.HK,2012-06-26,0.105,0.105,0.105,0.105,0.0,0.0
02389.HK,2012-06-27,0.108,0.108,0.108,0.108,240000.0,0.0
02389.HK,2012-06-28,0.105,0.105,0.105,0.105,360000.0,0.0
02389.HK,2012-06-29,0.105,0.105,0.105,0.105,432000.0,0.0
02389.HK,2012-07-03,0.105,0.105,0.105,0.105,0.0,0.0
02389.HK,2012-07-04,0.105,0.105,0.105,0.105,0.0,0.0
02389.HK,2012-07-05,0.105,0.105,0.105,0.105,0.0,0.0
02389.HK,2012-07-06,0.105,0.105,0.105,0.105,0.0,0.0
02389.HK,2012-07-09,0.105,0.105,0.105,0.105,0.0,0.0
02389.HK,2012-07-10,0.105,0.105,0.105,0.105,0.0,0.0
02389.HK,2012-07-11,0.105,0.105,0.105,0.105,0.0,0.0
02389.HK,2012-07-12,0.105,0.105,0.105,0.105,0.0,0.0
02389.HK,2012-07-13,0.105,0.105,0.105,0.105,0.0,0.0
02389.HK,2012-07-16,0.105,0.105,0.105,0.105,240000.0,0.0
02389.HK,2012-07-17,0.105,0.105,0.105,0.105,0.0,0.0
02389.HK,2012-07-18,0.105,0.105,0.105,0.105,0.0,0.0
02389.HK,2012-07-19,0.105,0.105,0.105,0.105,0.0,0.0
02389.HK,2012-07-20,0.105,0.105,0.105,0.105,0.0,0.0
02389.HK,2012-07-23,0.105,0.105,0.105,0.105,0.0,0.0
02389.HK,2012-07-24,0.105,0.105,0.105,0.105,0.0,0.0
02389.HK,2012-07-25,0.105,0.105,0.105,0.105,0.0,0.0
02389.HK,2012-07-26,0.105,0.105,0.105,0.105,0.0,0.0
02389.HK,2012-07-27,0.105,0.105,0.105,0.105,0.0,0.0
02389.HK,2012-07-30,0.105,0.105,0.105,0.105,0.0,0.0
02389.HK,2012-07-31,0.105,0.105,0.105,0.105,0.0,0.0
02389.HK,2012-08-01,0.105,0.105,0.105,0.105,0.0,0.0
02389.HK,2012-08-02,0.105,0.105,0.105,0.105,0.0,0.0
02389.HK,2012-08-03,0.105,0.105,0.105,0.105,0.0,0.0
02389.HK,2012-08-06,0.105,0.105,0.105,0.105,0.0,0.0
02389.HK,2012-08-07,0.103,0.103,0.103,0.103,240000.0,0.0
02389.HK,2012-08-08,0.1,0.1,0.1,0.1,0.0,0.0
02389.HK,2012-08-09,0.1,0.1,0.1,0.1,0.0,0.0
02389.HK,2012-08-10,0.1,0.1,0.1,0.1,0.0,0.0
02389.HK,2012-08-13,0.1,0.1,0.1,0.1,0.0,0.0
02389.HK,2012-08-14,0.1,0.1,0.1,0.1,0.0,0.0
02389.HK,2012-08-15,0.1,0.1,0.1,0.1,0.0,0.0
02389.HK,2012-08-16,0.1,0.1,0.1,0.1,0.0,0.0
02389.HK,2012-08-17,0.1,0.1,0.1,0.1,0.0,0.0
02389.HK,2012-08-20,0.1,0.1,0.1,0.1,0.0,0.0
02389.HK,2012-08-21,0.1,0.1,0.1,0.1,132000.0,0.0
02389.HK,2012-08-22,0.105,0.105,0.1,0.1,360000.0,0.0
02389.HK,2012-08-23,0.1,0.1,0.1,0.1,0.0,0.0
02389.HK,2012-08-24,0.1,0.1,0.1,0.1,0.0,0.0
02389.HK,2012-08-27,0.1,0.1,0.1,0.1,0.0,0.0
02389.HK,2012-08-28,0.1,0.1,0.1,0.1,0.0,0.0
02389.HK,2012-08-29,0.1,0.1,0.1,0.1,0.0,0.0
02389.HK,2012-08-30,0.1,0.1,0.1,0.1,0.0,0.0
02389.HK,2012-08-31,0.1,0.1,0.1,0.1,0.0,0.0
02389.HK,2012-09-03,0.1,0.1,0.1,0.1,0.0,0.0
02389.HK,2012-09-04,0.1,0.1,0.1,0.1,0.0,0.0
02389.HK,2012-09-05,0.1,0.1,0.1,0.1,0.0,0.0
02389.HK,2012-09-06,0.1,0.1,0.1,0.1,0.0,0.0
02389.HK,2012-09-07,0.1,0.1,0.1,0.1,0.0,0.0
02389.HK,2012-09-10,0.1,0.1,0.1,0.1,0.0,0.0
02389.HK,2012-09-11,0.1,0.1,0.1,0.1,0.0,0.0
02389.HK,2012-09-12,0.1,0.1,0.1,0.1,0.0,0.0
02389.HK,2012-09-13,0.1,0.1,0.1,0.1,0.0,0.0
02389.HK,2012-09-14,0.1,0.125,0.092,0.101,1520000.0,0.0
02389.HK,2012-09-17,0.101,0.101,0.101,0.101,0.0,0.0
02389.HK,2012-09-18,0.11,0.11,0.11,0.11,120000.0,0.0
02389.HK,2012-09-19,0.11,0.113,0.101,0.101,556000.0,0.0
02389.HK,2012-09-20,0.111,0.125,0.111,0.12,692000.0,0.0
02389.HK,2012-09-21,0.117,0.117,0.116,0.116,348000.0,0.0
02389.HK,2012-09-24,0.116,0.116,0.116,0.116,0.0,0.0
02389.HK,2012-09-25,0.116,0.116,0.116,0.116,0.0,0.0
02389.HK,2012-09-26,0.116,0.116,0.116,0.116,0.0,0.0
02389.HK,2012-09-27,0.116,0.116,0.116,0.116,0.0,0.0
02389.HK,2012-09-28,0.116,0.116,0.116,0.116,0.0,0.0
02389.HK,2012-10-03,0.116,0.116,0.116,0.116,0.0,0.0
02389.HK,2012-10-04,0.116,0.116,0.116,0.116,0.0,0.0
02389.HK,2012-10-05,0.116,0.116,0.116,0.116,0.0,0.0
02389.HK,2012-10-08,0.116,0.116,0.116,0.116,0.0,0.0
02389.HK,2012-10-09,0.116,0.116,0.116,0.116,0.0,0.0
02389.HK,2012-10-10,0.116,0.116,0.116,0.116,132000.0,0.0
02389.HK,2012-10-11,0.116,0.116,0.116,0.116,0.0,0.0
02389.HK,2012-10-12,0.116,0.116,0.116,0.116,0.0,0.0
02389.HK,2012-10-15,0.116,0.116,0.116,0.116,0.0,0.0
02389.HK,2012-10-16,0.116,0.116,0.116,0.116,0.0,0.0
02389.HK,2012-10-17,0.103,0.107,0.098,0.107,2268000.0,0.0
02389.HK,2012-10-18,0.107,0.107,0.107,0.107,0.0,0.0
02389.HK,2012-10-19,0.108,0.108,0.108,0.108,192000.0,0.0
02389.HK,2012-10-22,0.108,0.108,0.108,0.108,0.0,0.0
02389.HK,2012-10-24,0.108,0.108,0.108,0.108,0.0,0.0
02389.HK,2012-10-25,0.108,0.108,0.108,0.108,0.0,0.0
02389.HK,2012-10-26,0.108,0.108,0.108,0.108,0.0,0.0
02389.HK,2012-10-29,0.108,0.108,0.108,0.108,0.0,0.0
02389.HK,2012-10-30,0.108,0.108,0.108,0.108,0.0,0.0
02389.HK,2012-10-31,0.108,0.108,0.108,0.108,0.0,0.0
02389.HK,2012-11-01,0.117,0.123,0.115,0.119,1598000.0,0.0
02389.HK,2012-11-02,0.12,0.129,0.12,0.126,904000.0,0.0
02389.HK,2012-11-05,0.126,0.126,0.126,0.126,0.0,0.0
02389.HK,2012-11-06,0.107,0.112,0.09,0.105,1476000.0,0.0
02389.HK,2012-11-07,0.105,0.123,0.105,0.11,360000.0,0.0
02389.HK,2012-11-08,0.11,0.115,0.11,0.115,240000.0,0.0
02389.HK,2012-11-09,0.11,0.11,0.11,0.11,120000.0,0.0
02389.HK,2012-11-12,0.11,0.115,0.11,0.115,252000.0,0.0
02389.HK,2012-11-13,0.114,0.114,0.114,0.114,0.0,0.0
02389.HK,2012-11-14,0.115,0.118,0.109,0.118,1212000.0,0.0
02389.HK,2012-11-15,0.115,0.12,0.106,0.109,1296000.0,0.0
02389.HK,2012-11-16,0.118,0.118,0.118,0.118,276000.0,0.0
02389.HK,2012-11-19,0.11,0.11,0.11,0.11,288000.0,0.0
02389.HK,2012-11-20,0.11,0.11,0.11,0.11,0.0,0.0
02389.HK,2012-11-21,0.11,0.11,0.11,0.11,0.0,0.0
02389.HK,2012-11-22,0.11,0.11,0.11,0.11,240000.0,0.0
02389.HK,2012-11-23,0.11,0.11,0.11,0.11,0.0,0.0
02389.HK,2012-11-26,0.11,0.11,0.11,0.11,0.0,0.0
02389.HK,2012-11-27,0.11,0.11,0.11,0.11,0.0,0.0
02389.HK,2012-11-28,0.11,0.11,0.11,0.11,0.0,0.0
02389.HK,2012-11-29,0.11,0.11,0.11,0.11,0.0,0.0
02389.HK,2012-11-30,0.11,0.11,0.11,0.11,0.0,0.0
02389.HK,2012-12-03,0.106,0.106,0.106,0.106,240000.0,0.0
02389.HK,2012-12-04,0.106,0.106,0.106,0.106,0.0,0.0
02389.HK,2012-12-05,0.106,0.106,0.106,0.106,1108000.0,0.0
02389.HK,2012-12-06,0.105,0.105,0.099,0.1,360000.0,0.0
02389.HK,2012-12-07,0.1,0.1,0.1,0.1,0.0,0.0
02389.HK,2012-12-10,0.1,0.1,0.1,0.1,228000.0,0.0
02389.HK,2012-12-11,0.1,0.1,0.1,0.1,0.0,0.0
02389.HK,2012-12-12,0.115,0.152,0.115,0.143,36244000.0,0.0
02389.HK,2012-12-13,0.144,0.148,0.121,0.13,8208000.0,0.0
02389.HK,2012-12-14,0.128,0.135,0.125,0.126,1652000.0,0.0
02389.HK,2012-12-17,0.125,0.132,0.124,0.132,1006000.0,0.0
02389.HK,2012-12-18,0.133,0.133,0.127,0.128,876000.0,0.0
02389.HK,2012-12-19,0.133,0.144,0.133,0.136,4008000.0,0.0
02389.HK,2012-12-20,0.129,0.139,0.128,0.137,516000.0,0.0
02389.HK,2012-12-21,0.142,0.142,0.133,0.133,96000.0,0.0
02389.HK,2012-12-24,0.145,0.148,0.145,0.147,96000.0,0.0
02389.HK,2012-12-27,0.145,0.146,0.137,0.146,2940000.0,0.0
02389.HK,2012-12-28,0.139,0.139,0.138,0.138,840000.0,0.0
02389.HK,2012-12-31,0.146,0.165,0.146,0.163,1872000.0,0.0
02389.HK,2013-01-02,0.16,0.162,0.156,0.156,2928000.0,0.0
02389.HK,2013-01-03,0.155,0.16,0.15,0.157,1932000.0,0.0
02389.HK,2013-01-04,0.151,0.151,0.151,0.151,120000.0,0.0
02389.HK,2013-01-07,0.15,0.163,0.15,0.158,2168000.0,0.0
02389.HK,2013-01-08,0.16,0.16,0.155,0.156,1300000.0,0.0
02389.HK,2013-01-09,0.161,0.161,0.154,0.154,732000.0,0.0
02389.HK,2013-01-10,0.16,0.16,0.146,0.15,4008000.0,0.0
02389.HK,2013-01-11,0.155,0.16,0.155,0.16,384000.0,0.0
02389.HK,2013-01-14,0.16,0.196,0.16,0.195,7208000.0,0.0
02389.HK,2013-01-15,0.196,0.202,0.186,0.201,3504000.0,0.0
02389.HK,2013-01-16,0.2,0.206,0.194,0.194,1284000.0,0.0
02389.HK,2013-01-17,0.192,0.2,0.185,0.2,3564000.0,0.0
02389.HK,2013-01-18,0.205,0.206,0.199,0.199,1860000.0,0.0
02389.HK,2013-01-21,0.205,0.205,0.195,0.195,588000.0,0.0
02389.HK,2013-01-22,0.205,0.25,0.2,0.248,13908000.0,0.0
02389.HK,2013-01-23,0.233,0.265,0.233,0.265,6192000.0,0.0
02389.HK,2013-01-24,0.27,0.295,0.265,0.265,6066000.0,0.0
02389.HK,2013-01-25,0.26,0.26,0.239,0.241,3016000.0,0.0
02389.HK,2013-01-28,0.241,0.25,0.241,0.243,444000.0,0.0
02389.HK,2013-01-29,0.232,0.255,0.231,0.245,1248000.0,0.0
02389.HK,2013-01-30,0.255,0.265,0.23,0.248,3570000.0,0.0
02389.HK,2013-01-31,0.248,0.26,0.248,0.25,1452000.0,0.0
02389.HK,2013-02-01,0.25,0.26,0.245,0.245,1572000.0,0.0
02389.HK,2013-02-04,0.255,0.265,0.248,0.255,732000.0,0.0
02389.HK,2013-02-05,0.25,0.25,0.245,0.246,1176000.0,0.0
02389.HK,2013-02-06,0.245,0.248,0.245,0.248,1296000.0,0.0
02389.HK,2013-02-07,0.255,0.27,0.25,0.25,3732000.0,0.0
02389.HK,2013-02-08,0.255,0.27,0.25,0.265,2664000.0,0.0
02389.HK,2013-02-14,0.28,0.285,0.27,0.28,1368000.0,0.0
02389.HK,2013-02-15,0.28,0.29,0.275,0.28,3786000.0,0.0
02389.HK,2013-02-18,0.285,0.315,0.285,0.3,11604000.0,0.0
02389.HK,2013-02-19,0.31,0.315,0.29,0.29,4384000.0,0.0
02389.HK,2013-02-20,0.295,0.305,0.295,0.295,2520000.0,0.0
02389.HK,2013-02-21,0.295,0.3,0.29,0.29,756000.0,0.0
02389.HK,2013-02-22,0.3,0.3,0.295,0.295,72000.0,0.0
02389.HK,2013-02-25,0.285,0.31,0.285,0.31,744000.0,0.0
02389.HK,2013-02-26,0.305,0.305,0.28,0.29,2152000.0,0.0
02389.HK,2013-02-27,0.305,0.31,0.285,0.3,924000.0,0.0
02389.HK,2013-02-28,0.305,0.305,0.3,0.3,156000.0,0.0
02389.HK,2013-03-01,0.3,0.305,0.28,0.29,860000.0,0.0
02389.HK,2013-03-04,0.29,0.29,0.275,0.28,1522000.0,0.0
02389.HK,2013-03-05,0.275,0.275,0.26,0.27,1608000.0,0.0
02389.HK,2013-03-06,0.275,0.275,0.275,0.275,48000.0,0.0
02389.HK,2013-03-07,0.275,0.275,0.24,0.26,1632000.0,0.0
02389.HK,2013-03-08,0.26,0.26,0.25,0.25,756000.0,0.0
02389.HK,2013-03-11,0.25,0.25,0.235,0.245,3384000.0,0.0
02389.HK,2013-03-12,0.245,0.245,0.238,0.24,696000.0,0.0
02389.HK,2013-03-13,0.233,0.238,0.22,0.238,2844000.0,0.0
02389.HK,2013-03-14,0.238,0.238,0.238,0.238,324000.0,0.0
02389.HK,2013-03-15,0.244,0.265,0.24,0.265,7272000.0,0.0
02389.HK,2013-03-18,0.27,0.27,0.255,0.27,1968000.0,0.0
02389.HK,2013-03-19,0.27,0.275,0.25,0.275,1788000.0,0.0
02389.HK,2013-03-20,0.27,0.27,0.27,0.27,0.0,0.0
02389.HK,2013-03-21,0.27,0.27,0.27,0.27,0.0,0.0
02389.HK,2013-03-22,0.255,0.255,0.255,0.255,600000.0,0.0
02389.HK,2013-03-25,0.255,0.265,0.255,0.265,280000.0,0.0
02389.HK,2013-03-26,0.265,0.265,0.265,0.265,720000.0,0.0
02389.HK,2013-03-27,0.265,0.265,0.242,0.265,824000.0,0.0
02389.HK,2013-03-28,0.25,0.255,0.241,0.255,1260000.0,0.0
02389.HK,2013-04-02,0.255,0.255,0.25,0.25,888000.0,0.0
02389.HK,2013-04-03,0.245,0.249,0.245,0.248,792000.0,0.0
02389.HK,2013-04-05,0.242,0.242,0.239,0.239,468000.0,0.0
02389.HK,2013-04-08,0.219,0.239,0.219,0.239,456000.0,0.0
02389.HK,2013-04-09,0.239,0.25,0.239,0.244,588000.0,0.0
02389.HK,2013-04-10,0.244,0.244,0.244,0.244,0.0,0.0
02389.HK,2013-04-11,0.24,0.24,0.24,0.24,60000.0,0.0
02389.HK,2013-04-12,0.24,0.24,0.24,0.24,132000.0,0.0
02389.HK,2013-04-15,0.25,0.25,0.25,0.25,124000.0,0.0
02389.HK,2013-04-16,0.255,0.255,0.25,0.25,450000.0,0.0
02389.HK,2013-04-17,0.245,0.245,0.245,0.245,120000.0,0.0
02389.HK,2013-04-18,0.244,0.245,0.24,0.24,820000.0,0.0
02389.HK,2013-04-19,0.238,0.238,0.235,0.235,180000.0,0.0
02389.HK,2013-04-22,0.226,0.23,0.226,0.23,132000.0,0.0
02389.HK,2013-04-23,0.232,0.232,0.232,0.232,0.0,0.0
02389.HK,2013-04-24,0.22,0.225,0.22,0.225,576000.0,0.0
02389.HK,2013-04-25,0.22,0.22,0.22,0.22,660000.0,0.0
02389.HK,2013-04-26,0.22,0.22,0.215,0.219,2388000.0,0.0
02389.HK,2013-04-29,0.219,0.219,0.219,0.219,0.0,0.0
02389.HK,2013-04-30,0.219,0.219,0.219,0.219,0.0,0.0
02389.HK,2013-05-02,0.219,0.219,0.219,0.219,0.0,0.0
02389.HK,2013-05-03,0.219,0.219,0.219,0.219,0.0,0.0
02389.HK,2013-05-06,0.219,0.219,0.219,0.219,0.0,0.0
02389.HK,2013-05-07,0.21,0.21,0.21,0.21,12000.0,0.0
02389.HK,2013-05-08,0.21,0.21,0.2,0.208,1080000.0,0.0
02389.HK,2013-05-09,0.203,0.21,0.203,0.21,324000.0,0.0
02389.HK,2013-05-10,0.207,0.22,0.204,0.22,552000.0,0.0
02389.HK,2013-05-13,0.22,0.22,0.22,0.22,0.0,0.0
02389.HK,2013-05-14,0.203,0.21,0.201,0.21,412000.0,0.0
02389.HK,2013-05-15,0.21,0.21,0.21,0.21,96000.0,0.0
02389.HK,2013-05-16,0.21,0.21,0.21,0.21,0.0,0.0
02389.HK,2013-05-20,0.21,0.21,0.21,0.21,0.0,0.0
02389.HK,2013-05-21,0.21,0.21,0.21,0.21,0.0,0.0
02389.HK,2013-05-22,0.208,0.211,0.208,0.211,132000.0,0.0
02389.HK,2013-05-23,0.211,0.211,0.201,0.203,732000.0,0.0
02389.HK,2013-05-24,0.201,0.201,0.193,0.2,612000.0,0.0
02389.HK,2013-05-27,0.2,0.2,0.2,0.2,0.0,0.0
02389.HK,2013-05-28,0.2,0.2,0.2,0.2,84000.0,0.0
02389.HK,2013-05-29,0.199,0.2,0.193,0.2,1404000.0,0.0
02389.HK,2013-05-30,0.189,0.204,0.189,0.204,84000.0,0.0
02389.HK,2013-05-31,0.189,0.22,0.189,0.197,1392000.0,0.0
02389.HK,2013-06-03,0.2,0.202,0.2,0.2,96000.0,0.0
02389.HK,2013-06-04,0.2,0.2,0.2,0.2,0.0,0.0
02389.HK,2013-06-05,0.2,0.2,0.2,0.2,0.0,0.0
02389.HK,2013-06-06,0.202,0.202,0.19,0.2,972000.0,0.0
02389.HK,2013-06-07,0.198,0.198,0.198,0.198,1358.0,0.0
02389.HK,2013-06-10,0.198,0.198,0.198,0.198,0.0,0.0
02389.HK,2013-06-11,0.198,0.198,0.198,0.198,0.0,0.0
02389.HK,2013-06-13,0.194,0.194,0.193,0.193,156000.0,0.0
02389.HK,2013-06-14,0.19,0.19,0.18,0.188,1416000.0,0.0
02389.HK,2013-06-17,0.192,0.192,0.192,0.192,12000.0,0.0
02389.HK,2013-06-18,0.186,0.188,0.18,0.188,384000.0,0.0
02389.HK,2013-06-19,0.185,0.218,0.185,0.185,1044000.0,0.0
02389.HK,2013-06-20,0.185,0.185,0.173,0.173,1620000.0,0.0
02389.HK,2013-06-21,0.18,0.18,0.18,0.18,144000.0,0.0
02389.HK,2013-06-24,0.16,0.18,0.16,0.175,120000.0,0.0
02389.HK,2013-06-25,0.17,0.18,0.17,0.178,1764000.0,0.0
02389.HK,2013-06-26,0.17,0.178,0.17,0.178,76000.0,0.0
02389.HK,2013-06-27,0.178,0.178,0.178,0.178,0.0,0.0
02389.HK,2013-06-28,0.178,0.178,0.178,0.178,0.0,0.0
02389.HK,2013-07-02,0.178,0.178,0.178,0.178,0.0,0.0
02389.HK,2013-07-03,0.16,0.166,0.16,0.166,312000.0,0.0
02389.HK,2013-07-04,0.17,0.17,0.17,0.17,144000.0,0.0
02389.HK,2013-07-05,0.169,0.169,0.169,0.169,720000.0,0.0
02389.HK,2013-07-08,0.169,0.169,0.169,0.169,216000.0,0.0
02389.HK,2013-07-09,0.169,0.169,0.169,0.169,180000.0,0.0
02389.HK,2013-07-10,0.17,0.17,0.169,0.169,600000.0,0.0
02389.HK,2013-07-11,0.169,0.169,0.169,0.169,0.0,0.0
02389.HK,2013-07-12,0.18,0.18,0.18,0.18,156000.0,0.0
02389.HK,2013-07-15,0.18,0.18,0.18,0.18,0.0,0.0
02389.HK,2013-07-16,0.18,0.18,0.18,0.18,0.0,0.0
02389.HK,2013-07-17,0.18,0.18,0.18,0.18,0.0,0.0
02389.HK,2013-07-18,0.18,0.18,0.18,0.18,168000.0,0.0
02389.HK,2013-07-19,0.197,0.197,0.197,0.197,24000.0,0.0
02389.HK,2013-07-22,0.197,0.197,0.197,0.197,0.0,0.0
02389.HK,2013-07-23,0.208,0.223,0.203,0.221,876000.0,0.0
02389.HK,2013-07-24,0.221,0.221,0.221,0.221,0.0,0.0
02389.HK,2013-07-25,0.215,0.215,0.215,0.215,0.0,0.0
02389.HK,2013-07-26,0.21,0.221,0.205,0.221,294000.0,0.0
02389.HK,2013-07-29,0.209,0.217,0.209,0.217,120000.0,0.0
02389.HK,2013-07-30,0.219,0.22,0.219,0.22,24000.0,0.0
02389.HK,2013-07-31,0.22,0.22,0.22,0.22,0.0,0.0
02389.HK,2013-08-01,0.223,0.23,0.218,0.22,396000.0,0.0
02389.HK,2013-08-02,0.213,0.213,0.21,0.21,24000.0,0.0
02389.HK,2013-08-05,0.211,0.211,0.211,0.211,0.0,0.0
02389.HK,2013-08-06,0.211,0.211,0.211,0.211,0.0,0.0
02389.HK,2013-08-07,0.211,0.211,0.211,0.211,0.0,0.0
02389.HK,2013-08-08,0.211,0.211,0.211,0.211,0.0,0.0
02389.HK,2013-08-09,0.211,0.211,0.211,0.211,0.0,0.0
02389.HK,2013-08-12,0.23,0.242,0.222,0.222,1248000.0,0.0
02389.HK,2013-08-13,0.23,0.237,0.225,0.237,216000.0,0.0
02389.HK,2013-08-15,0.237,0.25,0.236,0.24,2234000.0,0.0
02389.HK,2013-08-16,0.249,0.25,0.242,0.25,2180000.0,0.0
02389.HK,2013-08-19,0.25,0.25,0.231,0.232,864000.0,0.0
02389.HK,2013-08-20,0.24,0.244,0.225,0.23,588000.0,0.0
02389.HK,2013-08-21,0.23,0.23,0.23,0.23,36000.0,0.0
02389.HK,2013-08-22,0.238,0.242,0.238,0.242,564000.0,0.0
02389.HK,2013-08-23,0.24,0.244,0.238,0.244,600000.0,0.0
02389.HK,2013-08-26,0.242,0.25,0.242,0.25,11412000.0,0.0
02389.HK,2013-08-27,0.255,0.26,0.255,0.26,684000.0,0.0
02389.HK,2013-08-28,0.26,0.265,0.25,0.25,1308000.0,0.0
02389.HK,2013-08-29,0.24,0.24,0.225,0.238,1644000.0,0.0
02389.HK,2013-08-30,0.24,0.24,0.24,0.24,168000.0,0.0
02389.HK,2013-09-02,0.24,0.24,0.24,0.24,0.0,0.0
02389.HK,2013-09-03,0.24,0.24,0.24,0.24,0.0,0.0
02389.HK,2013-09-04,0.24,0.24,0.24,0.24,0.0,0.0
02389.HK,2013-09-05,0.225,0.24,0.225,0.24,132000.0,0.0
02389.HK,2013-09-06,0.225,0.238,0.225,0.238,156000.0,0.0
02389.HK,2013-09-09,0.24,0.24,0.24,0.24,72000.0,0.0
02389.HK,2013-09-10,0.255,0.265,0.25,0.255,3272000.0,0.0
02389.HK,2013-09-11,0.26,0.26,0.26,0.26,256000.0,0.0
02389.HK,2013-09-12,0.25,0.25,0.25,0.25,48000.0,0.0
02389.HK,2013-09-13,0.25,0.26,0.25,0.255,428000.0,0.0
02389.HK,2013-09-16,0.25,0.25,0.25,0.25,240000.0,0.0
02389.HK,2013-09-17,0.25,0.26,0.25,0.255,146000.0,0.0
02389.HK,2013-09-18,0.255,0.255,0.255,0.255,0.0,0.0
02389.HK,2013-09-19,0.265,0.265,0.25,0.25,420000.0,0.0
02389.HK,2013-09-23,0.23,0.25,0.23,0.25,480000.0,0.0
02389.HK,2013-09-24,0.25,0.25,0.25,0.25,468000.0,0.0
02389.HK,2013-09-25,0.25,0.265,0.241,0.265,1596000.0,0.0
02389.HK,2013-09-26,0.265,0.27,0.265,0.27,480000.0,0.0
02389.HK,2013-09-27,0.27,0.285,0.27,0.285,2172000.0,0.0
02389.HK,2013-09-30,0.285,0.285,0.285,0.285,24000.0,0.0
02389.HK,2013-10-02,0.285,0.305,0.285,0.285,4992000.0,0.0
02389.HK,2013-10-03,0.28,0.285,0.28,0.285,1272000.0,0.0
02389.HK,2013-10-04,0.285,0.285,0.285,0.285,0.0,0.0
02389.HK,2013-10-07,0.285,0.285,0.285,0.285,0.0,0.0
02389.HK,2013-10-08,0.27,0.27,0.26,0.265,1804000.0,0.0
02389.HK,2013-10-09,0.26,0.265,0.26,0.265,420000.0,0.0
02389.HK,2013-10-10,0.265,0.265,0.265,0.265,0.0,0.0
02389.HK,2013-10-11,0.265,0.265,0.265,0.265,0.0,0.0
02389.HK,2013-10-15,0.265,0.265,0.265,0.265,0.0,0.0
02389.HK,2013-10-16,0.255,0.255,0.255,0.255,60000.0,0.0
02389.HK,2013-10-17,0.265,0.265,0.26,0.265,516000.0,0.0
02389.HK,2013-10-18,0.265,0.265,0.265,0.265,0.0,0.0
02389.HK,2013-10-21,0.28,0.28,0.28,0.28,1092000.0,0.0
02389.HK,2013-10-22,0.28,0.285,0.28,0.285,2788000.0,0.0
02389.HK,2013-10-23,0.27,0.28,0.26,0.28,852000.0,0.0
02389.HK,2013-10-24,0.27,0.285,0.27,0.285,504000.0,0.0
02389.HK,2013-10-25,0.27,0.275,0.27,0.275,720000.0,0.0
02389.HK,2013-10-28,0.275,0.275,0.27,0.27,216000.0,0.0
02389.HK,2013-10-29,0.27,0.27,0.27,0.27,0.0,0.0
02389.HK,2013-10-30,0.27,0.27,0.27,0.27,0.0,0.0
02389.HK,2013-10-31,0.27,0.27,0.27,0.27,0.0,0.0
02389.HK,2013-11-01,0.27,0.27,0.27,0.27,0.0,0.0
02389.HK,2013-11-04,0.27,0.27,0.27,0.27,360000.0,0.0
02389.HK,2013-11-05,0.27,0.27,0.27,0.27,0.0,0.0
02389.HK,2013-11-06,0.26,0.26,0.26,0.26,240000.0,0.0
02389.HK,2013-11-07,0.26,0.26,0.26,0.26,84000.0,0.0
02389.HK,2013-11-08,0.27,0.27,0.27,0.27,240000.0,0.0
02389.HK,2013-11-11,0.26,0.26,0.26,0.26,252000.0,0.0
02389.HK,2013-11-12,0.26,0.26,0.26,0.26,0.0,0.0
02389.HK,2013-11-13,0.26,0.26,0.26,0.26,0.0,0.0
02389.HK,2013-11-14,0.26,0.26,0.26,0.26,0.0,0.0
02389.HK,2013-11-15,0.26,0.26,0.26,0.26,0.0,0.0
02389.HK,2013-11-18,0.26,0.26,0.26,0.26,0.0,0.0
02389.HK,2013-11-19,0.26,0.26,0.26,0.26,0.0,0.0
02389.HK,2013-11-20,0.26,0.26,0.26,0.26,8000.0,0.0
02389.HK,2013-11-21,0.22,0.25,0.22,0.25,600000.0,0.0
02389.HK,2013-11-22,0.25,0.25,0.25,0.25,240000.0,0.0
02389.HK,2013-11-25,0.25,0.25,0.25,0.25,100000.0,0.0
02389.HK,2013-11-26,0.25,0.25,0.25,0.25,24000.0,0.0
02389.HK,2013-11-27,0.25,0.28,0.25,0.28,36000.0,0.0
02389.HK,2013-11-28,0.26,0.275,0.26,0.27,264000.0,0.0
02389.HK,2013-11-29,0.27,0.27,0.27,0.27,96000.0,0.0
02389.HK,2013-12-02,0.265,0.265,0.265,0.265,804000.0,0.0
02389.HK,2013-12-03,0.265,0.265,0.265,0.265,0.0,0.0
02389.HK,2013-12-04,0.25,0.25,0.25,0.25,72000.0,0.0
02389.HK,2013-12-05,0.26,0.265,0.25,0.26,816000.0,0.0
02389.HK,2013-12-06,0.26,0.26,0.26,0.26,120000.0,0.0
02389.HK,2013-12-09,0.255,0.255,0.245,0.245,732000.0,0.0
02389.HK,2013-12-10,0.247,0.247,0.247,0.247,0.0,0.0
02389.HK,2013-12-11,0.247,0.247,0.247,0.247,0.0,0.0
02389.HK,2013-12-12,0.247,0.247,0.247,0.247,0.0,0.0
02389.HK,2013-12-13,0.247,0.247,0.245,0.247,232000.0,0.0
02389.HK,2013-12-16,0.245,0.245,0.245,0.245,108000.0,0.0
02389.HK,2013-12-17,0.245,0.245,0.245,0.245,108000.0,0.0
02389.HK,2013-12-18,0.247,0.248,0.245,0.248,60000.0,0.0
02389.HK,2013-12-19,0.25,0.25,0.245,0.245,120000.0,0.0
02389.HK,2013-12-20,0.25,0.26,0.25,0.26,696000.0,0.0
02389.HK,2013-12-23,0.245,0.248,0.22,0.248,672000.0,0.0
02389.HK,2013-12-24,0.25,0.26,0.248,0.255,1588000.0,0.0
02389.HK,2013-12-27,0.255,0.255,0.255,0.255,0.0,0.0
02389.HK,2013-12-30,0.222,0.255,0.222,0.255,480000.0,0.0
02389.HK,2013-12-31,0.255,0.255,0.255,0.255,0.0,0.0
02389.HK,2014-01-02,0.255,0.255,0.255,0.255,0.0,0.0
02389.HK,2014-01-03,0.255,0.255,0.255,0.255,0.0,0.0
02389.HK,2014-01-06,0.255,0.255,0.255,0.255,0.0,0.0
02389.HK,2014-01-07,0.255,0.255,0.255,0.255,0.0,0.0
02389.HK,2014-01-08,0.255,0.255,0.255,0.255,0.0,0.0
02389.HK,2014-01-09,0.26,0.26,0.25,0.255,1584000.0,0.0
02389.HK,2014-01-10,0.255,0.255,0.255,0.255,12000.0,0.0
02389.HK,2014-01-13,0.25,0.25,0.25,0.25,1836000.0,0.0
02389.HK,2014-01-14,0.25,0.25,0.25,0.25,0.0,0.0
02389.HK,2014-01-15,0.25,0.25,0.25,0.25,0.0,0.0
02389.HK,2014-01-16,0.26,0.26,0.25,0.255,972000.0,0.0
02389.HK,2014-01-17,0.26,0.325,0.26,0.325,30208000.0,0.0
02389.HK,2014-01-20,0.37,0.445,0.36,0.365,102090000.0,0.0
02389.HK,2014-01-21,0.365,0.405,0.355,0.375,49688000.0,0.0
02389.HK,2014-01-22,0.385,0.41,0.385,0.395,41033200.0,0.0
02389.HK,2014-01-23,0.385,0.4,0.38,0.395,32244000.0,0.0
02389.HK,2014-01-24,0.39,0.395,0.375,0.385,23161750.0,0.0
02389.HK,2014-01-27,0.38,0.385,0.355,0.38,12885750.0,0.0
02389.HK,2014-01-28,0.385,0.44,0.385,0.435,57098000.0,0.0
02389.HK,2014-01-29,0.45,0.465,0.435,0.45,45760000.0,0.0
02389.HK,2014-01-30,0.43,0.46,0.425,0.455,24922000.0,0.0
02389.HK,2014-02-04,0.445,0.46,0.43,0.445,23176000.0,0.0
02389.HK,2014-02-05,0.445,0.445,0.4,0.415,60780000.0,0.0
02389.HK,2014-02-06,0.415,0.435,0.385,0.425,93636000.0,0.0
02389.HK,2014-02-07,0.43,0.43,0.385,0.405,69403250.0,0.0
02389.HK,2014-02-10,0.41,0.44,0.4,0.42,74792000.0,0.0
02389.HK,2014-02-11,0.42,0.455,0.415,0.44,84740000.0,0.0
02389.HK,2014-02-12,0.44,0.455,0.435,0.445,64664000.0,0.0
02389.HK,2014-02-13,0.45,0.465,0.415,0.45,84768000.0,0.0
02389.HK,2014-02-14,0.45,0.47,0.435,0.45,100976000.0,0.0
02389.HK,2014-02-17,0.445,0.455,0.43,0.44,59784000.0,0.0
02389.HK,2014-02-18,0.44,0.46,0.425,0.46,88644000.0,0.0
02389.HK,2014-02-19,0.47,0.5,0.46,0.475,76076000.0,0.0
02389.HK,2014-02-20,0.48,0.49,0.455,0.48,83180000.0,0.0
02389.HK,2014-02-21,0.485,0.49,0.465,0.485,100248000.0,0.0
02389.HK,2014-02-24,0.495,0.51,0.47,0.49,66612000.0,0.0
02389.HK,2014-02-25,0.49,0.5,0.47,0.5,115724000.0,0.0
02389.HK,2014-02-26,0.5,0.56,0.5,0.51,156696000.0,0.0
02389.HK,2014-02-27,0.52,0.54,0.5,0.52,102360000.0,0.0
02389.HK,2014-02-28,0.52,0.54,0.48,0.49,118608000.0,0.0
02389.HK,2014-03-03,0.485,0.495,0.47,0.48,77664000.0,0.0
02389.HK,2014-03-04,0.475,0.49,0.46,0.48,68664000.0,0.0
02389.HK,2014-03-05,0.48,0.49,0.47,0.485,49796000.0,0.0
02389.HK,2014-03-06,0.485,0.52,0.475,0.51,100620000.0,0.0
02389.HK,2014-03-07,0.51,0.58,0.5,0.57,133006000.0,0.0
02389.HK,2014-03-10,0.57,0.57,0.53,0.55,102749500.0,0.0
02389.HK,2014-03-11,0.55,0.55,0.52,0.54,124836000.0,0.0
02389.HK,2014-03-12,0.53,0.54,0.5,0.53,126498000.0,0.0
02389.HK,2014-03-13,0.54,0.57,0.53,0.56,107632000.0,0.0
02389.HK,2014-03-14,0.56,0.56,0.51,0.53,101376000.0,0.0
02389.HK,2014-03-17,0.53,0.53,0.5,0.52,109260000.0,0.0
02389.HK,2014-03-18,0.52,0.54,0.51,0.54,66480000.0,0.0
02389.HK,2014-03-19,0.53,0.55,0.51,0.52,71304000.0,0.0
02389.HK,2014-03-20,0.52,0.53,0.48,0.5,119188000.0,0.0
02389.HK,2014-03-21,0.51,0.51,0.46,0.5,84264000.0,0.0
02389.HK,2014-03-24,0.5,0.52,0.5,0.52,41784000.0,0.0
02389.HK,2014-03-25,0.51,0.54,0.485,0.49,73404000.0,0.0
02389.HK,2014-03-26,0.49,0.5,0.43,0.44,68808000.0,0.0
02389.HK,2014-03-27,0.42,0.45,0.315,0.32,150782000.0,0.0
02389.HK,2014-03-28,0.325,0.34,0.27,0.33,88152000.0,0.0
02389.HK,2014-03-31,0.34,0.34,0.295,0.325,22276000.0,0.0
02389.HK,2014-04-01,0.325,0.37,0.325,0.34,52788000.0,0.0
02389.HK,2014-04-02,0.345,0.35,0.315,0.35,29352000.0,0.0
02389.HK,2014-04-03,0.35,0.35,0.3,0.31,32388000.0,0.0
02389.HK,2014-04-04,0.31,0.31,0.265,0.31,58836000.0,0.0
02389.HK,2014-04-07,0.305,0.32,0.29,0.295,16908000.0,0.0
02389.HK,2014-04-08,0.3,0.3,0.28,0.29,20052000.0,0.0
02389.HK,2014-04-09,0.29,0.295,0.285,0.29,5580000.0,0.0
02389.HK,2014-04-10,0.285,0.34,0.28,0.34,47508000.0,0.0
02389.HK,2014-04-11,0.335,0.355,0.325,0.355,44124000.0,0.0
02389.HK,2014-04-14,0.35,0.36,0.345,0.355,18060000.0,0.0
02389.HK,2014-04-15,0.355,0.38,0.35,0.375,46860000.0,0.0
02389.HK,2014-04-16,0.375,0.385,0.35,0.375,33436000.0,0.0
02389.HK,2014-04-17,0.375,0.38,0.35,0.365,29904000.0,0.0
02389.HK,2014-04-22,0.355,0.37,0.345,0.365,12494000.0,0.0
02389.HK,2014-04-23,0.365,0.365,0.35,0.35,11493921.0,0.0
02389.HK,2014-04-24,0.35,0.465,0.35,0.46,100899780.0,0.0
02389.HK,2014-04-25,0.465,0.485,0.405,0.43,93450000.0,0.0
02389.HK,2014-04-28,0.43,0.45,0.405,0.41,35352000.0,0.0
02389.HK,2014-04-29,0.42,0.42,0.35,0.395,80328000.0,0.0
02389.HK,2014-04-30,0.38,0.4,0.37,0.38,20292000.0,0.0
02389.HK,2014-05-02,0.385,0.39,0.375,0.385,4992000.0,0.0
02389.HK,2014-05-05,0.39,0.415,0.39,0.415,15008000.0,0.0
02389.HK,2014-05-07,0.415,0.445,0.415,0.435,17932000.0,0.0
02389.HK,2014-05-08,0.44,0.445,0.41,0.42,51444000.0,0.0
02389.HK,2014-05-09,0.415,0.43,0.41,0.43,8580000.0,0.0
02389.HK,2014-05-12,0.435,0.45,0.425,0.44,31824000.0,0.0
02389.HK,2014-05-13,0.44,0.455,0.44,0.445,9600000.0,0.0
02389.HK,2014-05-14,0.44,0.46,0.44,0.445,24192000.0,0.0
02389.HK,2014-05-15,0.455,0.49,0.45,0.46,74544000.0,0.0
02389.HK,2014-05-16,0.46,0.465,0.44,0.455,66180000.0,0.0
02389.HK,2014-05-19,0.455,0.47,0.445,0.465,34747000.0,0.0
02389.HK,2014-05-20,0.465,0.475,0.45,0.465,30624000.0,0.0
02389.HK,2014-05-21,0.465,0.475,0.44,0.445,50064000.0,0.0
02389.HK,2014-05-22,0.455,0.455,0.425,0.435,42156000.0,0.0
02389.HK,2014-05-23,0.435,0.465,0.415,0.425,62985000.0,0.0
02389.HK,2014-05-26,0.43,0.435,0.415,0.42,17424000.0,0.0
02389.HK,2014-05-27,0.42,0.425,0.41,0.41,10044000.0,0.0
02389.HK,2014-05-28,0.415,0.43,0.415,0.43,11208000.0,0.0
02389.HK,2014-05-29,0.435,0.44,0.42,0.43,18996000.0,0.0
02389.HK,2014-05-30,0.43,0.44,0.42,0.44,20904000.0,0.0
02389.HK,2014-06-03,0.47,0.5,0.425,0.43,201980281.0,0.0
02389.HK,2014-06-04,0.425,0.425,0.4,0.4,105714000.0,0.0
02389.HK,2014-06-05,0.4,0.41,0.365,0.375,57192000.0,0.0
02389.HK,2014-06-06,0.375,0.375,0.35,0.36,47208000.0,0.0
02389.HK,2014-06-09,0.355,0.4,0.34,0.395,37122000.0,0.0
02389.HK,2014-06-10,0.405,0.415,0.375,0.39,44758000.0,0.0
02389.HK,2014-06-11,0.395,0.4,0.39,0.39,16864000.0,0.0
02389.HK,2014-06-12,0.39,0.4,0.385,0.39,9552000.0,0.0
02389.HK,2014-06-13,0.39,0.4,0.38,0.39,20028000.0,0.0
02389.HK,2014-06-16,0.39,0.395,0.38,0.39,9864000.0,0.0
02389.HK,2014-06-17,0.39,0.42,0.385,0.405,24324000.0,0.0
02389.HK,2014-06-18,0.405,0.415,0.4,0.4,9444000.0,0.0
02389.HK,2014-06-19,0.405,0.405,0.38,0.385,24864000.0,0.0
02389.HK,2014-06-20,0.385,0.4,0.38,0.38,14952000.0,0.0
02389.HK,2014-06-23,0.385,0.385,0.37,0.375,12492000.0,0.0
02389.HK,2014-06-24,0.38,0.4,0.37,0.385,12660000.0,0.0
02389.HK,2014-06-25,0.385,0.4,0.36,0.375,59632000.0,0.0
02389.HK,2014-06-26,0.38,0.39,0.375,0.385,7884000.0,0.0
02389.HK,2014-06-27,0.385,0.42,0.37,0.405,71764000.0,0.0
02389.HK,2014-06-30,0.4,0.415,0.39,0.4,22080000.0,0.0
02389.HK,2014-07-02,0.4,0.4,0.385,0.4,10308000.0,0.0
02389.HK,2014-07-03,0.4,0.415,0.395,0.4,35232000.0,0.0
02389.HK,2014-07-04,0.4,0.41,0.375,0.39,43720000.0,0.0
02389.HK,2014-07-07,0.39,0.395,0.38,0.385,10608000.0,0.0
02389.HK,2014-07-08,0.38,0.39,0.38,0.38,3624000.0,0.0
02389.HK,2014-07-09,0.385,0.385,0.365,0.37,19476000.0,0.0
02389.HK,2014-07-10,0.37,0.375,0.365,0.37,5460000.0,0.0
02389.HK,2014-07-11,0.37,0.38,0.37,0.37,8808000.0,0.0
02389.HK,2014-07-14,0.38,0.385,0.365,0.385,20592000.0,0.0
02389.HK,2014-07-15,0.385,0.385,0.375,0.375,4692000.0,0.0
02389.HK,2014-07-16,0.38,0.38,0.37,0.375,6960000.0,0.0
02389.HK,2014-07-17,0.37,0.37,0.36,0.365,12840000.0,0.0
02389.HK,2014-07-18,0.36,0.365,0.35,0.35,15360000.0,0.0
02389.HK,2014-07-21,0.35,0.35,0.335,0.34,11508000.0,0.0
02389.HK,2014-07-22,0.335,0.34,0.33,0.34,9324000.0,0.0
02389.HK,2014-07-23,0.34,0.36,0.34,0.355,8496000.0,0.0
02389.HK,2014-07-24,0.355,0.36,0.34,0.355,6636000.0,0.0
02389.HK,2014-07-25,0.35,0.355,0.345,0.345,8004000.0,0.0
02389.HK,2014-07-28,0.345,0.36,0.345,0.355,8892000.0,0.0
02389.HK,2014-07-29,0.355,0.36,0.35,0.355,8664000.0,0.0
02389.HK,2014-07-30,0.35,0.36,0.35,0.35,3888000.0,0.0
02389.HK,2014-07-31,0.36,0.365,0.355,0.355,4560000.0,0.0
02389.HK,2014-08-01,0.355,0.355,0.345,0.35,2040000.0,0.0
02389.HK,2014-08-04,0.35,0.35,0.345,0.345,4836000.0,0.0
02389.HK,2014-08-05,0.345,0.35,0.345,0.35,3462000.0,0.0
02389.HK,2014-08-06,0.345,0.345,0.34,0.345,2112000.0,0.0
02389.HK,2014-08-07,0.345,0.345,0.34,0.34,4476000.0,0.0
02389.HK,2014-08-08,0.34,0.34,0.33,0.335,5928000.0,0.0
02389.HK,2014-08-11,0.335,0.35,0.335,0.35,6420000.0,0.0
02389.HK,2014-08-12,0.345,0.35,0.34,0.35,8496000.0,0.0
02389.HK,2014-08-13,0.35,0.35,0.34,0.35,900000.0,0.0
02389.HK,2014-08-14,0.345,0.35,0.335,0.335,6900000.0,0.0
02389.HK,2014-08-15,0.335,0.35,0.335,0.34,8244000.0,0.0
02389.HK,2014-08-18,0.34,0.345,0.33,0.345,4956000.0,0.0
02389.HK,2014-08-19,0.345,0.345,0.335,0.34,3204000.0,0.0
02389.HK,2014-08-20,0.335,0.335,0.325,0.325,7236000.0,0.0
02389.HK,2014-08-21,0.325,0.33,0.32,0.325,4800000.0,0.0
02389.HK,2014-08-22,0.325,0.325,0.315,0.32,7284000.0,0.0
02389.HK,2014-08-25,0.32,0.33,0.32,0.325,5508000.0,0.0
02389.HK,2014-08-26,0.325,0.385,0.325,0.36,59820000.0,0.0
02389.HK,2014-08-27,0.365,0.37,0.35,0.35,14748000.0,0.0
02389.HK,2014-08-28,0.355,0.355,0.345,0.35,4356000.0,0.0
02389.HK,2014-08-29,0.35,0.35,0.335,0.34,5420000.0,0.0
02389.HK,2014-09-01,0.34,0.35,0.335,0.335,3012000.0,0.0
02389.HK,2014-09-02,0.335,0.34,0.335,0.34,3216000.0,0.0
02389.HK,2014-09-03,0.345,0.35,0.34,0.34,5712000.0,0.0
02389.HK,2014-09-04,0.35,0.38,0.35,0.36,26772000.0,0.0
02389.HK,2014-09-05,0.365,0.37,0.355,0.36,4188000.0,0.0
02389.HK,2014-09-08,0.375,0.4,0.375,0.39,63096000.0,0.0
02389.HK,2014-09-10,0.39,0.39,0.38,0.38,15072000.0,0.0
02389.HK,2014-09-11,0.38,0.405,0.38,0.395,31008000.0,0.0
02389.HK,2014-09-12,0.39,0.4,0.385,0.395,13920000.0,0.0
02389.HK,2014-09-15,0.39,0.395,0.385,0.385,5412000.0,0.0
02389.HK,2014-09-16,0.39,0.39,0.38,0.38,3156000.0,0.0
02389.HK,2014-09-17,0.385,0.405,0.385,0.39,30912000.0,0.0
02389.HK,2014-09-18,0.395,0.4,0.38,0.385,25772000.0,0.0
02389.HK,2014-09-19,0.385,0.395,0.385,0.39,8220000.0,0.0
02389.HK,2014-09-22,0.385,0.39,0.375,0.38,7872000.0,0.0
02389.HK,2014-09-23,0.375,0.38,0.37,0.375,2880000.0,0.0
02389.HK,2014-09-24,0.38,0.4,0.37,0.385,18840000.0,0.0
02389.HK,2014-09-25,0.39,0.39,0.375,0.375,26736000.0,0.0
02389.HK,2014-09-26,0.375,0.38,0.375,0.375,8772000.0,0.0
02389.HK,2014-09-29,0.365,0.37,0.35,0.355,9324000.0,0.0
02389.HK,2014-09-30,0.345,0.35,0.34,0.345,2340000.0,0.0
02389.HK,2014-10-03,0.345,0.345,0.315,0.325,19788000.0,0.0
02389.HK,2014-10-06,0.325,0.34,0.325,0.33,6036000.0,0.0
02389.HK,2014-10-07,0.33,0.34,0.33,0.34,2556000.0,0.0
02389.HK,2014-10-08,0.335,0.365,0.335,0.36,11220000.0,0.0
02389.HK,2014-10-09,0.365,0.37,0.36,0.36,8316000.0,0.0
02389.HK,2014-10-10,0.36,0.36,0.345,0.35,4724000.0,0.0
02389.HK,2014-10-13,0.35,0.35,0.335,0.335,6612000.0,0.0
02389.HK,2014-10-14,0.335,0.34,0.32,0.33,27828000.0,0.0
02389.HK,2014-10-15,0.335,0.34,0.33,0.34,2208000.0,0.0
02389.HK,2014-10-16,0.335,0.335,0.33,0.33,816000.0,0.0
02389.HK,2014-10-17,0.325,0.34,0.325,0.33,8088000.0,0.0
02389.HK,2014-10-20,0.33,0.335,0.33,0.335,528000.0,0.0
02389.HK,2014-10-21,0.335,0.335,0.325,0.33,564000.0,0.0
02389.HK,2014-10-22,0.33,0.335,0.32,0.325,1928000.0,0.0
02389.HK,2014-10-23,0.325,0.325,0.31,0.32,6948000.0,0.0
02389.HK,2014-10-24,0.32,0.32,0.305,0.315,17808000.0,0.0
02389.HK,2014-10-27,0.32,0.32,0.31,0.31,11588000.0,0.0
02389.HK,2014-10-28,0.31,0.33,0.31,0.32,5928000.0,0.0
02389.HK,2014-10-29,0.32,0.33,0.32,0.32,1260000.0,0.0
02389.HK,2014-10-30,0.32,0.33,0.32,0.325,2208000.0,0.0
02389.HK,2014-10-31,0.325,0.325,0.31,0.32,2520000.0,0.0
02389.HK,2014-11-03,0.315,0.315,0.315,0.315,1740000.0,0.0
02389.HK,2014-11-04,0.31,0.325,0.31,0.32,3504000.0,0.0
02389.HK,2014-11-05,0.32,0.325,0.315,0.315,2096000.0,0.0
02389.HK,2014-11-06,0.315,0.315,0.31,0.315,864000.0,0.0
02389.HK,2014-11-07,0.31,0.32,0.31,0.315,1968000.0,0.0
02389.HK,2014-11-10,0.32,0.33,0.315,0.33,5136000.0,0.0
02389.HK,2014-11-11,0.33,0.33,0.32,0.32,1980000.0,0.0
02389.HK,2014-11-12,0.315,0.33,0.315,0.32,1896000.0,0.0
02389.HK,2014-11-13,0.32,0.33,0.315,0.33,4896000.0,0.0
02389.HK,2014-11-14,0.335,0.335,0.315,0.32,7860000.0,0.0
02389.HK,2014-11-17,0.33,0.35,0.33,0.345,24048000.0,0.0
02389.HK,2014-11-18,0.35,0.355,0.315,0.315,25104000.0,0.0
02389.HK,2014-11-19,0.32,0.325,0.31,0.315,9876000.0,0.0
02389.HK,2014-11-20,0.315,0.32,0.31,0.31,4232000.0,0.0
02389.HK,2014-11-21,0.315,0.315,0.315,0.315,2928000.0,0.0
02389.HK,2014-11-24,0.315,0.32,0.31,0.315,6012000.0,0.0
02389.HK,2014-11-25,0.32,0.32,0.31,0.315,6144000.0,0.0
02389.HK,2014-11-26,0.31,0.345,0.3,0.325,37728000.0,0.0
02389.HK,2014-11-27,0.325,0.34,0.325,0.325,9756000.0,0.0
02389.HK,2014-11-28,0.325,0.325,0.315,0.315,5400000.0,0.0
02389.HK,2014-12-01,0.315,0.33,0.315,0.32,13548000.0,0.0
02389.HK,2014-12-02,0.325,0.325,0.315,0.32,1380000.0,0.0
02389.HK,2014-12-03,0.315,0.325,0.315,0.32,3984000.0,0.0
02389.HK,2014-12-04,0.315,0.32,0.315,0.315,2052000.0,0.0
02389.HK,2014-12-05,0.315,0.325,0.315,0.32,7049250.0,0.0
02389.HK,2014-12-08,0.32,0.32,0.31,0.31,2316000.0,0.0
02389.HK,2014-12-09,0.31,0.315,0.3,0.31,6996000.0,0.0
02389.HK,2014-12-10,0.305,0.315,0.29,0.305,10296000.0,0.0
02389.HK,2014-12-11,0.31,0.315,0.305,0.31,3420000.0,0.0
02389.HK,2014-12-12,0.31,0.33,0.31,0.33,5088000.0,0.0
02389.HK,2014-12-15,0.33,0.33,0.315,0.32,3348000.0,0.0
02389.HK,2014-12-16,0.32,0.325,0.315,0.325,2484000.0,0.0
02389.HK,2014-12-17,0.31,0.325,0.31,0.31,7968000.0,0.0
02389.HK,2014-12-18,0.31,0.315,0.31,0.31,2316000.0,0.0
02389.HK,2014-12-19,0.31,0.32,0.31,0.31,2652000.0,0.0
02389.HK,2014-12-22,0.31,0.31,0.295,0.3,7596000.0,0.0
02389.HK,2014-12-23,0.3,0.305,0.295,0.295,6444000.0,0.0
02389.HK,2014-12-24,0.295,0.3,0.295,0.295,3684000.0,0.0
02389.HK,2014-12-29,0.295,0.305,0.29,0.29,3564000.0,0.0
02389.HK,2014-12-30,0.295,0.3,0.29,0.295,7296000.0,0.0
02389.HK,2014-12-31,0.295,0.315,0.295,0.305,15348000.0,0.0
02389.HK,2015-01-02,0.31,0.31,0.305,0.31,2016000.0,0.0
02389.HK,2015-01-05,0.315,0.315,0.3,0.3,9492000.0,0.0
02389.HK,2015-01-06,0.3,0.31,0.29,0.3,11796000.0,0.0
02389.HK,2015-01-07,0.295,0.3,0.295,0.3,2518000.0,0.0
02389.HK,2015-01-08,0.3,0.3,0.295,0.3,3132000.0,0.0
02389.HK,2015-01-09,0.3,0.3,0.29,0.3,4152000.0,0.0
02389.HK,2015-01-12,0.295,0.295,0.29,0.29,29784000.0,0.0
02389.HK,2015-01-13,0.29,0.3,0.29,0.295,2364000.0,0.0
02389.HK,2015-01-14,0.29,0.295,0.29,0.29,4362000.0,0.0
02389.HK,2015-01-15,0.29,0.29,0.285,0.285,6216000.0,0.0
02389.HK,2015-01-16,0.28,0.285,0.28,0.285,2808000.0,0.0
02389.HK,2015-01-19,0.29,0.295,0.285,0.285,4440000.0,0.0
02389.HK,2015-01-20,0.29,0.295,0.29,0.295,1596000.0,0.0
02389.HK,2015-01-21,0.295,0.315,0.29,0.3,13992000.0,0.0
02389.HK,2015-01-22,0.305,0.335,0.305,0.32,40476000.0,0.0
02389.HK,2015-01-23,0.32,0.335,0.31,0.325,14496000.0,0.0
02389.HK,2015-01-26,0.315,0.32,0.31,0.315,6900000.0,0.0
02389.HK,2015-01-27,0.315,0.32,0.31,0.315,9060000.0,0.0
02389.HK,2015-01-28,0.315,0.315,0.305,0.31,4728000.0,0.0
02389.HK,2015-01-29,0.305,0.31,0.3,0.3,5452000.0,0.0
02389.HK,2015-01-30,0.3,0.315,0.3,0.31,10176000.0,0.0
02389.HK,2015-02-02,0.305,0.315,0.305,0.305,7548000.0,0.0
02389.HK,2015-02-03,0.305,0.31,0.3,0.3,3104000.0,0.0
02389.HK,2015-02-04,0.3,0.305,0.295,0.305,2996000.0,0.0
02389.HK,2015-02-05,0.305,0.305,0.295,0.295,1152000.0,0.0
02389.HK,2015-02-06,0.3,0.305,0.295,0.295,5112000.0,0.0
02389.HK,2015-02-09,0.3,0.32,0.295,0.305,7848000.0,0.0
02389.HK,2015-02-10,0.31,0.315,0.3,0.3,7416000.0,0.0
02389.HK,2015-02-11,0.3,0.3,0.295,0.3,4872000.0,0.0
02389.HK,2015-02-12,0.3,0.3,0.295,0.3,3180000.0,0.0
02389.HK,2015-02-13,0.3,0.3,0.295,0.3,11328000.0,0.0
02389.HK,2015-02-16,0.305,0.305,0.295,0.295,7600000.0,0.0
02389.HK,2015-02-17,0.3,0.3,0.285,0.285,81756000.0,0.0
02389.HK,2015-02-18,0.29,0.29,0.285,0.29,1668000.0,0.0
02389.HK,2015-02-23,0.295,0.295,0.29,0.29,2532000.0,0.0
02389.HK,2015-02-24,0.29,0.3,0.285,0.295,14556000.0,0.0
02389.HK,2015-02-25,0.295,0.295,0.29,0.29,1608000.0,0.0
02389.HK,2015-02-26,0.29,0.3,0.29,0.29,6780000.0,0.0
02389.HK,2015-02-27,0.29,0.29,0.285,0.29,2640000.0,0.0
02389.HK,2015-03-02,0.29,0.3,0.29,0.3,5748000.0,0.0
02389.HK,2015-03-03,0.3,0.3,0.29,0.3,7200000.0,0.0
02389.HK,2015-03-04,0.3,0.325,0.295,0.315,24692000.0,0.0
02389.HK,2015-03-05,0.63,0.65,0.61,0.61,4434000.0,0.0
02389.HK,2015-03-06,0.64,0.65,0.58,0.59,8898000.0,0.0
02389.HK,2015-03-09,0.6,0.6,0.57,0.59,2244000.0,0.0
02389.HK,2015-03-10,0.58,0.6,0.57,0.57,4866000.0,0.0
02389.HK,2015-03-11,0.59,0.6,0.56,0.57,6396000.0,0.0
02389.HK,2015-03-12,0.58,0.6,0.56,0.56,4086000.0,0.0
02389.HK,2015-03-13,0.56,0.57,0.53,0.55,3060000.0,0.0
02389.HK,2015-03-16,0.56,0.56,0.54,0.55,4494000.0,0.0
02389.HK,2015-03-17,0.55,0.55,0.55,0.55,1254000.0,0.0
02389.HK,2015-03-18,0.55,0.58,0.55,0.58,4986000.0,0.0
02389.HK,2015-03-19,0.55,0.58,0.55,0.58,1122000.0,0.0
02389.HK,2015-03-20,0.57,0.58,0.56,0.57,2538000.0,0.0
02389.HK,2015-03-23,0.57,0.57,0.55,0.56,1004000.0,0.0
02389.HK,2015-03-24,0.56,0.56,0.54,0.54,6756000.0,0.0
02389.HK,2015-03-25,0.55,0.56,0.53,0.55,6318000.0,0.0
02389.HK,2015-03-26,0.56,0.58,0.56,0.57,6108875.0,0.0
02389.HK,2015-03-27,0.58,0.59,0.56,0.57,6100000.0,0.0
02389.HK,2015-03-30,0.58,0.58,0.57,0.58,1860006.0,0.0
02389.HK,2015-03-31,0.58,0.59,0.57,0.57,4146000.0,0.0
02389.HK,2015-04-01,0.57,0.57,0.56,0.56,1650000.0,0.0
02389.HK,2015-04-02,0.57,0.67,0.56,0.59,63970000.0,0.0
02389.HK,2015-04-08,0.6,0.7,0.6,0.67,35556000.0,0.0
02389.HK,2015-04-09,0.7,0.74,0.7,0.73,44128000.0,0.0
02389.HK,2015-04-10,0.75,0.77,0.69,0.77,51660000.0,0.0
02389.HK,2015-04-13,0.78,0.83,0.77,0.8,61422000.0,0.0
02389.HK,2015-04-14,0.82,0.82,0.77,0.77,39061000.0,0.0
02389.HK,2015-04-15,0.78,0.82,0.77,0.81,48090000.0,0.0
02389.HK,2015-04-16,0.81,0.82,0.79,0.79,22966000.0,0.0
02389.HK,2015-04-17,0.81,0.81,0.78,0.8,38930006.0,0.0
02389.HK,2015-04-20,0.8,0.8,0.75,0.77,25908000.0,0.0
02389.HK,2015-04-21,0.77,0.79,0.76,0.78,9330002.0,0.0
02389.HK,2015-04-22,0.79,0.79,0.76,0.79,19394000.0,0.0
02389.HK,2015-04-23,0.79,0.79,0.76,0.77,37842000.0,0.0
02389.HK,2015-04-24,0.77,0.78,0.76,0.78,12379000.0,0.0
02389.HK,2015-04-27,0.78,0.92,0.78,0.9,125452000.0,0.0
02389.HK,2015-04-28,0.9,0.94,0.86,0.86,79878000.0,0.0
02389.HK,2015-04-29,0.88,0.9,0.86,0.86,60197000.0,0.0
02389.HK,2015-04-30,0.86,0.9,0.85,0.86,59486000.0,0.0
02389.HK,2015-05-04,0.87,0.93,0.87,0.92,158609344.0,0.0
02389.HK,2015-05-05,0.92,0.98,0.88,0.89,109843000.0,0.0
02389.HK,2015-05-06,0.9,0.96,0.89,0.94,158861000.0,0.0
02389.HK,2015-05-07,0.93,0.93,0.84,0.86,101118000.0,0.0
02389.HK,2015-05-08,0.88,0.89,0.83,0.86,58601000.0,0.0
02389.HK,2015-05-11,0.88,0.9,0.86,0.88,59018000.0,0.0
02389.HK,2015-05-12,0.89,0.9,0.88,0.89,53904000.0,0.0
02389.HK,2015-05-13,0.9,0.91,0.87,0.89,53310000.0,0.0
02389.HK,2015-05-14,0.89,0.89,0.87,0.88,56466000.0,0.0
02389.HK,2015-05-15,0.88,0.89,0.87,0.87,42706000.0,0.0
02389.HK,2015-05-18,0.88,0.95,0.87,0.92,122088000.0,0.0
02389.HK,2015-05-19,0.95,0.95,0.93,0.94,66613000.0,0.0
02389.HK,2015-05-20,0.95,1.06,0.94,1.05,207495002.0,0.0
02389.HK,2015-05-21,1.2,1.35,1.16,1.3,503680875.0,0.0
02389.HK,2015-05-22,1.33,1.34,1.2,1.26,140822000.0,0.0
02389.HK,2015-05-26,1.29,1.36,1.28,1.29,187504000.0,0.0
02389.HK,2015-05-27,1.15,1.42,1.11,1.35,301778005.0,0.0
02389.HK,2015-05-28,1.34,1.43,1.28,1.33,198935500.0,0.0
02389.HK,2015-05-29,1.38,1.38,1.28,1.32,110238000.0,0.0
02389.HK,2015-06-01,1.34,1.4,1.24,1.28,164496000.0,0.0
02389.HK,2015-06-02,1.31,1.35,1.17,1.21,222464003.0,0.0
02389.HK,2015-06-03,1.25,1.27,1.16,1.19,139309000.0,0.0
02389.HK,2015-06-04,1.19,1.21,1.09,1.19,93894000.0,0.0
02389.HK,2015-06-05,1.19,1.25,1.15,1.24,56426000.0,0.0
02389.HK,2015-06-08,1.38,1.38,1.26,1.29,148819000.0,0.0
02389.HK,2015-06-09,1.29,1.3,1.19,1.21,93594000.0,0.0
02389.HK,2015-06-10,1.21,1.24,1.13,1.16,82978000.0,0.0
02389.HK,2015-06-11,1.17,1.24,1.14,1.16,55918000.0,0.0
02389.HK,2015-06-12,1.18,1.19,1.14,1.16,67022000.0,0.0
02389.HK,2015-06-15,1.18,1.18,1.13,1.14,51220500.0,0.0
02389.HK,2015-06-16,1.14,1.14,1.03,1.05,59440000.0,0.0
02389.HK,2015-06-17,1.05,1.07,1.0,1.04,58060000.0,0.0
02389.HK,2015-06-18,1.05,1.18,1.03,1.13,88995000.0,0.0
02389.HK,2015-06-19,1.14,1.17,1.09,1.1,33282000.0,0.0
02389.HK,2015-06-22,1.12,1.14,1.08,1.08,25878200.0,0.0
02389.HK,2015-06-23,1.08,1.11,1.05,1.05,51390000.0,0.0
02389.HK,2015-06-24,1.05,1.09,1.03,1.08,35394000.0,0.0
02389.HK,2015-06-25,1.08,1.14,1.06,1.1,49662000.0,0.0
02389.HK,2015-06-26,1.1,1.14,1.08,1.13,44364000.0,0.0
02389.HK,2015-06-29,1.14,1.14,0.94,1.06,72552000.0,0.0
02389.HK,2015-06-30,1.07,1.08,0.99,1.06,42240000.0,0.0
02389.HK,2015-07-02,1.06,1.06,1.0,1.01,24302000.0,0.0
02389.HK,2015-07-03,1.01,1.02,0.76,0.81,129236000.0,0.0
02389.HK,2015-07-06,0.83,0.91,0.58,0.69,188235000.0,0.0
02389.HK,2015-07-07,0.69,0.71,0.6,0.68,61268000.0,0.0
02389.HK,2015-07-08,0.62,0.62,0.48,0.54,122022000.0,0.0
02389.HK,2015-07-09,0.55,0.79,0.52,0.77,133278000.0,0.0
02389.HK,2015-07-10,0.78,0.89,0.77,0.82,105574000.0,0.0
02389.HK,2015-07-13,0.82,0.9,0.77,0.9,48678000.0,0.0
02389.HK,2015-07-14,0.9,0.92,0.85,0.86,36162000.0,0.0
02389.HK,2015-07-15,0.87,0.88,0.8,0.83,30576000.0,0.0
02389.HK,2015-07-16,0.82,0.85,0.8,0.83,12078000.0,0.0
02389.HK,2015-07-17,0.84,0.85,0.81,0.84,14526000.0,0.0
02389.HK,2015-07-20,0.85,0.85,0.83,0.84,10632000.0,0.0
02389.HK,2015-07-21,0.83,0.85,0.83,0.84,7848000.0,0.0
02389.HK,2015-07-22,0.83,0.83,0.77,0.78,22008000.0,0.0
02389.HK,2015-07-23,0.78,0.81,0.78,0.8,15756000.0,0.0
02389.HK,2015-07-24,0.79,0.79,0.76,0.78,22080000.0,0.0
02389.HK,2015-07-27,0.76,0.78,0.68,0.71,32094000.0,0.0
02389.HK,2015-07-28,0.69,0.75,0.67,0.73,32316000.0,0.0
02389.HK,2015-07-29,0.75,0.76,0.7,0.72,10394000.0,0.0
02389.HK,2015-07-30,0.75,0.85,0.74,0.79,69653000.0,0.0
02389.HK,2015-07-31,0.78,0.79,0.75,0.77,13764500.0,0.0
02389.HK,2015-08-03,0.78,0.84,0.75,0.77,38910000.0,0.0
02389.HK,2015-08-04,0.77,0.78,0.76,0.76,7452000.0,0.0
02389.HK,2015-08-05,0.76,0.79,0.73,0.74,13326000.0,0.0
02389.HK,2015-08-06,0.74,0.75,0.71,0.72,9798000.0,0.0
02389.HK,2015-08-07,0.72,0.75,0.71,0.75,8112000.0,0.0
02389.HK,2015-08-10,0.75,0.78,0.71,0.77,16926500.0,0.0
02389.HK,2015-08-11,0.77,0.79,0.76,0.78,28614000.0,0.0
02389.HK,2015-08-12,0.78,0.79,0.76,0.77,22476000.0,0.0
02389.HK,2015-08-13,0.77,0.79,0.76,0.79,13482000.0,0.0
02389.HK,2015-08-14,0.78,0.84,0.78,0.84,33121000.0,0.0
02389.HK,2015-08-17,0.85,0.85,0.8,0.83,24852000.0,0.0
02389.HK,2015-08-18,0.85,0.87,0.8,0.81,31908000.0,0.0
02389.HK,2015-08-19,0.82,0.84,0.81,0.83,14724000.0,0.0
02389.HK,2015-08-20,0.82,0.82,0.78,0.79,10098000.0,0.0
02389.HK,2015-08-21,0.77,0.78,0.74,0.75,21420000.0,0.0
02389.HK,2015-08-24,0.7,0.7,0.63,0.64,71920000.0,0.0
02389.HK,2015-08-25,0.61,0.68,0.59,0.63,83974000.0,0.0
02389.HK,2015-08-26,0.62,0.66,0.62,0.66,30096000.0,0.0
02389.HK,2015-08-27,0.67,0.7,0.66,0.69,22794000.0,0.0
02389.HK,2015-08-28,0.71,0.78,0.68,0.74,35394000.0,0.0
02389.HK,2015-08-31,0.73,0.73,0.68,0.71,16704000.0,0.0
02389.HK,2015-09-01,0.71,0.71,0.68,0.69,14904000.0,0.0
02389.HK,2015-09-02,0.66,0.69,0.66,0.67,9790000.0,0.0
02389.HK,2015-09-04,0.68,0.72,0.67,0.72,19616000.0,0.0
02389.HK,2015-09-07,0.7,0.73,0.7,0.71,10938000.0,0.0
02389.HK,2015-09-08,0.71,0.75,0.7,0.75,15492000.0,0.0
02389.HK,2015-09-09,0.75,0.79,0.74,0.76,29040000.0,0.0
02389.HK,2015-09-10,0.74,0.77,0.74,0.75,20172000.0,0.0
02389.HK,2015-09-11,0.75,0.78,0.74,0.76,16470000.0,0.0
02389.HK,2015-09-14,0.76,0.77,0.73,0.74,12510000.0,0.0
02389.HK,2015-09-15,0.74,0.75,0.7,0.72,8772000.0,0.0
02389.HK,2015-09-16,0.73,0.78,0.72,0.77,19440000.0,0.0
02389.HK,2015-09-17,0.77,0.8,0.75,0.77,33486000.0,0.0
02389.HK,2015-09-18,0.77,0.82,0.76,0.81,79943101.0,0.0
02389.HK,2015-09-21,0.78,0.83,0.78,0.82,51252000.0,0.0
02389.HK,2015-09-22,0.82,0.83,0.8,0.83,46236000.0,0.0
02389.HK,2015-09-23,0.81,0.82,0.78,0.8,15618297.0,0.0
02389.HK,2015-09-24,0.8,0.8,0.78,0.78,17182000.0,0.0
02389.HK,2015-09-25,0.78,0.78,0.77,0.78,4974000.0,0.0
02389.HK,2015-09-29,0.78,0.78,0.75,0.76,10754000.0,0.0
02389.HK,2015-09-30,0.77,0.79,0.76,0.78,6414000.0,0.0
02389.HK,2015-10-02,0.79,0.79,0.77,0.79,11596000.0,0.0
02389.HK,2015-10-05,0.79,0.81,0.78,0.8,13341000.0,0.0
02389.HK,2015-10-06,0.8,0.81,0.77,0.79,25800000.0,0.0
02389.HK,2015-10-07,0.78,0.81,0.78,0.81,17296164.0,0.0
02389.HK,2015-10-08,0.8,0.81,0.79,0.8,6380000.0,0.0
02389.HK,2015-10-09,0.8,0.8,0.78,0.79,7698000.0,0.0
02389.HK,2015-10-12,0.79,0.79,0.78,0.79,17382000.0,0.0
02389.HK,2015-10-13,0.79,0.79,0.76,0.77,13884000.0,0.0
02389.HK,2015-10-14,0.76,0.78,0.76,0.77,9864000.0,0.0
02389.HK,2015-10-15,0.77,0.77,0.75,0.77,13872000.0,0.0
02389.HK,2015-10-16,0.77,0.77,0.73,0.74,21906000.0,0.0
02389.HK,2015-10-19,0.73,0.75,0.72,0.73,12096000.0,0.0
02389.HK,2015-10-20,0.73,0.77,0.73,0.77,13150000.0,0.0
02389.HK,2015-10-22,0.76,0.77,0.74,0.76,11736000.0,0.0
02389.HK,2015-10-23,0.76,0.8,0.76,0.8,34044000.0,0.0
02389.HK,2015-10-26,0.8,0.8,0.76,0.77,15692000.0,0.0
02389.HK,2015-10-27,0.76,0.77,0.73,0.75,16966000.0,0.0
02389.HK,2015-10-28,0.74,0.75,0.72,0.74,15268000.0,0.0
02389.HK,2015-10-29,0.74,0.79,0.72,0.78,19438000.0,0.0
02389.HK,2015-10-30,0.79,0.84,0.77,0.83,105424000.0,0.0
02389.HK,2015-11-02,0.82,0.87,0.79,0.83,128208000.0,0.0
02389.HK,2015-11-03,0.83,0.84,0.8,0.81,15576000.0,0.0
02389.HK,2015-11-04,0.82,0.85,0.79,0.81,64476594.0,0.0
02389.HK,2015-11-05,0.81,0.81,0.76,0.78,37584000.0,0.0
02389.HK,2015-11-06,0.76,0.79,0.76,0.77,24816000.0,0.0
02389.HK,2015-11-09,0.77,0.78,0.76,0.77,21276000.0,0.0
02389.HK,2015-11-10,0.77,0.77,0.74,0.76,24054000.0,0.0
02389.HK,2015-11-11,0.75,0.77,0.75,0.76,17660000.0,0.0
02389.HK,2015-11-12,0.76,0.79,0.76,0.78,19500000.0,0.0
02389.HK,2015-11-13,0.77,0.77,0.75,0.75,18264000.0,0.0
02389.HK,2015-11-16,0.74,0.76,0.73,0.75,20504484.0,0.0
02389.HK,2015-11-17,0.75,0.76,0.73,0.74,11670000.0,0.0
02389.HK,2015-11-18,0.74,0.75,0.71,0.75,19080000.0,0.0
02389.HK,2015-11-19,0.75,0.75,0.72,0.73,19404000.0,0.0
02389.HK,2015-11-20,0.74,0.75,0.73,0.74,12870000.0,0.0
02389.HK,2015-11-23,0.74,0.74,0.71,0.72,16138000.0,0.0
02389.HK,2015-11-24,0.72,0.72,0.7,0.72,11910000.0,0.0
02389.HK,2015-11-25,0.71,0.73,0.71,0.72,7020000.0,0.0
02389.HK,2015-11-26,0.72,0.78,0.71,0.75,47316577.0,0.0
02389.HK,2015-11-27,0.76,0.77,0.72,0.73,10614000.0,0.0
02389.HK,2015-11-30,0.73,0.76,0.72,0.73,17742000.0,0.0
02389.HK,2015-12-01,0.73,0.73,0.72,0.73,5208000.0,0.0
02389.HK,2015-12-02,0.73,0.73,0.71,0.72,12234000.0,0.0
02389.HK,2015-12-03,0.72,0.74,0.71,0.72,16998000.0,0.0
02389.HK,2015-12-04,0.71,0.72,0.7,0.71,18480000.0,0.0
02389.HK,2015-12-07,0.72,0.72,0.71,0.72,6288000.0,0.0
02389.HK,2015-12-08,0.72,0.72,0.7,0.72,6068792.0,0.0
02389.HK,2015-12-09,0.71,0.72,0.7,0.71,3510000.0,0.0
02389.HK,2015-12-10,0.71,0.72,0.7,0.71,4728000.0,0.0
02389.HK,2015-12-11,0.7,0.7,0.67,0.69,17136000.0,0.0
02389.HK,2015-12-14,0.67,0.67,0.64,0.65,34621344.0,0.0
02389.HK,2015-12-15,0.65,0.67,0.64,0.67,5250000.0,0.0
02389.HK,2015-12-16,0.67,0.69,0.67,0.69,6732000.0,0.0
02389.HK,2015-12-17,0.69,0.71,0.68,0.69,9636000.0,0.0
02389.HK,2015-12-18,0.69,0.71,0.67,0.71,5196000.0,0.0
02389.HK,2015-12-21,0.7,0.7,0.68,0.69,5418000.0,0.0
02389.HK,2015-12-22,0.69,0.7,0.68,0.69,2778000.0,0.0
02389.HK,2015-12-23,0.69,0.69,0.68,0.69,2766000.0,0.0
02389.HK,2015-12-24,0.69,0.69,0.67,0.68,2736000.0,0.0
02389.HK,2015-12-28,0.68,0.69,0.66,0.67,10128100.0,0.0
02389.HK,2015-12-29,0.67,0.68,0.65,0.66,11048800.0,0.0
02389.HK,2015-12-30,0.66,0.67,0.65,0.67,7758000.0,0.0
02389.HK,2015-12-31,0.67,0.67,0.65,0.66,18492000.0,0.0
02389.HK,2016-01-04,0.66,0.66,0.63,0.64,8604000.0,0.0
02389.HK,2016-01-05,0.64,0.64,0.62,0.63,8376297.0,0.0
02389.HK,2016-01-06,0.63,0.64,0.61,0.63,2916000.0,0.0
02389.HK,2016-01-07,0.62,0.62,0.57,0.58,11680000.0,0.0
02389.HK,2016-01-08,0.59,0.59,0.56,0.58,8586000.0,0.0
02389.HK,2016-01-11,0.57,0.57,0.54,0.57,12240000.0,0.0
02389.HK,2016-01-12,0.57,0.58,0.55,0.56,6501700.0,0.0
02389.HK,2016-01-13,0.57,0.59,0.57,0.58,8640000.0,0.0
02389.HK,2016-01-14,0.56,0.57,0.55,0.57,4374000.0,0.0
02389.HK,2016-01-15,0.56,0.57,0.55,0.56,4632000.0,0.0
02389.HK,2016-01-18,0.54,0.57,0.54,0.57,6702000.0,0.0
02389.HK,2016-01-19,0.56,0.57,0.55,0.57,4914000.0,0.0
02389.HK,2016-01-20,0.56,0.57,0.53,0.54,8616000.0,0.0
02389.HK,2016-01-21,0.54,0.54,0.48,0.49,31684000.0,0.0
02389.HK,2016-01-22,0.5,0.52,0.49,0.5,11688000.0,0.0
02389.HK,2016-01-25,0.51,0.53,0.51,0.51,5640000.0,0.0
02389.HK,2016-01-26,0.5,0.51,0.49,0.51,10758000.0,0.0
02389.HK,2016-01-27,0.52,0.52,0.5,0.52,12720000.0,0.0
02389.HK,2016-01-28,0.52,0.56,0.51,0.53,15801378.0,0.0
02389.HK,2016-01-29,0.52,0.55,0.52,0.54,5106000.0,0.0
02389.HK,2016-02-01,0.55,0.56,0.53,0.54,5358000.0,0.0
02389.HK,2016-02-02,0.53,0.54,0.52,0.53,6678000.0,0.0
02389.HK,2016-02-03,0.51,0.52,0.5,0.52,3583600.0,0.0
02389.HK,2016-02-04,0.52,0.52,0.5,0.52,7116000.0,0.0
02389.HK,2016-02-05,0.52,0.52,0.495,0.5,14934000.0,0.0
02389.HK,2016-02-11,0.485,0.495,0.485,0.495,8580000.0,0.0
02389.HK,2016-02-12,0.48,0.495,0.48,0.49,7796114.0,0.0
02389.HK,2016-02-15,0.495,0.5,0.49,0.5,3768000.0,0.0
02389.HK,2016-02-16,0.5,0.52,0.5,0.5,6378000.0,0.0
02389.HK,2016-02-17,0.5,0.51,0.5,0.51,10902000.0,0.0
02389.HK,2016-02-18,0.51,0.56,0.51,0.56,12456000.0,0.0
02389.HK,2016-02-19,0.56,0.57,0.53,0.56,21234000.0,0.0
02389.HK,2016-02-22,0.56,0.58,0.54,0.57,27628000.0,0.0
02389.HK,2016-02-23,0.58,0.58,0.55,0.55,18030000.0,0.0
02389.HK,2016-02-24,0.55,0.55,0.54,0.55,4788000.0,0.0
02389.HK,2016-02-25,0.54,0.54,0.51,0.52,11118000.0,0.0
02389.HK,2016-02-26,0.52,0.53,0.52,0.53,2832000.0,0.0
02389.HK,2016-02-29,0.53,0.53,0.495,0.5,15864000.0,0.0
02389.HK,2016-03-01,0.51,0.52,0.51,0.52,6638000.0,0.0
02389.HK,2016-03-02,0.52,0.54,0.52,0.53,9774000.0,0.0
02389.HK,2016-03-03,0.52,0.52,0.51,0.52,7703400.0,0.0
02389.HK,2016-03-04,0.52,0.52,0.51,0.52,9594000.0,0.0
02389.HK,2016-03-07,0.52,0.53,0.51,0.52,9844000.0,0.0
02389.HK,2016-03-08,0.52,0.53,0.51,0.53,5701897.0,0.0
02389.HK,2016-03-09,0.52,0.52,0.51,0.52,3432000.0,0.0
02389.HK,2016-03-10,0.52,0.52,0.51,0.52,6690000.0,0.0
02389.HK,2016-03-11,0.51,0.51,0.5,0.51,4776000.0,0.0
02389.HK,2016-03-14,0.51,0.52,0.5,0.52,6336900.0,0.0
02389.HK,2016-03-15,0.52,0.52,0.5,0.52,5232000.0,0.0
02389.HK,2016-03-16,0.51,0.52,0.495,0.51,8676000.0,0.0
02389.HK,2016-03-17,0.51,0.52,0.5,0.51,11688000.0,0.0
02389.HK,2016-03-18,0.51,0.51,0.5,0.51,7656000.0,0.0
02389.HK,2016-03-21,0.51,0.51,0.5,0.5,13842000.0,0.0
02389.HK,2016-03-22,0.5,0.5,0.495,0.5,5100000.0,0.0
02389.HK,2016-03-23,0.5,0.51,0.495,0.51,3294000.0,0.0
02389.HK,2016-03-24,0.5,0.51,0.495,0.5,6702000.0,0.0
02389.HK,2016-03-29,0.5,0.5,0.485,0.49,11790000.0,0.0
02389.HK,2016-03-30,0.49,0.495,0.475,0.48,17610000.0,0.0
02389.HK,2016-03-31,0.485,0.49,0.48,0.485,5370000.0,0.0
02389.HK,2016-04-01,0.48,0.485,0.48,0.48,3540000.0,0.0
02389.HK,2016-04-05,0.485,0.485,0.48,0.485,4680000.0,0.0
02389.HK,2016-04-06,0.48,0.51,0.48,0.51,7428000.0,0.0
02389.HK,2016-04-07,0.51,0.52,0.5,0.5,5772000.0,0.0
02389.HK,2016-04-08,0.495,0.5,0.49,0.5,5340000.0,0.0
02389.HK,2016-04-11,0.495,0.51,0.495,0.51,4548000.0,0.0
02389.HK,2016-04-12,0.51,0.51,0.5,0.51,3078000.0,0.0
02389.HK,2016-04-13,0.51,0.51,0.5,0.51,9774000.0,0.0
02389.HK,2016-04-14,0.51,0.57,0.51,0.57,26490000.0,0.0
02389.HK,2016-04-15,0.57,0.57,0.54,0.54,17682297.0,0.0
02389.HK,2016-04-18,0.53,0.53,0.52,0.53,7506297.0,0.0
02389.HK,2016-04-19,0.52,0.54,0.51,0.52,8526000.0,0.0
02389.HK,2016-04-20,0.53,0.53,0.51,0.52,7074000.0,0.0
02389.HK,2016-04-21,0.52,0.53,0.52,0.53,6354000.0,0.0
02389.HK,2016-04-22,0.53,0.54,0.52,0.54,5048000.0,0.0
02389.HK,2016-04-25,0.53,0.55,0.52,0.55,5250000.0,0.0
02389.HK,2016-04-26,0.55,0.55,0.53,0.54,7290800.0,0.0
02389.HK,2016-04-27,0.54,0.61,0.53,0.56,37224000.0,0.0
02389.HK,2016-04-28,0.57,0.63,0.57,0.6,37090000.0,0.0
02389.HK,2016-04-29,0.6,0.64,0.56,0.6,34152000.0,0.0
02389.HK,2016-05-03,0.61,0.62,0.57,0.58,9054000.0,0.0
02389.HK,2016-05-04,0.58,0.58,0.56,0.58,10134297.0,0.0
02389.HK,2016-05-05,0.57,0.58,0.56,0.57,4260000.0,0.0
02389.HK,2016-05-06,0.57,0.57,0.53,0.54,10212297.0,0.0
02389.HK,2016-05-09,0.54,0.55,0.53,0.54,5370000.0,0.0
02389.HK,2016-05-10,0.54,0.55,0.54,0.55,2874000.0,0.0
02389.HK,2016-05-11,0.55,0.57,0.55,0.56,3486000.0,0.0
02389.HK,2016-05-12,0.56,0.57,0.53,0.53,9612000.0,0.0
02389.HK,2016-05-13,0.54,0.55,0.52,0.54,4038000.0,0.0
02389.HK,2016-05-16,0.53,0.54,0.51,0.54,9882000.0,0.0
02389.HK,2016-05-17,0.54,0.55,0.53,0.55,4440000.0,0.0
02389.HK,2016-05-18,0.53,0.54,0.52,0.54,5736000.0,0.0
02389.HK,2016-05-19,0.53,0.54,0.52,0.53,2160000.0,0.0
02389.HK,2016-05-20,0.53,0.53,0.52,0.53,3965400.0,0.0
02389.HK,2016-05-23,0.53,0.53,0.51,0.52,4488000.0,0.0
02389.HK,2016-05-24,0.53,0.53,0.52,0.52,874000.0,0.0
02389.HK,2016-05-25,0.52,0.54,0.52,0.53,3570000.0,0.0
02389.HK,2016-05-26,0.52,0.53,0.52,0.52,732000.0,0.0
02389.HK,2016-05-27,0.52,0.53,0.51,0.53,1572000.0,0.0
02389.HK,2016-05-30,0.53,0.53,0.52,0.53,3354000.0,0.0
02389.HK,2016-05-31,0.52,0.57,0.52,0.54,6540000.0,0.0
02389.HK,2016-06-01,0.54,0.55,0.52,0.53,4242000.0,0.0
02389.HK,2016-06-02,0.53,0.54,0.52,0.53,3690000.0,0.0
02389.HK,2016-06-03,0.53,0.54,0.52,0.54,2292000.0,0.0
02389.HK,2016-06-06,0.54,0.54,0.52,0.53,3252000.0,0.0
02389.HK,2016-06-07,0.53,0.53,0.51,0.53,5482000.0,0.0
02389.HK,2016-06-08,0.53,0.53,0.51,0.52,1818297.0,0.0
02389.HK,2016-06-10,0.51,0.52,0.51,0.52,870000.0,0.0
02389.HK,2016-06-13,0.51,0.51,0.49,0.495,3696000.0,0.0
02389.HK,2016-06-14,0.495,0.5,0.495,0.495,754693.0,0.0
02389.HK,2016-06-15,0.5,0.51,0.49,0.5,3132000.0,0.0
02389.HK,2016-06-16,0.5,0.51,0.49,0.49,948000.0,0.0
02389.HK,2016-06-17,0.495,0.5,0.49,0.495,5660000.0,0.0
02389.HK,2016-06-20,0.495,0.495,0.48,0.49,2718000.0,0.0
02389.HK,2016-06-21,0.49,0.49,0.46,0.485,5724000.0,0.0
02389.HK,2016-06-22,0.48,0.485,0.47,0.48,1758000.0,0.0
02389.HK,2016-06-23,0.48,0.48,0.455,0.465,5910000.0,0.0
02389.HK,2016-06-24,0.455,0.47,0.435,0.45,13878000.0,0.0
02389.HK,2016-06-27,0.445,0.495,0.445,0.495,8010000.0,0.0
02389.HK,2016-06-28,0.49,0.51,0.48,0.495,8058000.0,0.0
02389.HK,2016-06-29,0.5,0.51,0.49,0.5,5814000.0,0.0
02389.HK,2016-06-30,0.5,0.57,0.495,0.57,32214000.0,0.0
02389.HK,2016-07-04,0.54,0.55,0.5,0.52,38110000.0,0.0
02389.HK,2016-07-05,0.52,0.53,0.5,0.52,13116000.0,0.0
02389.HK,2016-07-06,0.52,0.53,0.51,0.53,4582000.0,0.0
02389.HK,2016-07-07,0.53,0.54,0.52,0.54,3302000.0,0.0
02389.HK,2016-07-08,0.53,0.55,0.52,0.55,5094000.0,0.0
02389.HK,2016-07-11,0.55,0.55,0.54,0.54,4840000.0,0.0
02389.HK,2016-07-12,0.54,0.57,0.54,0.55,9342000.0,0.0
02389.HK,2016-07-13,0.55,0.55,0.52,0.53,4674000.0,0.0
02389.HK,2016-07-14,0.53,0.54,0.52,0.54,1728000.0,0.0
02389.HK,2016-07-15,0.54,0.54,0.51,0.53,6030000.0,0.0
02389.HK,2016-07-18,0.53,0.53,0.48,0.51,10944000.0,0.0
02389.HK,2016-07-19,0.51,0.52,0.5,0.52,3060000.0,0.0
02389.HK,2016-07-20,0.52,0.52,0.5,0.52,2226000.0,0.0
02389.HK,2016-07-21,0.51,0.51,0.5,0.51,3588000.0,0.0
02389.HK,2016-07-22,0.51,0.51,0.495,0.5,5172000.0,0.0
02389.HK,2016-07-25,0.5,0.5,0.495,0.5,4218000.0,0.0
02389.HK,2016-07-26,0.495,0.5,0.49,0.5,5862000.0,0.0
02389.HK,2016-07-27,0.5,0.5,0.49,0.495,4194000.0,0.0
02389.HK,2016-07-28,0.49,0.495,0.49,0.495,3324891.0,0.0
02389.HK,2016-07-29,0.495,0.495,0.485,0.49,3365400.0,0.0
02389.HK,2016-08-01,0.495,0.495,0.485,0.49,7002000.0,0.0
02389.HK,2016-08-03,0.48,0.5,0.48,0.49,5862000.0,0.0
02389.HK,2016-08-04,0.49,0.49,0.46,0.475,21930000.0,0.0
02389.HK,2016-08-05,0.47,0.485,0.47,0.48,6842000.0,0.0
02389.HK,2016-08-08,0.48,0.49,0.48,0.49,2622000.0,0.0
02389.HK,2016-08-09,0.49,0.495,0.485,0.495,3756000.0,0.0
02389.HK,2016-08-10,0.49,0.49,0.48,0.49,3018000.0,0.0
02389.HK,2016-08-11,0.49,0.51,0.485,0.5,7532000.0,0.0
02389.HK,2016-08-12,0.5,0.51,0.495,0.5,3258000.0,0.0
02389.HK,2016-08-15,0.495,0.495,0.49,0.49,2172000.0,0.0
02389.HK,2016-08-16,0.49,0.51,0.49,0.49,9672000.0,0.0
02389.HK,2016-08-17,0.495,0.5,0.49,0.495,6537600.0,0.0
02389.HK,2016-08-18,0.5,0.52,0.49,0.5,11190001.0,0.0
02389.HK,2016-08-19,0.51,0.51,0.495,0.5,830000.0,0.0
02389.HK,2016-08-22,0.5,0.51,0.485,0.495,6498000.0,0.0
02389.HK,2016-08-23,0.49,0.5,0.485,0.495,3582000.0,0.0
02389.HK,2016-08-24,0.495,0.495,0.485,0.485,5856000.0,0.0
02389.HK,2016-08-25,0.485,0.49,0.48,0.49,10146000.0,0.0
02389.HK,2016-08-26,0.485,0.485,0.47,0.47,11406000.0,0.0
02389.HK,2016-08-29,0.47,0.475,0.465,0.465,6510000.0,0.0
02389.HK,2016-08-30,0.47,0.475,0.465,0.47,7644000.0,0.0
02389.HK,2016-08-31,0.47,0.49,0.47,0.47,9198000.0,0.0
02389.HK,2016-09-01,0.47,0.475,0.455,0.455,14256891.0,0.0
02389.HK,2016-09-02,0.46,0.46,0.44,0.445,32154000.0,0.0
02389.HK,2016-09-05,0.45,0.46,0.43,0.44,29208000.0,0.0
02389.HK,2016-09-06,0.44,0.45,0.42,0.445,53500000.0,0.0
02389.HK,2016-09-07,0.445,0.46,0.445,0.455,13656000.0,0.0
02389.HK,2016-09-08,0.455,0.455,0.435,0.445,11868297.0,0.0
02389.HK,2016-09-09,0.445,0.455,0.44,0.44,16468000.0,0.0
02389.HK,2016-09-12,0.44,0.44,0.425,0.43,10104000.0,0.0
02389.HK,2016-09-13,0.43,0.44,0.425,0.43,4854000.0,0.0
02389.HK,2016-09-14,0.425,0.425,0.41,0.42,21624000.0,0.0
02389.HK,2016-09-15,0.42,0.425,0.405,0.41,12344000.0,0.0
02389.HK,2016-09-19,0.41,0.435,0.41,0.43,31141758.0,0.0
02389.HK,2016-09-20,0.43,0.47,0.43,0.455,48752000.0,0.0
02389.HK,2016-09-21,0.46,0.47,0.45,0.455,28118000.0,0.0
02389.HK,2016-09-22,0.46,0.465,0.445,0.455,14772000.0,0.0
02389.HK,2016-09-23,0.455,0.46,0.445,0.455,12624000.0,0.0
02389.HK,2016-09-26,0.455,0.475,0.445,0.45,17480000.0,0.0
02389.HK,2016-09-27,0.445,0.47,0.44,0.47,27018000.0,0.0
02389.HK,2016-09-28,0.465,0.48,0.45,0.46,28908000.0,0.0
02389.HK,2016-09-29,0.46,0.46,0.445,0.45,11076000.0,0.0
02389.HK,2016-09-30,0.45,0.45,0.435,0.45,7398000.0,0.0
02389.HK,2016-10-03,0.455,0.455,0.445,0.45,4632000.0,0.0
02389.HK,2016-10-04,0.45,0.45,0.435,0.445,6246000.0,0.0
02389.HK,2016-10-05,0.44,0.44,0.41,0.43,19650297.0,0.0
02389.HK,2016-10-06,0.43,0.445,0.42,0.445,14406000.0,0.0
02389.HK,2016-10-07,0.44,0.445,0.435,0.445,3672000.0,0.0
02389.HK,2016-10-11,0.445,0.455,0.43,0.44,13278000.0,0.0
02389.HK,2016-10-12,0.44,0.445,0.435,0.435,2538000.0,0.0
02389.HK,2016-10-13,0.44,0.44,0.42,0.435,11340000.0,0.0
02389.HK,2016-10-14,0.435,0.45,0.435,0.445,17850000.0,0.0
02389.HK,2016-10-17,0.44,0.445,0.43,0.445,14634000.0,0.0
02389.HK,2016-10-18,0.445,0.45,0.445,0.445,12754693.0,0.0
02389.HK,2016-10-19,0.445,0.45,0.44,0.445,5166000.0,0.0
02389.HK,2016-10-20,0.445,0.45,0.44,0.45,8604000.0,0.0
02389.HK,2016-10-24,0.45,0.46,0.44,0.455,10590000.0,0.0
02389.HK,2016-10-25,0.455,0.475,0.445,0.47,19806000.0,0.0
02389.HK,2016-10-26,0.47,0.47,0.46,0.465,22860000.0,0.0
02389.HK,2016-10-27,0.465,0.465,0.45,0.455,4530000.0,0.0
02389.HK,2016-10-28,0.455,0.455,0.44,0.45,4086000.0,0.0
02389.HK,2016-10-31,0.445,0.455,0.44,0.45,8894297.0,0.0
02389.HK,2016-11-01,0.455,0.46,0.445,0.45,5964000.0,0.0
02389.HK,2016-11-02,0.445,0.445,0.435,0.435,4134000.0,0.0
02389.HK,2016-11-03,0.445,0.445,0.435,0.44,5004000.0,0.0
02389.HK,2016-11-04,0.44,0.445,0.435,0.445,1656000.0,0.0
02389.HK,2016-11-07,0.44,0.445,0.435,0.445,3744000.0,0.0
02389.HK,2016-11-08,0.445,0.445,0.44,0.445,1728000.0,0.0
02389.HK,2016-11-09,0.445,0.445,0.415,0.43,9676000.0,0.0
02389.HK,2016-11-10,0.435,0.44,0.43,0.435,6540000.0,0.0
02389.HK,2016-11-11,0.435,0.44,0.415,0.43,19254000.0,0.0
02389.HK,2016-11-14,0.425,0.44,0.425,0.43,7512000.0,0.0
02389.HK,2016-11-15,0.425,0.435,0.425,0.43,4866000.0,0.0
02389.HK,2016-11-16,0.435,0.435,0.425,0.425,2634000.0,0.0
02389.HK,2016-11-17,0.43,0.43,0.42,0.42,7606000.0,0.0
02389.HK,2016-11-18,0.42,0.42,0.41,0.415,8070000.0,0.0
02389.HK,2016-11-21,0.415,0.42,0.41,0.415,3846000.0,0.0
02389.HK,2016-11-22,0.415,0.43,0.415,0.42,9656000.0,0.0
02389.HK,2016-11-23,0.42,0.425,0.415,0.42,2856000.0,0.0
02389.HK,2016-11-24,0.42,0.42,0.4,0.405,11216000.0,0.0
02389.HK,2016-11-25,0.405,0.415,0.405,0.415,6780000.0,0.0
02389.HK,2016-11-28,0.41,0.42,0.41,0.41,11118000.0,0.0
02389.HK,2016-11-29,0.41,0.42,0.405,0.415,12672594.0,0.0
02389.HK,2016-11-30,0.415,0.42,0.405,0.415,16422000.0,0.0
02389.HK,2016-12-01,0.415,0.415,0.41,0.41,5400000.0,0.0
02389.HK,2016-12-02,0.41,0.425,0.41,0.42,12704000.0,0.0
02389.HK,2016-12-05,0.42,0.435,0.42,0.435,12788000.0,0.0
02389.HK,2016-12-06,0.435,0.445,0.425,0.435,9588000.0,0.0
02389.HK,2016-12-07,0.435,0.44,0.435,0.44,4500000.0,0.0
02389.HK,2016-12-08,0.44,0.445,0.435,0.44,6840000.0,0.0
02389.HK,2016-12-09,0.435,0.44,0.43,0.43,4296594.0,0.0
02389.HK,2016-12-12,0.435,0.44,0.42,0.425,3600000.0,0.0
02389.HK,2016-12-13,0.42,0.43,0.415,0.425,4810000.0,0.0
02389.HK,2016-12-14,0.425,0.425,0.415,0.415,2580000.0,0.0
02389.HK,2016-12-15,0.415,0.425,0.415,0.415,28398000.0,0.0
02389.HK,2016-12-16,0.415,0.425,0.415,0.42,2673758.0,0.0
02389.HK,2016-12-19,0.42,0.425,0.415,0.415,2526297.0,0.0
02389.HK,2016-12-20,0.42,0.425,0.415,0.425,1866000.0,0.0
02389.HK,2016-12-21,0.42,0.425,0.415,0.415,7380000.0,0.0
02389.HK,2016-12-22,0.415,0.42,0.415,0.415,594000.0,0.0
02389.HK,2016-12-23,0.415,0.42,0.41,0.41,6090000.0,0.0
02389.HK,2016-12-28,0.41,0.415,0.405,0.41,7866000.0,0.0
02389.HK,2016-12-29,0.41,0.42,0.41,0.415,3228796.0,0.0
02389.HK,2016-12-30,0.415,0.43,0.41,0.42,15124000.0,0.0
02389.HK,2017-01-03,0.42,0.43,0.42,0.425,2062600.0,0.0
02389.HK,2017-01-04,0.43,0.43,0.415,0.425,3816000.0,0.0
02389.HK,2017-01-05,0.425,0.425,0.41,0.41,9095300.0,0.0
02389.HK,2017-01-06,0.41,0.415,0.405,0.41,12528211.0,0.0
02389.HK,2017-01-09,0.41,0.41,0.405,0.405,7092000.0,0.0
02389.HK,2017-01-10,0.42,0.44,0.415,0.42,27042000.0,0.0
02389.HK,2017-01-11,0.42,0.42,0.41,0.41,3780000.0,0.0
02389.HK,2017-01-12,0.41,0.42,0.41,0.415,2532594.0,0.0
02389.HK,2017-01-13,0.415,0.415,0.41,0.415,1362000.0,0.0
02389.HK,2017-01-16,0.41,0.415,0.405,0.405,3942000.0,0.0
02389.HK,2017-01-17,0.405,0.41,0.405,0.41,5142000.0,0.0
02389.HK,2017-01-18,0.41,0.425,0.405,0.42,9606000.0,0.0
02389.HK,2017-01-19,0.415,0.42,0.41,0.415,966000.0,0.0
02389.HK,2017-01-20,0.41,0.415,0.405,0.41,6162000.0,0.0
02389.HK,2017-01-23,0.415,0.42,0.415,0.42,2202000.0,0.0
02389.HK,2017-01-24,0.42,0.425,0.41,0.42,7686000.0,0.0
02389.HK,2017-01-25,0.43,0.43,0.42,0.425,6252000.0,0.0
02389.HK,2017-01-26,0.425,0.425,0.42,0.425,2202000.0,0.0
02389.HK,2017-01-27,0.425,0.425,0.42,0.425,462000.0,0.0
02389.HK,2017-02-01,0.42,0.42,0.41,0.415,2244297.0,0.0
02389.HK,2017-02-02,0.415,0.415,0.41,0.415,7044297.0,0.0
02389.HK,2017-02-03,0.415,0.415,0.405,0.415,4272100.0,0.0
02389.HK,2017-02-06,0.415,0.415,0.405,0.415,4496000.0,0.0
02389.HK,2017-02-07,0.41,0.415,0.405,0.415,4986000.0,0.0
02389.HK,2017-02-08,0.415,0.415,0.405,0.415,4578000.0,0.0
02389.HK,2017-02-09,0.415,0.42,0.41,0.415,3204000.0,0.0
02389.HK,2017-02-10,0.415,0.42,0.405,0.415,24672000.0,0.0
02389.HK,2017-02-13,0.415,0.42,0.415,0.42,6696000.0,0.0
02389.HK,2017-02-14,0.42,0.43,0.415,0.42,5658000.0,0.0
02389.HK,2017-02-15,0.425,0.44,0.42,0.44,18282000.0,0.0
02389.HK,2017-02-16,0.44,0.44,0.425,0.435,11956396.0,0.0
02389.HK,2017-02-17,0.435,0.44,0.43,0.43,6520396.0,0.0
02389.HK,2017-02-20,0.43,0.455,0.43,0.445,17318000.0,0.0
02389.HK,2017-02-21,0.44,0.45,0.44,0.445,7344000.0,0.0
02389.HK,2017-02-22,0.445,0.47,0.44,0.47,36372000.0,0.0
02389.HK,2017-02-23,0.47,0.485,0.46,0.465,23820000.0,0.0
02389.HK,2017-02-24,0.465,0.465,0.455,0.46,10881606.0,0.0
02389.HK,2017-02-27,0.455,0.465,0.45,0.46,17782000.0,0.0
02389.HK,2017-02-28,0.455,0.47,0.455,0.47,8496000.0,0.0
02389.HK,2017-03-01,0.465,0.49,0.465,0.48,24234000.0,0.0
02389.HK,2017-03-02,0.48,0.49,0.48,0.485,9522000.0,0.0
02389.HK,2017-03-03,0.48,0.485,0.465,0.47,11505700.0,0.0
02389.HK,2017-03-06,0.47,0.475,0.465,0.475,3612000.0,0.0
02389.HK,2017-03-07,0.475,0.475,0.46,0.47,7092000.0,0.0
02389.HK,2017-03-08,0.46,0.47,0.455,0.46,5628000.0,0.0
02389.HK,2017-03-09,0.48,0.485,0.465,0.47,12330000.0,0.0
02389.HK,2017-03-10,0.475,0.53,0.47,0.52,58666000.0,0.0
02389.HK,2017-03-13,0.52,0.54,0.5,0.51,38936000.0,0.0
02389.HK,2017-03-14,0.5,0.51,0.495,0.51,8904000.0,0.0
02389.HK,2017-03-15,0.5,0.51,0.5,0.5,12900000.0,0.0
02389.HK,2017-03-16,0.475,0.5,0.47,0.485,36594000.0,0.0
02389.HK,2017-03-17,0.495,0.51,0.495,0.51,18978000.0,0.0
02389.HK,2017-03-20,0.51,0.55,0.5,0.54,46304000.0,0.0
02389.HK,2017-03-21,0.55,0.56,0.53,0.55,24750000.0,0.0
02389.HK,2017-03-22,0.54,0.54,0.52,0.54,8604000.0,0.0
02389.HK,2017-03-23,0.54,0.58,0.54,0.58,42972000.0,0.0
02389.HK,2017-03-24,0.58,0.59,0.55,0.55,39876000.0,0.0
02389.HK,2017-03-27,0.55,0.56,0.54,0.55,32478000.0,0.0
02389.HK,2017-03-28,0.54,0.55,0.53,0.55,20802000.0,0.0
02389.HK,2017-03-29,0.55,0.56,0.54,0.56,26196000.0,0.0
02389.HK,2017-03-30,0.56,0.56,0.54,0.54,16644000.0,0.0
02389.HK,2017-03-31,0.54,0.55,0.53,0.54,18210000.0,0.0
02389.HK,2017-04-03,0.55,0.55,0.53,0.54,21150000.0,0.0
02389.HK,2017-04-05,0.54,0.55,0.53,0.54,12744000.0,0.0
02389.HK,2017-04-06,0.55,0.6,0.54,0.57,42514000.0,0.0
02389.HK,2017-04-07,0.57,0.57,0.56,0.57,9172000.0,0.0
02389.HK,2017-04-10,0.57,0.58,0.55,0.57,15656000.0,0.0
02389.HK,2017-04-11,0.56,0.57,0.56,0.56,14886000.0,0.0
02389.HK,2017-04-12,0.56,0.57,0.55,0.57,16722000.0,0.0
02389.HK,2017-04-13,0.56,0.58,0.55,0.57,7440000.0,0.0
02389.HK,2017-04-18,0.57,0.6,0.56,0.58,27900000.0,0.0
02389.HK,2017-04-19,0.58,0.59,0.57,0.58,9132000.0,0.0
02389.HK,2017-04-20,0.58,0.59,0.58,0.59,17124000.0,0.0
02389.HK,2017-04-21,0.59,0.59,0.58,0.59,6138000.0,0.0
02389.HK,2017-04-24,0.59,0.59,0.57,0.59,6666000.0,0.0
02389.HK,2017-04-25,0.59,0.59,0.57,0.58,4038000.0,0.0
02389.HK,2017-04-26,0.58,0.59,0.57,0.59,5896000.0,0.0
02389.HK,2017-04-27,0.59,0.59,0.58,0.59,4512000.0,0.0
02389.HK,2017-04-28,0.59,0.59,0.58,0.59,3684000.0,0.0
02389.HK,2017-05-02,0.59,0.59,0.56,0.56,21018000.0,0.0
02389.HK,2017-05-04,0.56,0.58,0.56,0.57,11628594.0,0.0
02389.HK,2017-05-05,0.57,0.58,0.56,0.57,2370000.0,0.0
02389.HK,2017-05-08,0.57,0.57,0.56,0.57,5004000.0,0.0
02389.HK,2017-05-09,0.57,0.57,0.55,0.56,10194000.0,0.0
02389.HK,2017-05-10,0.56,0.57,0.56,0.56,4074000.0,0.0
02389.HK,2017-05-11,0.56,0.57,0.55,0.56,9648000.0,0.0
02389.HK,2017-05-12,0.56,0.56,0.54,0.54,8076000.0,0.0
02389.HK,2017-05-15,0.55,0.56,0.53,0.55,12006000.0,0.0
02389.HK,2017-05-16,0.55,0.55,0.53,0.55,5628000.0,0.0
02389.HK,2017-05-17,0.55,0.55,0.54,0.55,5496000.0,0.0
02389.HK,2017-05-18,0.54,0.55,0.54,0.55,4818000.0,0.0
02389.HK,2017-05-19,0.55,0.55,0.54,0.55,1692000.0,0.0
02389.HK,2017-05-22,0.55,0.55,0.54,0.55,2346000.0,0.0
02389.HK,2017-05-23,0.55,0.55,0.53,0.55,3216000.0,0.0
02389.HK,2017-05-24,0.55,0.55,0.52,0.53,4758000.0,0.0
02389.HK,2017-05-25,0.53,0.53,0.51,0.52,3528000.0,0.0
02389.HK,2017-05-26,0.52,0.52,0.475,0.49,16551000.0,0.0
02389.HK,2017-05-29,0.485,0.49,0.48,0.49,4230000.0,0.0
02389.HK,2017-05-31,0.485,0.495,0.47,0.485,6244000.0,0.0
02389.HK,2017-06-01,0.48,0.48,0.465,0.475,4370000.0,0.0
02389.HK,2017-06-02,0.475,0.495,0.475,0.495,3972000.0,0.0
02389.HK,2017-06-05,0.5,0.51,0.495,0.51,5586390.0,0.0
02389.HK,2017-06-06,0.51,0.51,0.5,0.5,2004000.0,0.0
02389.HK,2017-06-07,0.51,0.52,0.5,0.52,2940000.0,0.0
02389.HK,2017-06-08,0.52,0.52,0.51,0.52,2400000.0,0.0
02389.HK,2017-06-09,0.52,0.52,0.51,0.52,2364000.0,0.0
02389.HK,2017-06-12,0.52,0.52,0.5,0.51,9078000.0,0.0
02389.HK,2017-06-13,0.51,0.52,0.5,0.52,3426000.0,0.0
02389.HK,2017-06-14,0.52,0.52,0.49,0.5,5196000.0,0.0
02389.HK,2017-06-15,0.5,0.51,0.5,0.5,1998000.0,0.0
02389.HK,2017-06-16,0.5,0.51,0.5,0.5,9624000.0,0.0
02389.HK,2017-06-19,0.5,0.52,0.5,0.51,4254000.0,0.0
02389.HK,2017-06-20,0.5,0.52,0.5,0.51,4608000.0,0.0
02389.HK,2017-06-21,0.51,0.51,0.495,0.5,3015000.0,0.0
02389.HK,2017-06-22,0.495,0.5,0.495,0.5,1110000.0,0.0
02389.HK,2017-06-23,0.5,0.51,0.49,0.5,4446000.0,0.0
02389.HK,2017-06-26,0.49,0.495,0.485,0.495,3642000.0,0.0
02389.HK,2017-06-27,0.49,0.49,0.475,0.485,2280000.0,0.0
02389.HK,2017-06-28,0.485,0.49,0.475,0.485,1653000.0,0.0
02389.HK,2017-06-29,0.485,0.49,0.475,0.485,1530000.0,0.0
02389.HK,2017-06-30,0.48,0.49,0.47,0.485,5736000.0,0.0
02389.HK,2017-07-03,0.485,0.485,0.48,0.485,1836594.0,0.0
02389.HK,2017-07-04,0.48,0.49,0.475,0.48,1506000.0,0.0
02389.HK,2017-07-05,0.475,0.49,0.47,0.48,3032000.0,0.0
02389.HK,2017-07-06,0.48,0.495,0.475,0.49,2500000.0,0.0
02389.HK,2017-07-07,0.495,0.495,0.48,0.49,2022000.0,0.0
02389.HK,2017-07-10,0.49,0.51,0.49,0.51,4332000.0,0.0
02389.HK,2017-07-11,0.5,0.51,0.495,0.51,2250000.0,0.0
02389.HK,2017-07-12,0.5,0.51,0.495,0.51,2442000.0,0.0
02389.HK,2017-07-13,0.51,0.51,0.49,0.5,2598000.0,0.0
02389.HK,2017-07-14,0.495,0.495,0.485,0.485,3390000.0,0.0
02389.HK,2017-07-17,0.485,0.49,0.475,0.48,4026000.0,0.0
02389.HK,2017-07-18,0.48,0.48,0.465,0.47,2346000.0,0.0
02389.HK,2017-07-19,0.48,0.48,0.47,0.47,6216000.0,0.0
02389.HK,2017-07-20,0.47,0.48,0.465,0.48,3264000.0,0.0
02389.HK,2017-07-21,0.475,0.48,0.475,0.48,1014000.0,0.0
02389.HK,2017-07-24,0.475,0.485,0.47,0.485,2640000.0,0.0
02389.HK,2017-07-25,0.485,0.49,0.475,0.48,1488000.0,0.0
02389.HK,2017-07-26,0.475,0.475,0.455,0.46,11124000.0,0.0
02389.HK,2017-07-27,0.47,0.51,0.47,0.5,16920000.0,0.0
02389.HK,2017-07-28,0.5,0.51,0.49,0.51,13854000.0,0.0
02389.HK,2017-07-31,0.51,0.51,0.49,0.49,5394000.0,0.0
02389.HK,2017-08-01,0.49,0.49,0.47,0.485,9498000.0,0.0
02389.HK,2017-08-02,0.475,0.48,0.465,0.475,6138000.0,0.0
02389.HK,2017-08-03,0.475,0.475,0.43,0.475,13146000.0,0.0
02389.HK,2017-08-04,0.46,0.475,0.46,0.47,1812000.0,0.0
02389.HK,2017-08-07,0.47,0.47,0.46,0.47,1926000.0,0.0
02389.HK,2017-08-08,0.47,0.47,0.465,0.465,2736000.0,0.0
02389.HK,2017-08-09,0.465,0.475,0.465,0.47,3480000.0,0.0
02389.HK,2017-08-10,0.465,0.47,0.465,0.47,2172000.0,0.0
02389.HK,2017-08-11,0.46,0.465,0.45,0.455,12216000.0,0.0
02389.HK,2017-08-14,0.45,0.46,0.445,0.455,6318000.0,0.0
02389.HK,2017-08-15,0.45,0.45,0.44,0.44,7926000.0,0.0
02389.HK,2017-08-16,0.445,0.455,0.445,0.45,5401180.0,0.0
02389.HK,2017-08-17,0.445,0.445,0.435,0.44,18768000.0,0.0
02389.HK,2017-08-18,0.435,0.44,0.435,0.435,2316000.0,0.0
02389.HK,2017-08-21,0.43,0.44,0.425,0.44,8454180.0,0.0
02389.HK,2017-08-22,0.45,0.46,0.445,0.45,4344000.0,0.0
02389.HK,2017-08-24,0.455,0.475,0.455,0.475,7452000.0,0.0
02389.HK,2017-08-25,0.48,0.48,0.465,0.475,2634000.0,0.0
02389.HK,2017-08-28,0.475,0.475,0.465,0.47,5304000.0,0.0
02389.HK,2017-08-29,0.47,0.48,0.46,0.48,3018000.0,0.0
02389.HK,2017-08-30,0.485,0.49,0.475,0.49,8856000.0,0.0
02389.HK,2017-08-31,0.49,0.51,0.49,0.5,21726000.0,0.0
02389.HK,2017-09-01,0.5,0.5,0.485,0.495,13820000.0,0.0
02389.HK,2017-09-04,0.49,0.51,0.48,0.51,22538000.0,0.0
02389.HK,2017-09-05,0.5,0.52,0.495,0.52,15174000.0,0.0
02389.HK,2017-09-06,0.51,0.52,0.51,0.52,18486000.0,0.0
02389.HK,2017-09-07,0.52,0.53,0.48,0.48,106092000.0,0.0
02389.HK,2017-09-08,0.485,0.485,0.435,0.435,28076000.0,0.0
02389.HK,2017-09-11,0.445,0.46,0.435,0.445,16350000.0,0.0
02389.HK,2017-09-12,0.44,0.45,0.43,0.44,10095000.0,0.0
02389.HK,2017-09-13,0.445,0.455,0.435,0.455,8094594.0,0.0
02389.HK,2017-09-14,0.455,0.465,0.445,0.455,3474000.0,0.0
02389.HK,2017-09-15,0.45,0.45,0.44,0.45,2388000.0,0.0
02389.HK,2017-09-18,0.45,0.46,0.44,0.455,5734000.0,0.0
02389.HK,2017-09-19,0.445,0.455,0.445,0.45,768000.0,0.0
02389.HK,2017-09-20,0.45,0.465,0.44,0.455,3342000.0,0.0
02389.HK,2017-09-21,0.45,0.45,0.435,0.435,5706000.0,0.0
02389.HK,2017-09-22,0.435,0.45,0.43,0.435,9390000.0,0.0
02389.HK,2017-09-25,0.435,0.44,0.435,0.435,2928000.0,0.0
02389.HK,2017-09-26,0.435,0.435,0.43,0.43,738000.0,0.0
02389.HK,2017-09-27,0.43,0.435,0.425,0.435,7674000.0,0.0
02389.HK,2017-09-28,0.43,0.435,0.43,0.43,2544000.0,0.0
02389.HK,2017-09-29,0.425,0.435,0.425,0.43,1188000.0,0.0
02389.HK,2017-10-03,0.43,0.435,0.425,0.425,570000.0,0.0
02389.HK,2017-10-04,0.425,0.435,0.425,0.425,3108000.0,0.0
02389.HK,2017-10-06,0.425,0.435,0.425,0.435,4194000.0,0.0
02389.HK,2017-10-09,0.435,0.435,0.425,0.425,4548000.0,0.0
02389.HK,2017-10-10,0.425,0.435,0.425,0.435,7808000.0,0.0
02389.HK,2017-10-11,0.435,0.45,0.43,0.435,10542000.0,0.0
02389.HK,2017-10-12,0.435,0.44,0.43,0.435,4356000.0,0.0
02389.HK,2017-10-13,0.435,0.435,0.425,0.43,7446000.0,0.0
02389.HK,2017-10-16,0.43,0.43,0.42,0.43,6688000.0,0.0
02389.HK,2017-10-17,0.425,0.425,0.415,0.42,8592000.0,0.0
02389.HK,2017-10-18,0.415,0.42,0.41,0.415,4092000.0,0.0
02389.HK,2017-10-19,0.42,0.42,0.405,0.405,4127386.0,0.0
02389.HK,2017-10-20,0.405,0.415,0.405,0.415,1518000.0,0.0
02389.HK,2017-10-23,0.415,0.42,0.41,0.41,1662000.0,0.0
02389.HK,2017-10-24,0.41,0.42,0.41,0.42,672000.0,0.0
02389.HK,2017-10-25,0.42,0.425,0.415,0.425,3234000.0,0.0
02389.HK,2017-10-26,0.425,0.425,0.405,0.415,6276000.0,0.0
02389.HK,2017-10-27,0.415,0.415,0.41,0.41,4020000.0,0.0
02389.HK,2017-10-30,0.41,0.42,0.41,0.415,4110000.0,0.0
02389.HK,2017-10-31,0.41,0.42,0.405,0.415,1164000.0,0.0
02389.HK,2017-11-01,0.42,0.43,0.42,0.43,14322000.0,0.0
02389.HK,2017-11-02,0.43,0.43,0.415,0.43,4224000.0,0.0
02389.HK,2017-11-03,0.43,0.43,0.42,0.425,4794000.0,0.0
02389.HK,2017-11-06,0.43,0.43,0.415,0.42,4670828.0,0.0
02389.HK,2017-11-07,0.415,0.42,0.41,0.41,4554000.0,0.0
02389.HK,2017-11-08,0.41,0.415,0.405,0.415,4334484.0,0.0
02389.HK,2017-11-09,0.41,0.415,0.41,0.41,2028898.0,0.0
02389.HK,2017-11-10,0.41,0.415,0.4,0.405,9396000.0,0.0
02389.HK,2017-11-13,0.41,0.41,0.38,0.385,16876000.0,0.0
02389.HK,2017-11-14,0.38,0.415,0.375,0.405,16506000.0,0.0
02389.HK,2017-11-15,0.405,0.405,0.395,0.4,6792000.0,0.0
02389.HK,2017-11-16,0.4,0.4,0.39,0.395,7694000.0,0.0
02389.HK,2017-11-17,0.395,0.395,0.38,0.38,12042000.0,0.0
02389.HK,2017-11-20,0.38,0.385,0.375,0.38,9342000.0,0.0
02389.HK,2017-11-21,0.385,0.385,0.375,0.385,10008000.0,0.0
02389.HK,2017-11-22,0.38,0.38,0.365,0.38,7110000.0,0.0
02389.HK,2017-11-23,0.38,0.385,0.365,0.375,8112000.0,0.0
02389.HK,2017-11-24,0.375,0.385,0.365,0.375,4296000.0,0.0
02389.HK,2017-11-27,0.375,0.38,0.37,0.38,1008000.0,0.0
02389.HK,2017-11-28,0.37,0.385,0.37,0.38,5370000.0,0.0
02389.HK,2017-11-29,0.38,0.38,0.37,0.37,5808000.0,0.0
02389.HK,2017-11-30,0.375,0.38,0.375,0.38,3426000.0,0.0
02389.HK,2017-12-01,0.385,0.385,0.37,0.38,2394000.0,0.0
02389.HK,2017-12-04,0.38,0.385,0.365,0.37,10842000.0,0.0
02389.HK,2017-12-05,0.365,0.375,0.345,0.35,11998000.0,0.0
02389.HK,2017-12-06,0.355,0.36,0.35,0.35,6232000.0,0.0
02389.HK,2017-12-07,0.35,0.36,0.345,0.35,5454000.0,0.0
02389.HK,2017-12-08,0.35,0.385,0.35,0.38,11017000.0,0.0
02389.HK,2017-12-11,0.38,0.385,0.375,0.385,3918000.0,0.0
02389.HK,2017-12-12,0.375,0.385,0.375,0.385,2597000.0,0.0
02389.HK,2017-12-13,0.38,0.39,0.38,0.39,4962000.0,0.0
02389.HK,2017-12-14,0.385,0.39,0.38,0.39,2412000.0,0.0
02389.HK,2017-12-15,0.39,0.39,0.38,0.385,11112000.0,0.0
02389.HK,2017-12-18,0.375,0.38,0.37,0.38,4920000.0,0.0
02389.HK,2017-12-19,0.375,0.375,0.36,0.37,5064000.0,0.0
02389.HK,2017-12-20,0.375,0.385,0.37,0.38,4986000.0,0.0
02389.HK,2017-12-21,0.38,0.38,0.37,0.375,5442000.0,0.0
02389.HK,2017-12-22,0.37,0.375,0.37,0.37,12882000.0,0.0
02389.HK,2017-12-27,0.37,0.385,0.37,0.38,22110000.0,0.0
02389.HK,2017-12-28,0.39,0.39,0.38,0.385,13207796.0,0.0
02389.HK,2017-12-29,0.38,0.385,0.36,0.385,27432000.0,0.0
02389.HK,2018-01-02,0.38,0.38,0.36,0.365,8314000.0,0.0
02389.HK,2018-01-03,0.365,0.365,0.35,0.355,20820000.0,0.0
02389.HK,2018-01-04,0.355,0.365,0.355,0.36,9288000.0,0.0
02389.HK,2018-01-05,0.36,0.36,0.355,0.36,3678000.0,0.0
02389.HK,2018-01-08,0.36,0.375,0.36,0.37,9054000.0,0.0
02389.HK,2018-01-09,0.37,0.38,0.365,0.375,7584000.0,0.0
02389.HK,2018-01-10,0.37,0.375,0.37,0.37,4314000.0,0.0
02389.HK,2018-01-11,0.375,0.375,0.365,0.37,3036000.0,0.0
02389.HK,2018-01-12,0.37,0.375,0.36,0.37,14076000.0,0.0
02389.HK,2018-01-15,0.365,0.37,0.36,0.36,5586000.0,0.0
02389.HK,2018-01-16,0.365,0.365,0.36,0.365,4920000.0,0.0
02389.HK,2018-01-17,0.365,0.37,0.36,0.37,9502000.0,0.0
02389.HK,2018-01-18,0.37,0.415,0.37,0.41,22536000.0,0.0
02389.HK,2018-01-19,0.415,0.415,0.395,0.4,6036553.0,0.0
02389.HK,2018-01-22,0.4,0.41,0.39,0.41,3826000.0,0.0
02389.HK,2018-01-23,0.4,0.41,0.4,0.405,2442000.0,0.0
02389.HK,2018-01-24,0.405,0.41,0.395,0.41,3968484.0,0.0
02389.HK,2018-01-25,0.41,0.41,0.38,0.39,8622000.0,0.0
02389.HK,2018-01-26,0.39,0.405,0.39,0.4,3822000.0,0.0
02389.HK,2018-01-29,0.4,0.4,0.39,0.4,4094940.0,0.0
02389.HK,2018-01-30,0.395,0.4,0.39,0.4,5142000.0,0.0
02389.HK,2018-01-31,0.4,0.445,0.4,0.43,24163000.0,0.0
02389.HK,2018-02-01,0.43,0.44,0.42,0.43,19394500.0,0.0
02389.HK,2018-02-02,0.435,0.435,0.415,0.425,6488000.0,0.0
02389.HK,2018-02-05,0.4,0.41,0.4,0.405,3282000.0,0.0
02389.HK,2018-02-06,0.395,0.395,0.37,0.375,15906000.0,0.0
02389.HK,2018-02-07,0.385,0.385,0.365,0.37,3336000.0,0.0
02389.HK,2018-02-08,0.37,0.385,0.37,0.37,3702000.0,0.0
02389.HK,2018-02-09,0.36,0.365,0.355,0.365,7926000.0,0.0
02389.HK,2018-02-12,0.36,0.38,0.36,0.37,4632000.0,0.0
02389.HK,2018-02-13,0.375,0.375,0.365,0.37,5826000.0,0.0
02389.HK,2018-02-14,0.375,0.375,0.36,0.365,4584000.0,0.0
02389.HK,2018-02-15,0.37,0.37,0.36,0.37,312000.0,0.0
02389.HK,2018-02-20,0.37,0.37,0.36,0.37,5532000.0,0.0
02389.HK,2018-02-21,0.37,0.375,0.365,0.37,3750000.0,0.0
02389.HK,2018-02-22,0.365,0.375,0.365,0.375,1212000.0,0.0
02389.HK,2018-02-23,0.375,0.375,0.37,0.375,450000.0,0.0
02389.HK,2018-02-26,0.37,0.375,0.37,0.375,1602000.0,0.0
02389.HK,2018-02-27,0.37,0.375,0.37,0.375,1908000.0,0.0
02389.HK,2018-02-28,0.37,0.39,0.365,0.39,4158000.0,0.0
02389.HK,2018-03-01,0.38,0.41,0.38,0.4,8646000.0,0.0
02389.HK,2018-03-02,0.405,0.405,0.39,0.395,2028000.0,0.0
02389.HK,2018-03-05,0.39,0.39,0.38,0.39,1668000.0,0.0
02389.HK,2018-03-06,0.39,0.395,0.385,0.395,1266000.0,0.0
02389.HK,2018-03-07,0.39,0.395,0.385,0.39,576000.0,0.0
02389.HK,2018-03-08,0.385,0.395,0.385,0.385,1764000.0,0.0
02389.HK,2018-03-09,0.385,0.405,0.385,0.4,3798000.0,0.0
02389.HK,2018-03-12,0.4,0.4,0.4,0.4,1038200.0,0.0
02389.HK,2018-03-13,0.4,0.405,0.385,0.4,5756000.0,0.0
02389.HK,2018-03-14,0.39,0.4,0.39,0.4,1535866.0,0.0
02389.HK,2018-03-15,0.395,0.4,0.39,0.4,1340000.0,0.0
02389.HK,2018-03-16,0.39,0.395,0.385,0.395,2610000.0,0.0
02389.HK,2018-03-19,0.395,0.395,0.38,0.38,4544000.0,0.0
02389.HK,2018-03-20,0.38,0.39,0.375,0.38,3768000.0,0.0
02389.HK,2018-03-21,0.375,0.385,0.365,0.365,5736000.0,0.0
02389.HK,2018-03-22,0.37,0.38,0.37,0.375,1737516.0,0.0
02389.HK,2018-03-23,0.365,0.37,0.36,0.37,3528000.0,0.0
02389.HK,2018-03-26,0.37,0.38,0.365,0.37,5664000.0,0.0
02389.HK,2018-03-27,0.37,0.375,0.365,0.37,2022000.0,0.0
02389.HK,2018-03-28,0.375,0.375,0.365,0.37,2622000.0,0.0
02389.HK,2018-03-29,0.37,0.375,0.35,0.36,4554000.0,0.0
02389.HK,2018-04-03,0.36,0.375,0.355,0.375,3900000.0,0.0
02389.HK,2018-04-04,0.375,0.385,0.36,0.385,8824000.0,0.0
02389.HK,2018-04-06,0.385,0.405,0.385,0.405,10328364.0,0.0
02389.HK,2018-04-09,0.4,0.405,0.395,0.4,5126000.0,0.0
02389.HK,2018-04-10,0.395,0.4,0.39,0.4,5808000.0,0.0
02389.HK,2018-04-11,0.39,0.4,0.39,0.4,3234000.0,0.0
02389.HK,2018-04-12,0.395,0.4,0.39,0.4,5537000.0,0.0
02389.HK,2018-04-13,0.4,0.4,0.39,0.4,4656000.0,0.0
02389.HK,2018-04-16,0.39,0.4,0.39,0.4,3246000.0,0.0
02389.HK,2018-04-17,0.395,0.4,0.395,0.395,1758000.0,0.0
02389.HK,2018-04-18,0.395,0.405,0.385,0.4,30804000.0,0.0
02389.HK,2018-04-19,0.395,0.41,0.395,0.405,15298000.0,0.0
02389.HK,2018-04-20,0.4,0.4,0.395,0.4,5436000.0,0.0
02389.HK,2018-04-23,0.395,0.405,0.39,0.405,10026000.0,0.0
02389.HK,2018-04-24,0.4,0.405,0.4,0.405,1866000.0,0.0
02389.HK,2018-04-25,0.395,0.405,0.39,0.4,3474000.0,0.0
02389.HK,2018-04-26,0.4,0.405,0.395,0.4,5442000.0,0.0
02389.HK,2018-04-27,0.4,0.405,0.4,0.405,1974000.0,0.0
02389.HK,2018-04-30,0.395,0.405,0.395,0.4,1410000.0,0.0
02389.HK,2018-05-02,0.405,0.405,0.395,0.4,1434000.0,0.0
02389.HK,2018-05-03,0.395,0.4,0.39,0.395,2466000.0,0.0
02389.HK,2018-05-04,0.395,0.4,0.39,0.395,658000.0,0.0
02389.HK,2018-05-07,0.395,0.4,0.39,0.395,1278000.0,0.0
02389.HK,2018-05-08,0.39,0.39,0.385,0.39,2094000.0,0.0
02389.HK,2018-05-09,0.39,0.39,0.385,0.39,270000.0,0.0
02389.HK,2018-05-10,0.39,0.395,0.39,0.395,402000.0,0.0
02389.HK,2018-05-11,0.395,0.395,0.39,0.395,1614000.0,0.0
02389.HK,2018-05-14,0.39,0.395,0.385,0.395,2460000.0,0.0
02389.HK,2018-05-15,0.395,0.395,0.385,0.39,3228000.0,0.0
02389.HK,2018-05-16,0.39,0.39,0.38,0.385,1477428.0,0.0
02389.HK,2018-05-17,0.385,0.395,0.385,0.39,1812000.0,0.0
02389.HK,2018-05-18,0.39,0.39,0.38,0.38,3498000.0,0.0
02389.HK,2018-05-21,0.385,0.385,0.375,0.38,2568000.0,0.0
02389.HK,2018-05-23,0.38,0.38,0.37,0.37,2142000.0,0.0
02389.HK,2018-05-24,0.375,0.39,0.37,0.38,3732000.0,0.0
02389.HK,2018-05-25,0.375,0.385,0.375,0.385,1086000.0,0.0
02389.HK,2018-05-28,0.385,0.41,0.38,0.4,8758000.0,0.0
02389.HK,2018-05-29,0.4,0.41,0.39,0.405,14832000.0,0.0
02389.HK,2018-05-30,0.395,0.41,0.39,0.405,5142000.0,0.0
02389.HK,2018-05-31,0.4,0.42,0.4,0.42,14022000.0,0.0
02389.HK,2018-06-01,0.42,0.43,0.415,0.425,13878000.0,0.0
02389.HK,2018-06-04,0.425,0.45,0.425,0.44,19614000.0,0.0
02389.HK,2018-06-05,0.44,0.445,0.43,0.44,8268000.0,0.0
02389.HK,2018-06-06,0.43,0.445,0.43,0.44,6960000.0,0.0
02389.HK,2018-06-07,0.44,0.45,0.43,0.435,19134000.0,0.0
02389.HK,2018-06-08,0.435,0.44,0.43,0.435,8760000.0,0.0
02389.HK,2018-06-11,0.43,0.435,0.425,0.435,2934000.0,0.0
02389.HK,2018-06-12,0.435,0.445,0.435,0.445,6642000.0,0.0
02389.HK,2018-06-13,0.44,0.45,0.435,0.445,8070000.0,0.0
02389.HK,2018-06-14,0.45,0.465,0.435,0.45,13302000.0,0.0
02389.HK,2018-06-15,0.45,0.45,0.44,0.445,7128000.0,0.0
02389.HK,2018-06-19,0.435,0.445,0.41,0.415,6414000.0,0.0
02389.HK,2018-06-20,0.415,0.43,0.415,0.43,4236000.0,0.0
02389.HK,2018-06-21,0.425,0.445,0.42,0.42,7411152.0,0.0
02389.HK,2018-06-22,0.42,0.43,0.41,0.43,7442000.0,0.0
02389.HK,2018-06-25,0.43,0.445,0.42,0.435,10074000.0,0.0
02389.HK,2018-06-26,0.435,0.445,0.425,0.43,6558000.0,0.0
02389.HK,2018-06-27,0.43,0.445,0.425,0.44,11334000.0,0.0
02389.HK,2018-06-28,0.44,0.45,0.43,0.435,15572000.0,0.0
02389.HK,2018-06-29,0.435,0.455,0.4,0.41,43896000.0,0.0
02389.HK,2018-07-03,0.405,0.41,0.395,0.4,18942000.0,0.0
02389.HK,2018-07-04,0.395,0.4,0.395,0.4,414000.0,0.0
02389.HK,2018-07-05,0.4,0.415,0.395,0.405,5412000.0,0.0
02389.HK,2018-07-06,0.405,0.425,0.405,0.41,4830000.0,0.0
02389.HK,2018-07-09,0.405,0.41,0.395,0.4,6432000.0,0.0
02389.HK,2018-07-10,0.395,0.4,0.37,0.385,21816000.0,0.0
02389.HK,2018-07-11,0.38,0.4,0.38,0.385,2898000.0,0.0
02389.HK,2018-07-12,0.385,0.4,0.385,0.39,3048000.0,0.0
02389.HK,2018-07-13,0.39,0.39,0.36,0.38,21897940.0,0.0
02389.HK,2018-07-16,0.39,0.4,0.38,0.385,5694000.0,0.0
02389.HK,2018-07-17,0.38,0.39,0.38,0.385,2376000.0,0.0
02389.HK,2018-07-18,0.385,0.385,0.375,0.38,1170000.0,0.0
02389.HK,2018-07-19,0.375,0.38,0.375,0.38,762000.0,0.0
02389.HK,2018-07-20,0.38,0.385,0.38,0.38,1212000.0,0.0
02389.HK,2018-07-23,0.39,0.39,0.37,0.375,1050000.0,0.0
02389.HK,2018-07-24,0.38,0.38,0.375,0.38,78480000.0,0.0
02389.HK,2018-07-25,0.39,0.39,0.38,0.385,1200000.0,0.0
02389.HK,2018-07-26,0.38,0.385,0.375,0.38,2394000.0,0.0
02389.HK,2018-07-27,0.375,0.38,0.375,0.38,1140000.0,0.0
02389.HK,2018-07-30,0.37,0.38,0.37,0.38,828000.0,0.0
02389.HK,2018-07-31,0.38,0.395,0.375,0.39,1722000.0,0.0
02389.HK,2018-08-01,0.385,0.395,0.38,0.39,1932000.0,0.0
02389.HK,2018-08-02,0.385,0.385,0.38,0.385,1062000.0,0.0
02389.HK,2018-08-03,0.385,0.385,0.375,0.385,1242000.0,0.0
02389.HK,2018-08-06,0.38,0.385,0.375,0.38,2190000.0,0.0
02389.HK,2018-08-07,0.38,0.38,0.37,0.375,834000.0,0.0
02389.HK,2018-08-08,0.375,0.385,0.375,0.385,4374000.0,0.0
02389.HK,2018-08-09,0.38,0.385,0.375,0.38,1524000.0,0.0
02389.HK,2018-08-10,0.38,0.395,0.375,0.39,7128000.0,0.0
02389.HK,2018-08-13,0.38,0.385,0.38,0.385,840000.0,0.0
02389.HK,2018-08-14,0.38,0.38,0.38,0.38,462000.0,0.0
02389.HK,2018-08-15,0.38,0.39,0.355,0.36,15966000.0,0.0
02389.HK,2018-08-16,0.355,0.36,0.3,0.315,20484000.0,0.0
02389.HK,2018-08-17,0.32,0.32,0.3,0.31,3750000.0,0.0
02389.HK,2018-08-20,0.315,0.32,0.315,0.32,1170000.0,0.0
02389.HK,2018-08-21,0.315,0.325,0.315,0.325,306000.0,0.0
02389.HK,2018-08-22,0.32,0.34,0.32,0.335,1494000.0,0.0
02389.HK,2018-08-23,0.335,0.335,0.325,0.335,996000.0,0.0
02389.HK,2018-08-24,0.33,0.335,0.32,0.335,736000.0,0.0
02389.HK,2018-08-27,0.335,0.34,0.325,0.335,806728.0,0.0
02389.HK,2018-08-28,0.335,0.34,0.325,0.34,1128000.0,0.0
02389.HK,2018-08-29,0.335,0.34,0.33,0.34,708000.0,0.0
02389.HK,2018-08-30,0.345,0.345,0.325,0.335,1626000.0,0.0
02389.HK,2018-08-31,0.335,0.355,0.32,0.345,5190000.0,0.0
02389.HK,2018-09-03,0.36,0.37,0.335,0.365,3351000.0,0.0
02389.HK,2018-09-04,0.365,0.38,0.355,0.375,3168000.0,0.0
02389.HK,2018-09-05,0.38,0.38,0.355,0.375,3258000.0,0.0
02389.HK,2018-09-06,0.36,0.375,0.36,0.375,1452000.0,0.0
02389.HK,2018-09-07,0.375,0.375,0.36,0.375,1992000.0,0.0
02389.HK,2018-09-10,0.375,0.375,0.355,0.37,1224000.0,0.0
02389.HK,2018-09-11,0.36,0.375,0.36,0.37,3294000.0,0.0
02389.HK,2018-09-12,0.37,0.37,0.36,0.37,2394000.0,0.0
02389.HK,2018-09-13,0.36,0.37,0.355,0.37,1326000.0,0.0
02389.HK,2018-09-14,0.37,0.37,0.355,0.36,1140000.0,0.0
02389.HK,2018-09-17,0.36,0.37,0.36,0.37,2398000.0,0.0
02389.HK,2018-09-18,0.37,0.395,0.365,0.375,5574000.0,0.0
02389.HK,2018-09-19,0.37,0.375,0.36,0.37,1782000.0,0.0
02389.HK,2018-09-20,0.375,0.375,0.35,0.37,5297999.0,0.0
02389.HK,2018-09-21,0.37,0.37,0.34,0.345,12690000.0,0.0
02389.HK,2018-09-24,0.355,0.37,0.35,0.365,3528000.0,0.0
02389.HK,2018-09-26,0.37,0.375,0.36,0.36,2304000.0,0.0
02389.HK,2018-09-27,0.365,0.39,0.365,0.37,4464000.0,0.0
02389.HK,2018-09-28,0.365,0.37,0.36,0.36,1626000.0,0.0
02389.HK,2018-10-02,0.37,0.37,0.36,0.36,48000.0,0.0
02389.HK,2018-10-03,0.355,0.355,0.35,0.35,360000.0,0.0
02389.HK,2018-10-04,0.35,0.36,0.345,0.355,420000.0,0.0
02389.HK,2018-10-05,0.345,0.36,0.325,0.34,2826000.0,0.0
02389.HK,2018-10-08,0.35,0.355,0.335,0.35,978000.0,0.0
02389.HK,2018-10-09,0.35,0.355,0.335,0.355,1391522.0,0.0
02389.HK,2018-10-10,0.35,0.36,0.33,0.345,1824038.0,0.0
02389.HK,2018-10-11,0.34,0.34,0.34,0.34,18000.0,0.0
02389.HK,2018-10-12,0.345,0.345,0.325,0.34,3124000.0,0.0
02389.HK,2018-10-15,0.33,0.335,0.325,0.325,630000.0,0.0
02389.HK,2018-10-16,0.325,0.345,0.315,0.32,2520000.0,0.0
02389.HK,2018-10-18,0.31,0.32,0.31,0.32,318000.0,0.0
02389.HK,2018-10-19,0.32,0.32,0.315,0.32,132000.0,0.0
02389.HK,2018-10-22,0.31,0.335,0.31,0.325,2058000.0,0.0
02389.HK,2018-10-23,0.33,0.33,0.305,0.32,2466000.0,0.0
02389.HK,2018-10-24,0.31,0.315,0.295,0.315,2580000.0,0.0
02389.HK,2018-10-25,0.31,0.31,0.3,0.305,162000.0,0.0
02389.HK,2018-10-26,0.295,0.315,0.295,0.315,348000.0,0.0
02389.HK,2018-10-29,0.315,0.315,0.3,0.31,648000.0,0.0
02389.HK,2018-10-30,0.31,0.31,0.29,0.305,2460000.0,0.0
02389.HK,2018-10-31,0.305,0.31,0.3,0.305,3036000.0,0.0
02389.HK,2018-11-01,0.31,0.31,0.3,0.31,540000.0,0.0
02389.HK,2018-11-02,0.31,0.315,0.3,0.315,2370000.0,0.0
02389.HK,2018-11-05,0.315,0.32,0.315,0.32,1140000.0,0.0
02389.HK,2018-11-06,0.31,0.32,0.31,0.32,834000.0,0.0
02389.HK,2018-11-07,0.31,0.325,0.31,0.325,714000.0,0.0
02389.HK,2018-11-08,0.325,0.325,0.31,0.325,1818000.0,0.0
02389.HK,2018-11-09,0.31,0.325,0.31,0.325,312000.0,0.0
02389.HK,2018-11-12,0.31,0.325,0.31,0.325,12000.0,0.0
02389.HK,2018-11-13,0.325,0.325,0.315,0.325,90000.0,0.0
02389.HK,2018-11-14,0.31,0.325,0.31,0.315,336000.0,0.0
02389.HK,2018-11-15,0.325,0.325,0.31,0.315,1626000.0,0.0
02389.HK,2018-11-16,0.315,0.315,0.31,0.315,3198000.0,0.0
02389.HK,2018-11-19,0.315,0.32,0.31,0.31,4056000.0,0.0
02389.HK,2018-11-20,0.305,0.31,0.3,0.305,2910000.0,0.0
02389.HK,2018-11-21,0.3,0.3,0.295,0.3,2820000.0,0.0
02389.HK,2018-11-22,0.295,0.3,0.285,0.29,4230000.0,0.0
02389.HK,2018-11-23,0.285,0.285,0.275,0.28,1476000.0,0.0
02389.HK,2018-11-26,0.27,0.305,0.265,0.27,13896000.0,0.0
02389.HK,2018-11-27,0.27,0.29,0.255,0.26,8754000.0,0.0
02389.HK,2018-11-28,0.26,0.265,0.24,0.243,15000000.0,0.0
02389.HK,2018-11-29,0.248,0.248,0.22,0.226,36605200.0,0.0
02389.HK,2018-11-30,0.231,0.232,0.219,0.222,50964000.0,0.0
02389.HK,2018-12-03,0.226,0.243,0.226,0.234,6672000.0,0.0
02389.HK,2018-12-04,0.239,0.25,0.224,0.233,12642000.0,0.0
02389.HK,2018-12-05,0.233,0.238,0.228,0.232,18060000.0,0.0
02389.HK,2018-12-06,0.231,0.235,0.226,0.229,13272000.0,0.0
02389.HK,2018-12-07,0.232,0.236,0.228,0.228,6438000.0,0.0
02389.HK,2018-12-10,0.231,0.234,0.227,0.23,6690000.0,0.0
02389.HK,2018-12-11,0.23,0.238,0.229,0.232,4818000.0,0.0
02389.HK,2018-12-12,0.232,0.235,0.231,0.233,4512000.0,0.0
02389.HK,2018-12-13,0.234,0.237,0.229,0.231,11658000.0,0.0
02389.HK,2018-12-14,0.232,0.232,0.227,0.23,4266000.0,0.0
02389.HK,2018-12-17,0.232,0.235,0.23,0.233,7644000.0,0.0
02389.HK,2018-12-18,0.235,0.235,0.225,0.226,7392000.0,0.0
02389.HK,2018-12-19,0.229,0.233,0.226,0.23,2182000.0,0.0
02389.HK,2018-12-20,0.23,0.234,0.23,0.233,1380000.0,0.0
02389.HK,2018-12-21,0.233,0.234,0.227,0.234,8601564.0,0.0
02389.HK,2018-12-24,0.234,0.234,0.228,0.232,2892000.0,0.0
02389.HK,2018-12-27,0.228,0.238,0.228,0.23,4618800.0,0.0
02389.HK,2018-12-28,0.227,0.236,0.227,0.23,8816520.0,0.0
02389.HK,2018-12-31,0.236,0.236,0.227,0.231,2796000.0,0.0
02389.HK,2019-01-02,0.232,0.242,0.232,0.236,17038000.0,0.0
02389.HK,2019-01-03,0.238,0.246,0.236,0.238,6474000.0,0.0
02389.HK,2019-01-04,0.238,0.245,0.231,0.239,1026000.0,0.0
02389.HK,2019-01-07,0.243,0.243,0.234,0.241,4092000.0,0.0
02389.HK,2019-01-08,0.235,0.241,0.227,0.229,2340000.0,0.0
02389.HK,2019-01-09,0.23,0.238,0.23,0.235,1566000.0,0.0
02389.HK,2019-01-10,0.235,0.239,0.232,0.234,2142000.0,0.0
02389.HK,2019-01-11,0.234,0.234,0.23,0.232,264000.0,0.0
02389.HK,2019-01-14,0.233,0.233,0.228,0.228,2516000.0,0.0
02389.HK,2019-01-15,0.227,0.233,0.227,0.232,1080000.0,0.0
02389.HK,2019-01-16,0.228,0.232,0.228,0.232,204000.0,0.0
02389.HK,2019-01-17,0.233,0.242,0.23,0.234,3042000.0,0.0
02389.HK,2019-01-18,0.24,0.24,0.234,0.238,600000.0,0.0
02389.HK,2019-01-21,0.234,0.235,0.233,0.234,627354.0,0.0
02389.HK,2019-01-22,0.234,0.24,0.232,0.232,336000.0,0.0
02389.HK,2019-01-23,0.235,0.235,0.228,0.23,396000.0,0.0
02389.HK,2019-01-24,0.23,0.235,0.229,0.23,984000.0,0.0
02389.HK,2019-01-25,0.234,0.234,0.227,0.227,114000.0,0.0
02389.HK,2019-01-28,0.234,0.27,0.22,0.27,11064000.0,0.0
02389.HK,2019-01-29,0.255,0.26,0.246,0.255,2892000.0,0.0
02389.HK,2019-01-30,0.25,0.25,0.243,0.244,606000.0,0.0
02389.HK,2019-01-31,0.245,0.247,0.244,0.244,606000.0,0.0
02389.HK,2019-02-01,0.24,0.244,0.237,0.241,684000.0,0.0
02389.HK,2019-02-04,0.247,0.247,0.239,0.244,258000.0,0.0
02389.HK,2019-02-08,0.237,0.25,0.237,0.24,264000.0,0.0
02389.HK,2019-02-11,0.25,0.25,0.241,0.247,390000.0,0.0
02389.HK,2019-02-12,0.241,0.247,0.241,0.244,1416000.0,0.0
02389.HK,2019-02-13,0.249,0.249,0.235,0.244,2202000.0,0.0
02389.HK,2019-02-14,0.25,0.25,0.239,0.246,1632000.0,0.0
02389.HK,2019-02-15,0.24,0.248,0.239,0.245,1824000.0,0.0
02389.HK,2019-02-18,0.255,0.255,0.242,0.246,2586000.0,0.0
02389.HK,2019-02-19,0.25,0.255,0.247,0.248,2743680.0,0.0
02389.HK,2019-02-20,0.255,0.255,0.246,0.255,318000.0,0.0
02389.HK,2019-02-21,0.255,0.255,0.246,0.25,2142000.0,0.0
02389.HK,2019-02-22,0.25,0.255,0.24,0.255,3168000.0,0.0
02389.HK,2019-02-25,0.255,0.26,0.249,0.26,4290000.0,0.0
02389.HK,2019-02-26,0.26,0.265,0.255,0.26,2670000.0,0.0
02389.HK,2019-02-27,0.26,0.26,0.25,0.255,3096000.0,0.0
02389.HK,2019-02-28,0.248,0.248,0.235,0.239,10356000.0,0.0
02389.HK,2019-03-01,0.24,0.25,0.239,0.247,1656000.0,0.0
02389.HK,2019-03-04,0.241,0.247,0.24,0.246,732000.0,0.0
02389.HK,2019-03-05,0.24,0.247,0.24,0.241,1572000.0,0.0
02389.HK,2019-03-06,0.244,0.244,0.241,0.242,2448000.0,0.0
02389.HK,2019-03-07,0.244,0.246,0.239,0.242,366000.0,0.0
02389.HK,2019-03-08,0.245,0.245,0.24,0.245,132000.0,0.0
02389.HK,2019-03-11,0.238,0.243,0.235,0.24,2088000.0,0.0
02389.HK,2019-03-12,0.24,0.246,0.233,0.246,3096000.0,0.0
02389.HK,2019-03-13,0.239,0.24,0.235,0.237,3846000.0,0.0
02389.HK,2019-03-14,0.234,0.237,0.234,0.237,633700.0,0.0
02389.HK,2019-03-15,0.233,0.24,0.223,0.225,3180000.0,0.0
02389.HK,2019-03-18,0.224,0.231,0.206,0.22,12300000.0,0.0
02389.HK,2019-03-19,0.22,0.225,0.215,0.215,3642225.0,0.0
02389.HK,2019-03-20,0.218,0.224,0.21,0.22,2646000.0,0.0
02389.HK,2019-03-21,0.22,0.22,0.2,0.21,8706000.0,0.0
02389.HK,2019-03-22,0.213,0.22,0.205,0.22,2218000.0,0.0
02389.HK,2019-03-25,0.22,0.235,0.21,0.228,8520000.0,0.0
02389.HK,2019-03-26,0.228,0.231,0.228,0.23,294000.0,0.0
02389.HK,2019-03-27,0.23,0.231,0.22,0.228,1080000.0,0.0
02389.HK,2019-03-28,0.229,0.232,0.228,0.23,504000.0,0.0
02389.HK,2019-03-29,0.23,0.236,0.228,0.23,2316000.0,0.0
02389.HK,2019-04-01,0.228,0.24,0.223,0.231,10458000.0,0.0
02389.HK,2019-04-02,0.234,0.244,0.23,0.242,6378000.0,0.0
02389.HK,2019-04-03,0.243,0.255,0.237,0.25,11567096.0,0.0
02389.HK,2019-04-04,0.255,0.255,0.245,0.255,14088000.0,0.0
02389.HK,2019-04-08,0.25,0.255,0.248,0.25,2916000.0,0.0
02389.HK,2019-04-09,0.249,0.255,0.247,0.255,2322000.0,0.0
02389.HK,2019-04-10,0.255,0.26,0.25,0.26,4812000.0,0.0
02389.HK,2019-04-11,0.255,0.26,0.25,0.255,4680000.0,0.0
02389.HK,2019-04-12,0.25,0.26,0.25,0.255,3588000.0,0.0
02389.HK,2019-04-15,0.255,0.255,0.243,0.245,3372000.0,0.0
02389.HK,2019-04-16,0.243,0.255,0.24,0.25,6072000.0,0.0
02389.HK,2019-04-17,0.25,0.255,0.246,0.249,1092000.0,0.0
02389.HK,2019-04-18,0.244,0.25,0.24,0.25,2754000.0,0.0
02389.HK,2019-04-23,0.248,0.249,0.244,0.249,990000.0,0.0
02389.HK,2019-04-24,0.249,0.249,0.241,0.249,168000.0,0.0
02389.HK,2019-04-25,0.249,0.249,0.244,0.249,11610000.0,0.0
02389.HK,2019-04-26,0.242,0.246,0.242,0.246,720000.0,0.0
02389.HK,2019-04-29,0.246,0.25,0.242,0.248,5850000.0,0.0
02389.HK,2019-04-30,0.242,0.246,0.232,0.244,2094000.0,0.0
02389.HK,2019-05-02,0.244,0.246,0.235,0.246,888000.0,0.0
02389.HK,2019-05-03,0.245,0.248,0.237,0.246,4104000.0,0.0
02389.HK,2019-05-06,0.245,0.245,0.235,0.239,348000.0,0.0
02389.HK,2019-05-07,0.238,0.238,0.23,0.237,4158000.0,0.0
02389.HK,2019-05-08,0.237,0.24,0.23,0.236,2664000.0,0.0
02389.HK,2019-05-09,0.23,0.236,0.226,0.236,2214000.0,0.0
02389.HK,2019-05-10,0.229,0.237,0.228,0.232,2772000.0,0.0
02389.HK,2019-05-14,0.234,0.234,0.22,0.234,756000.0,0.0
02389.HK,2019-05-15,0.25,0.285,0.249,0.275,189816000.0,0.0
02389.HK,2019-05-16,0.27,0.275,0.255,0.26,30198000.0,0.0
02389.HK,2019-05-17,0.26,0.26,0.23,0.236,45570000.0,0.0
02389.HK,2019-05-20,0.236,0.236,0.221,0.229,7032000.0,0.0
02389.HK,2019-05-21,0.225,0.23,0.224,0.227,4362000.0,0.0
02389.HK,2019-05-22,0.224,0.234,0.222,0.234,3168000.0,0.0
02389.HK,2019-05-23,0.23,0.234,0.224,0.225,10836000.0,0.0
02389.HK,2019-05-24,0.224,0.229,0.215,0.219,3840000.0,0.0
02389.HK,2019-05-27,0.219,0.231,0.219,0.228,3186000.0,0.0
02389.HK,2019-05-28,0.221,0.23,0.221,0.229,780000.0,0.0
02389.HK,2019-05-29,0.225,0.235,0.225,0.23,2010000.0,0.0
02389.HK,2019-05-30,0.234,0.238,0.231,0.235,2622000.0,0.0
02389.HK,2019-05-31,0.233,0.239,0.233,0.238,822520.0,0.0
02389.HK,2019-06-03,0.235,0.241,0.232,0.237,9654000.0,0.0
02389.HK,2019-06-04,0.233,0.236,0.229,0.235,3276000.0,0.0
02389.HK,2019-06-05,0.235,0.238,0.23,0.238,10542000.0,0.0
02389.HK,2019-06-06,0.233,0.24,0.233,0.236,3672000.0,0.0
02389.HK,2019-06-10,0.239,0.242,0.237,0.24,4368000.0,0.0
02389.HK,2019-06-11,0.24,0.24,0.232,0.237,7722000.0,0.0
02389.HK,2019-06-12,0.234,0.24,0.234,0.237,7002000.0,0.0
02389.HK,2019-06-13,0.239,0.242,0.237,0.241,6818000.0,0.0
02389.HK,2019-06-14,0.238,0.24,0.234,0.24,7020000.0,0.0
02389.HK,2019-06-17,0.24,0.24,0.237,0.24,726000.0,0.0
02389.HK,2019-06-18,0.239,0.24,0.237,0.237,2526000.0,0.0
02389.HK,2019-06-19,0.237,0.24,0.236,0.239,2112000.0,0.0
02389.HK,2019-06-20,0.238,0.24,0.238,0.239,1428000.0,0.0
02389.HK,2019-06-21,0.239,0.243,0.231,0.243,13458000.0,0.0
02389.HK,2019-06-24,0.237,0.243,0.235,0.24,9744000.0,0.0
02389.HK,2019-06-25,0.238,0.242,0.235,0.24,6996000.0,0.0
02389.HK,2019-06-26,0.239,0.242,0.237,0.241,2688000.0,0.0
02389.HK,2019-06-27,0.239,0.242,0.238,0.241,2862000.0,0.0
02389.HK,2019-06-28,0.239,0.242,0.239,0.241,4638000.0,0.0
02389.HK,2019-07-02,0.239,0.24,0.239,0.24,4032000.0,0.0
02389.HK,2019-07-03,0.238,0.241,0.238,0.241,4230000.0,0.0
02389.HK,2019-07-04,0.239,0.241,0.239,0.239,2418000.0,0.0
02389.HK,2019-07-05,0.235,0.244,0.235,0.242,2556000.0,0.0
02389.HK,2019-07-08,0.238,0.243,0.235,0.241,15354000.0,0.0
02389.HK,2019-07-09,0.238,0.242,0.238,0.24,2490000.0,0.0
02389.HK,2019-07-10,0.239,0.242,0.239,0.24,1854000.0,0.0
02389.HK,2019-07-11,0.239,0.242,0.239,0.241,1398000.0,0.0
02389.HK,2019-07-12,0.248,0.248,0.24,0.241,2958000.0,0.0
02389.HK,2019-07-15,0.241,0.244,0.241,0.243,2088000.0,0.0
02389.HK,2019-07-16,0.242,0.243,0.241,0.243,1692000.0,0.0
02389.HK,2019-07-17,0.242,0.243,0.239,0.241,1128000.0,0.0
02389.HK,2019-07-18,0.242,0.243,0.24,0.24,3210060.0,0.0
02389.HK,2019-07-19,0.242,0.243,0.24,0.242,2574000.0,0.0
02389.HK,2019-07-22,0.242,0.242,0.239,0.241,4020000.0,0.0
02389.HK,2019-07-23,0.24,0.242,0.238,0.238,4302000.0,0.0
02389.HK,2019-07-24,0.242,0.243,0.242,0.242,2754000.0,0.0
02389.HK,2019-07-25,0.242,0.243,0.238,0.242,4254000.0,0.0
02389.HK,2019-07-26,0.243,0.243,0.24,0.243,1020000.0,0.0
02389.HK,2019-07-29,0.242,0.242,0.239,0.242,2898000.0,0.0
02389.HK,2019-07-30,0.242,0.242,0.24,0.242,3042000.0,0.0
02389.HK,2019-07-31,0.245,0.245,0.24,0.243,1212000.0,0.0
02389.HK,2019-08-01,0.243,0.243,0.241,0.243,774000.0,0.0
02389.HK,2019-08-02,0.242,0.243,0.239,0.239,2766000.0,0.0
02389.HK,2019-08-05,0.241,0.241,0.23,0.23,978000.0,0.0
02389.HK,2019-08-06,0.23,0.23,0.225,0.23,624000.0,0.0
02389.HK,2019-08-07,0.227,0.241,0.227,0.239,2406000.0,0.0
02389.HK,2019-08-08,0.24,0.243,0.238,0.242,4674000.0,0.0
02389.HK,2019-08-09,0.239,0.242,0.236,0.237,1860000.0,0.0
02389.HK,2019-08-12,0.232,0.246,0.232,0.246,9108000.0,0.0
02389.HK,2019-08-13,0.245,0.246,0.234,0.245,11538000.0,0.0
02389.HK,2019-08-14,0.245,0.246,0.241,0.244,4584000.0,0.0
02389.HK,2019-08-15,0.243,0.245,0.235,0.245,10902000.0,0.0
02389.HK,2019-08-16,0.247,0.247,0.237,0.238,5670000.0,0.0
02389.HK,2019-08-19,0.242,0.243,0.235,0.243,8184000.0,0.0
02389.HK,2019-08-20,0.243,0.244,0.239,0.244,6714000.0,0.0
02389.HK,2019-08-21,0.243,0.249,0.237,0.242,16086000.0,0.0
02389.HK,2019-08-22,0.245,0.246,0.241,0.246,8868000.0,0.0
02389.HK,2019-08-23,0.248,0.248,0.24,0.245,5604000.0,0.0
02389.HK,2019-08-26,0.24,0.245,0.238,0.243,4086000.0,0.0
02389.HK,2019-08-27,0.247,0.247,0.242,0.244,2310000.0,0.0
02389.HK,2019-08-28,0.246,0.246,0.242,0.246,1224000.0,0.0
02389.HK,2019-08-29,0.245,0.246,0.241,0.244,3390000.0,0.0
02389.HK,2019-08-30,0.248,0.248,0.242,0.243,1836000.0,0.0
02389.HK,2019-09-02,0.243,0.246,0.241,0.245,6102000.0,0.0
02389.HK,2019-09-03,0.245,0.246,0.242,0.244,5157841.0,0.0
02389.HK,2019-09-04,0.243,0.246,0.243,0.245,6084000.0,0.0
02389.HK,2019-09-05,0.245,0.246,0.243,0.245,1938000.0,0.0
02389.HK,2019-09-06,0.245,0.246,0.243,0.246,2712000.0,0.0
02389.HK,2019-09-09,0.243,0.246,0.243,0.246,1836000.0,0.0
02389.HK,2019-09-10,0.245,0.246,0.243,0.245,1236000.0,0.0
02389.HK,2019-09-11,0.245,0.246,0.243,0.246,2142000.0,0.0
02389.HK,2019-09-12,0.244,0.246,0.243,0.244,1872000.0,0.0
02389.HK,2019-09-13,0.243,0.246,0.243,0.245,1500000.0,0.0
02389.HK,2019-09-16,0.245,0.247,0.245,0.245,1428000.0,0.0
02389.HK,2019-09-17,0.245,0.247,0.244,0.247,246000.0,0.0
02389.HK,2019-09-18,0.245,0.246,0.243,0.245,1710000.0,0.0
02389.HK,2019-09-19,0.245,0.247,0.243,0.246,996000.0,0.0
02389.HK,2019-09-20,0.245,0.275,0.244,0.275,10458000.0,0.0
02389.HK,2019-09-23,0.275,0.275,0.26,0.27,2832000.0,0.0
02389.HK,2019-09-24,0.265,0.27,0.265,0.27,342000.0,0.0
02389.HK,2019-09-25,0.26,0.26,0.25,0.26,3318000.0,0.0
02389.HK,2019-09-26,0.25,0.265,0.25,0.26,2892000.0,0.0
02389.HK,2019-09-27,0.26,0.265,0.26,0.26,792000.0,0.0
02389.HK,2019-09-30,0.255,0.265,0.255,0.26,2964000.0,0.0
02389.HK,2019-10-02,0.255,0.265,0.25,0.26,1002000.0,0.0
02389.HK,2019-10-03,0.255,0.26,0.255,0.255,816000.0,0.0
02389.HK,2019-10-04,0.255,0.26,0.247,0.249,4368000.0,0.0
02389.HK,2019-10-08,0.25,0.255,0.245,0.248,2448000.0,0.0
02389.HK,2019-10-09,0.248,0.255,0.245,0.248,7190000.0,0.0
02389.HK,2019-10-10,0.248,0.255,0.248,0.255,1338000.0,0.0
02389.HK,2019-10-11,0.255,0.255,0.25,0.255,1134000.0,0.0
02389.HK,2019-10-14,0.25,0.255,0.249,0.25,948000.0,0.0
02389.HK,2019-10-15,0.249,0.255,0.249,0.255,324000.0,0.0
02389.HK,2019-10-16,0.25,0.255,0.25,0.25,318000.0,0.0
02389.HK,2019-10-17,0.25,0.255,0.25,0.25,192000.0,0.0
02389.HK,2019-10-18,0.25,0.255,0.248,0.25,1378000.0,0.0
02389.HK,2019-10-21,0.25,0.255,0.244,0.244,660000.0,0.0
02389.HK,2019-10-22,0.246,0.25,0.246,0.249,1794000.0,0.0
02389.HK,2019-10-23,0.25,0.255,0.25,0.25,192000.0,0.0
02389.HK,2019-10-24,0.25,0.255,0.246,0.255,2334000.0,0.0
02389.HK,2019-10-25,0.255,0.255,0.247,0.247,42000.0,0.0
02389.HK,2019-10-28,0.247,0.247,0.245,0.247,228000.0,0.0
02389.HK,2019-10-29,0.247,0.249,0.246,0.246,18000.0,0.0
02389.HK,2019-10-30,0.246,0.25,0.24,0.246,1746000.0,0.0
02389.HK,2019-10-31,0.245,0.247,0.245,0.245,612000.0,0.0
02389.HK,2019-11-01,0.244,0.245,0.24,0.24,732000.0,0.0
02389.HK,2019-11-04,0.24,0.244,0.24,0.243,342000.0,0.0
02389.HK,2019-11-05,0.243,0.246,0.24,0.24,156000.0,0.0
02389.HK,2019-11-06,0.24,0.246,0.237,0.244,1056000.0,0.0
02389.HK,2019-11-07,0.244,0.246,0.24,0.24,354000.0,0.0
02389.HK,2019-11-08,0.246,0.246,0.246,0.246,6000.0,0.0
02389.HK,2019-11-11,0.24,0.24,0.236,0.238,186000.0,0.0
02389.HK,2019-11-12,0.235,0.246,0.234,0.245,588000.0,0.0
02389.HK,2019-11-13,0.243,0.244,0.239,0.239,78000.0,0.0
02389.HK,2019-11-14,0.235,0.238,0.235,0.237,84000.0,0.0
02389.HK,2019-11-15,0.235,0.239,0.231,0.237,1014000.0,0.0
02389.HK,2019-11-18,0.233,0.244,0.23,0.23,642000.0,0.0
02389.HK,2019-11-19,0.228,0.235,0.228,0.23,1254000.0,0.0
02389.HK,2019-11-20,0.231,0.231,0.229,0.229,690000.0,0.0
02389.HK,2019-11-21,0.229,0.229,0.229,0.229,102000.0,0.0
02389.HK,2019-11-22,0.225,0.226,0.221,0.225,1296000.0,0.0
02389.HK,2019-11-25,0.225,0.228,0.223,0.225,696000.0,0.0
02389.HK,2019-11-26,0.221,0.226,0.216,0.223,1602000.0,0.0
02389.HK,2019-11-27,0.225,0.225,0.198,0.218,2658000.0,0.0
02389.HK,2019-11-28,0.206,0.217,0.206,0.208,282000.0,0.0
02389.HK,2019-11-29,0.208,0.208,0.199,0.202,1272000.0,0.0
02389.HK,2019-12-02,0.2,0.2,0.19,0.195,744000.0,0.0
02389.HK,2019-12-03,0.195,0.195,0.195,0.195,42000.0,0.0
02389.HK,2019-12-04,0.195,0.198,0.195,0.196,306000.0,0.0
02389.HK,2019-12-05,0.196,0.196,0.19,0.191,426000.0,0.0
02389.HK,2019-12-06,0.192,0.193,0.19,0.19,462000.0,0.0
02389.HK,2019-12-09,0.19,0.19,0.18,0.183,1296000.0,0.0
02389.HK,2019-12-10,0.185,0.185,0.178,0.181,792000.0,0.0
02389.HK,2019-12-11,0.18,0.186,0.18,0.18,132000.0,0.0
02389.HK,2019-12-12,0.181,0.194,0.166,0.172,4968000.0,0.0
02389.HK,2019-12-13,0.177,0.177,0.17,0.175,1008000.0,0.0
02389.HK,2019-12-16,0.175,0.178,0.175,0.175,372000.0,0.0
02389.HK,2019-12-17,0.172,0.175,0.168,0.17,810000.0,0.0
02389.HK,2019-12-18,0.17,0.18,0.17,0.177,3954000.0,0.0
02389.HK,2019-12-19,0.185,0.185,0.175,0.177,858000.0,0.0
02389.HK,2019-12-20,0.177,0.177,0.17,0.17,4614000.0,0.0
02389.HK,2019-12-23,0.161,0.168,0.16,0.168,1326000.0,0.0
02389.HK,2019-12-24,0.165,0.165,0.161,0.161,156000.0,0.0
02389.HK,2019-12-27,0.161,0.161,0.15,0.153,2710000.0,0.0
02389.HK,2019-12-30,0.15,0.16,0.149,0.151,5510000.0,0.0
02389.HK,2019-12-31,0.15,0.153,0.144,0.15,156000.0,0.0
02389.HK,2020-01-02,0.15,0.155,0.15,0.155,447000.0,0.0
02389.HK,2020-01-03,0.15,0.155,0.15,0.155,876000.0,0.0
02389.HK,2020-01-06,0.151,0.154,0.151,0.151,888000.0,0.0
02389.HK,2020-01-07,0.15,0.151,0.145,0.146,246000.0,0.0
02389.HK,2020-01-08,0.145,0.159,0.145,0.159,399000.0,0.0
02389.HK,2020-01-09,0.159,0.159,0.157,0.159,1878000.0,0.0
02389.HK,2020-01-10,0.152,0.155,0.152,0.154,222000.0,0.0
02389.HK,2020-01-13,0.152,0.152,0.149,0.151,1290000.0,0.0
02389.HK,2020-01-14,0.148,0.149,0.146,0.146,462000.0,0.0
02389.HK,2020-01-15,0.15,0.15,0.148,0.149,468000.0,0.0
02389.HK,2020-01-16,0.15,0.153,0.15,0.152,1740000.0,0.0
02389.HK,2020-01-17,0.15,0.151,0.148,0.148,1170000.0,0.0
02389.HK,2020-01-20,0.151,0.161,0.15,0.158,2334000.0,0.0
02389.HK,2020-01-21,0.155,0.155,0.145,0.146,1200000.0,0.0
02389.HK,2020-01-22,0.149,0.16,0.146,0.15,3498000.0,0.0
02389.HK,2020-01-23,0.15,0.158,0.147,0.151,1128000.0,0.0
02389.HK,2020-01-24,0.151,0.18,0.151,0.164,2442000.0,0.0
02389.HK,2020-01-29,0.164,0.174,0.155,0.158,1194580.0,0.0
02389.HK,2020-01-30,0.156,0.18,0.146,0.166,7392000.0,0.0
02389.HK,2020-01-31,0.17,0.242,0.162,0.175,60834000.0,0.0
02389.HK,2020-02-03,0.175,0.188,0.164,0.166,10842000.0,0.0
02389.HK,2020-02-04,0.166,0.166,0.152,0.158,5232000.0,0.0
02389.HK,2020-02-05,0.152,0.158,0.15,0.15,3450000.0,0.0
02389.HK,2020-02-06,0.15,0.157,0.144,0.148,4830000.0,0.0
02389.HK,2020-02-07,0.145,0.152,0.143,0.15,420000.0,0.0
02389.HK,2020-02-10,0.147,0.153,0.147,0.15,444000.0,0.0
02389.HK,2020-02-11,0.15,0.154,0.149,0.154,192000.0,0.0
02389.HK,2020-02-12,0.15,0.154,0.15,0.154,84000.0,0.0
02389.HK,2020-02-13,0.149,0.154,0.147,0.15,810000.0,0.0
02389.HK,2020-02-14,0.152,0.161,0.151,0.151,1296000.0,0.0
02389.HK,2020-02-17,0.151,0.157,0.151,0.154,2922000.0,0.0
02389.HK,2020-02-18,0.154,0.156,0.152,0.152,630000.0,0.0
02389.HK,2020-02-19,0.152,0.152,0.152,0.152,24000.0,0.0
02389.HK,2020-02-20,0.148,0.152,0.147,0.149,300000.0,0.0
02389.HK,2020-02-21,0.152,0.152,0.147,0.147,1332000.0,0.0
02389.HK,2020-02-24,0.147,0.152,0.146,0.149,1164000.0,0.0
02389.HK,2020-02-25,0.148,0.15,0.145,0.146,1986000.0,0.0
02389.HK,2020-02-26,0.147,0.152,0.146,0.15,1158000.0,0.0
02389.HK,2020-02-27,0.149,0.153,0.146,0.147,864000.0,0.0
02389.HK,2020-02-28,0.145,0.15,0.132,0.15,1068000.0,0.0
02389.HK,2020-03-02,0.141,0.148,0.135,0.148,2028000.0,0.0
02389.HK,2020-03-03,0.153,0.157,0.141,0.155,3612000.0,0.0
02389.HK,2020-03-04,0.155,0.16,0.152,0.158,844200.0,0.0
02389.HK,2020-03-05,0.152,0.158,0.152,0.153,564000.0,0.0
02389.HK,2020-03-06,0.152,0.157,0.152,0.156,240000.0,0.0
02389.HK,2020-03-09,0.147,0.152,0.145,0.152,2136000.0,0.0
02389.HK,2020-03-10,0.146,0.154,0.145,0.146,318000.0,0.0
02389.HK,2020-03-11,0.146,0.154,0.144,0.15,1500000.0,0.0
02389.HK,2020-03-12,0.149,0.149,0.135,0.146,2148000.0,0.0
02389.HK,2020-03-13,0.136,0.155,0.131,0.15,2898000.0,0.0
02389.HK,2020-03-16,0.155,0.155,0.135,0.15,1584000.0,0.0
02389.HK,2020-03-17,0.15,0.15,0.144,0.148,720000.0,0.0
02389.HK,2020-03-18,0.153,0.153,0.147,0.15,1788000.0,0.0
02389.HK,2020-03-19,0.15,0.15,0.14,0.14,42000.0,0.0
02389.HK,2020-03-20,0.14,0.151,0.137,0.147,22650000.0,0.0
02389.HK,2020-03-23,0.142,0.151,0.141,0.147,3432000.0,0.0
02389.HK,2020-03-24,0.145,0.149,0.137,0.146,4164000.0,0.0
02389.HK,2020-03-25,0.145,0.148,0.14,0.147,3900000.0,0.0
02389.HK,2020-03-26,0.147,0.15,0.142,0.143,4506000.0,0.0
02389.HK,2020-03-27,0.146,0.15,0.145,0.147,2028000.0,0.0
02389.HK,2020-03-30,0.148,0.151,0.148,0.151,66000.0,0.0
02389.HK,2020-03-31,0.15,0.152,0.148,0.148,1794000.0,0.0
02389.HK,2020-04-01,0.146,0.152,0.142,0.146,2964000.0,0.0
02389.HK,2020-04-02,0.152,0.152,0.149,0.15,2862000.0,0.0
02389.HK,2020-04-03,0.149,0.15,0.143,0.149,1458000.0,0.0
02389.HK,2020-04-06,0.152,0.152,0.147,0.15,1050000.0,0.0
02389.HK,2020-04-07,0.15,0.151,0.15,0.15,2286000.0,0.0
02389.HK,2020-04-08,0.15,0.153,0.149,0.151,1068000.0,0.0
02389.HK,2020-04-09,0.15,0.151,0.15,0.15,1248000.0,0.0
02389.HK,2020-04-14,0.146,0.151,0.146,0.151,2456000.0,0.0
02389.HK,2020-04-15,0.149,0.151,0.144,0.149,2028000.0,0.0
02389.HK,2020-04-16,0.145,0.151,0.141,0.148,4950000.0,0.0
02389.HK,2020-04-17,0.149,0.151,0.145,0.15,6024000.0,0.0
02389.HK,2020-04-20,0.15,0.15,0.142,0.147,4608000.0,0.0
02389.HK,2020-04-21,0.147,0.147,0.147,0.147,0.0,0.0
02389.HK,2020-04-22,0.147,0.147,0.147,0.147,0.0,0.0
02389.HK,2020-04-23,0.151,0.151,0.144,0.144,3906000.0,0.0
02389.HK,2020-04-24,0.145,0.145,0.143,0.144,318000.0,0.0
02389.HK,2020-04-27,0.142,0.148,0.139,0.145,2280000.0,0.0
02389.HK,2020-04-28,0.141,0.147,0.14,0.147,1698000.0,0.0
02389.HK,2020-04-29,0.147,0.147,0.145,0.145,66000.0,0.0
02389.HK,2020-05-04,0.143,0.143,0.141,0.142,294000.0,0.0
02389.HK,2020-05-05,0.141,0.143,0.131,0.131,3282000.0,0.0
02389.HK,2020-05-06,0.132,0.138,0.129,0.135,3198000.0,0.0
02389.HK,2020-05-07,0.135,0.135,0.135,0.135,0.0,0.0
02389.HK,2020-05-08,0.135,0.135,0.135,0.135,0.0,0.0
02389.HK,2020-05-11,0.135,0.135,0.123,0.133,630000.0,0.0
02389.HK,2020-05-12,0.133,0.133,0.133,0.133,0.0,0.0
02389.HK,2020-05-13,0.133,0.133,0.13,0.131,396000.0,0.0
02389.HK,2020-05-14,0.131,0.131,0.131,0.131,0.0,0.0
02389.HK,2020-05-15,0.13,0.13,0.13,0.13,0.0,0.0
02389.HK,2020-05-18,0.128,0.128,0.12,0.12,582000.0,0.0
02389.HK,2020-05-19,0.12,0.12,0.105,0.115,4068000.0,0.0
02389.HK,2020-05-20,0.12,0.121,0.109,0.109,1699564.0,0.0
02389.HK,2020-05-21,0.109,0.111,0.106,0.108,3576000.0,0.0
02389.HK,2020-05-22,0.107,0.107,0.085,0.085,12054000.0,0.0
02389.HK,2020-05-25,0.085,0.085,0.076,0.08,3642000.0,0.0
02389.HK,2020-05-26,0.087,0.087,0.074,0.079,10722000.0,0.0
02389.HK,2020-05-27,0.085,0.09,0.077,0.078,4230000.0,0.0
02389.HK,2020-05-28,0.076,0.086,0.076,0.077,7482000.0,0.0
02389.HK,2020-05-29,0.075,0.083,0.074,0.078,4320000.0,0.0
02389.HK,2020-06-01,0.076,0.078,0.071,0.075,3906000.0,0.0
02389.HK,2020-06-02,0.069,0.072,0.062,0.068,9702000.0,0.0
02389.HK,2020-06-03,0.068,0.073,0.067,0.07,8982000.0,0.0
02389.HK,2020-06-04,0.07,0.073,0.068,0.073,2982000.0,0.0
02389.HK,2020-06-05,0.077,0.077,0.068,0.075,1914000.0,0.0
02389.HK,2020-06-08,0.075,0.086,0.074,0.075,3798000.0,0.0
02389.HK,2020-06-09,0.076,0.079,0.068,0.068,19278000.0,0.0
02389.HK,2020-06-10,0.072,0.08,0.069,0.069,13116000.0,0.0
02389.HK,2020-06-11,0.075,0.08,0.068,0.07,10656000.0,0.0
02389.HK,2020-06-12,0.07,0.075,0.07,0.074,1422000.0,0.0
02389.HK,2020-06-15,0.074,0.075,0.073,0.074,1326000.0,0.0
02389.HK,2020-06-16,0.075,0.075,0.071,0.071,9654000.0,0.0
02389.HK,2020-06-17,0.074,0.074,0.07,0.07,28956000.0,0.0
02389.HK,2020-06-18,0.073,0.076,0.071,0.072,29118000.0,0.0
02389.HK,2020-06-19,0.075,0.098,0.074,0.09,22338000.0,0.0
02389.HK,2020-06-22,0.09,0.108,0.089,0.103,31686000.0,0.0
02389.HK,2020-06-23,0.103,0.119,0.095,0.115,26694000.0,0.0
02389.HK,2020-06-24,0.114,0.124,0.111,0.124,15186000.0,0.0
02389.HK,2020-06-26,0.125,0.135,0.109,0.11,7470000.0,0.0
02389.HK,2020-06-29,0.109,0.109,0.098,0.106,8658000.0,0.0
02389.HK,2020-06-30,0.104,0.105,0.1,0.105,2454000.0,0.0
02389.HK,2020-07-02,0.106,0.106,0.102,0.104,1494000.0,0.0
02389.HK,2020-07-03,0.115,0.115,0.105,0.107,1056000.0,0.0
02389.HK,2020-07-06,0.104,0.106,0.1,0.104,1614000.0,0.0
02389.HK,2020-07-07,0.104,0.115,0.104,0.107,3492000.0,0.0
02389.HK,2020-07-08,0.115,0.135,0.115,0.126,16428000.0,0.0
02389.HK,2020-07-09,0.128,0.132,0.12,0.121,9732000.0,0.0
02389.HK,2020-07-10,0.121,0.139,0.121,0.138,20112000.0,0.0
02389.HK,2020-07-13,0.139,0.139,0.131,0.134,5730000.0,0.0
02389.HK,2020-07-14,0.13,0.141,0.129,0.137,12222000.0,0.0
02389.HK,2020-07-15,0.138,0.138,0.132,0.134,5100000.0,0.0
02389.HK,2020-07-16,0.138,0.138,0.128,0.128,1662000.0,0.0
02389.HK,2020-07-17,0.132,0.132,0.128,0.129,522000.0,0.0
02389.HK,2020-07-20,0.127,0.131,0.127,0.131,982000.0,0.0
02389.HK,2020-07-21,0.131,0.136,0.129,0.134,4890000.0,0.0
02389.HK,2020-07-22,0.131,0.133,0.131,0.133,2202000.0,0.0
02389.HK,2020-07-23,0.128,0.13,0.128,0.128,1476000.0,0.0
02389.HK,2020-07-24,0.128,0.129,0.119,0.12,5598000.0,0.0
02389.HK,2020-07-27,0.123,0.126,0.123,0.125,504000.0,0.0
02389.HK,2020-07-28,0.12,0.121,0.108,0.108,9492000.0,0.0
02389.HK,2020-07-29,0.128,0.129,0.11,0.117,966000.0,0.0
02389.HK,2020-07-30,0.115,0.12,0.105,0.108,1364000.0,0.0
02389.HK,2020-07-31,0.114,0.116,0.108,0.111,15156000.0,0.0
02389.HK,2020-08-03,0.105,0.109,0.101,0.108,1878000.0,0.0
02389.HK,2020-08-04,0.108,0.115,0.104,0.109,23748000.0,0.0
02389.HK,2020-08-05,0.112,0.114,0.108,0.11,930000.0,0.0
02389.HK,2020-08-06,0.106,0.11,0.106,0.11,42000.0,0.0
02389.HK,2020-08-07,0.11,0.113,0.109,0.111,186000.0,0.0
02389.HK,2020-08-10,0.112,0.115,0.112,0.114,114100.0,0.0
02389.HK,2020-08-11,0.114,0.115,0.106,0.115,282000.0,0.0
02389.HK,2020-08-12,0.113,0.116,0.113,0.116,746000.0,0.0
02389.HK,2020-08-13,0.109,0.111,0.109,0.111,42000.0,0.0
02389.HK,2020-08-14,0.11,0.11,0.11,0.11,210000.0,0.0
02389.HK,2020-08-17,0.111,0.116,0.111,0.114,966000.0,0.0
02389.HK,2020-08-18,0.114,0.115,0.114,0.115,1050000.0,0.0
02389.HK,2020-08-19,0.115,0.115,0.115,0.115,180000.0,0.0
02389.HK,2020-08-20,0.11,0.117,0.108,0.108,384000.0,0.0
02389.HK,2020-08-21,0.109,0.114,0.107,0.114,1548000.0,0.0
02389.HK,2020-08-24,0.113,0.113,0.103,0.103,66000.0,0.0
02389.HK,2020-08-25,0.109,0.114,0.105,0.107,1140000.0,0.0
02389.HK,2020-08-26,0.109,0.11,0.109,0.11,18000.0,0.0
02389.HK,2020-08-27,0.108,0.111,0.108,0.109,1110000.0,0.0
02389.HK,2020-08-28,0.11,0.11,0.103,0.105,3006000.0,0.0
02389.HK,2020-08-31,0.105,0.11,0.1,0.105,930000.0,0.0
02389.HK,2020-09-01,0.105,0.11,0.1,0.104,1344000.0,0.0
02389.HK,2020-09-02,0.101,0.115,0.101,0.115,5514000.0,0.0
02389.HK,2020-09-03,0.106,0.115,0.094,0.098,20136000.0,0.0
02389.HK,2020-09-04,0.095,0.109,0.095,0.109,8346000.0,0.0
02389.HK,2020-09-07,0.109,0.109,0.101,0.101,28260000.0,0.0
02389.HK,2020-09-08,0.098,0.109,0.097,0.108,10236000.0,0.0
02389.HK,2020-09-09,0.109,0.109,0.102,0.108,27576000.0,0.0
02389.HK,2020-09-10,0.101,0.112,0.101,0.11,29712000.0,0.0
02389.HK,2020-09-11,0.11,0.115,0.105,0.115,6702000.0,0.0
02389.HK,2020-09-14,0.114,0.114,0.109,0.109,870000.0,0.0
02389.HK,2020-09-15,0.114,0.116,0.109,0.11,6540000.0,0.0
02389.HK,2020-09-16,0.113,0.117,0.111,0.114,3840000.0,0.0
02389.HK,2020-09-17,0.109,0.117,0.109,0.116,1386000.0,0.0
02389.HK,2020-09-18,0.116,0.116,0.116,0.116,0.0,0.0
02389.HK,2020-09-21,0.109,0.116,0.108,0.114,4176000.0,0.0
02389.HK,2020-09-22,0.12,0.12,0.109,0.114,3108000.0,0.0
02389.HK,2020-09-23,0.114,0.124,0.112,0.119,9084000.0,0.0
02389.HK,2020-09-24,0.115,0.117,0.115,0.115,594000.0,0.0
02389.HK,2020-09-25,0.116,0.116,0.115,0.115,270000.0,0.0
02389.HK,2020-09-28,0.113,0.113,0.109,0.111,516000.0,0.0
02389.HK,2020-09-29,0.116,0.116,0.115,0.116,1512000.0,0.0
02389.HK,2020-09-30,0.109,0.115,0.109,0.115,318000.0,0.0
02389.HK,2020-10-05,0.114,0.116,0.113,0.115,306000.0,0.0
02389.HK,2020-10-06,0.113,0.119,0.108,0.113,1326000.0,0.0
02389.HK,2020-10-07,0.113,0.113,0.113,0.113,0.0,0.0
02389.HK,2020-10-08,0.105,0.113,0.105,0.113,54000.0,0.0
02389.HK,2020-10-09,0.113,0.113,0.113,0.113,0.0,0.0
02389.HK,2020-10-12,0.106,0.113,0.106,0.11,44310000.0,0.0
02389.HK,2020-10-14,0.111,0.111,0.111,0.111,66000.0,0.0
02389.HK,2020-10-15,0.111,0.111,0.111,0.111,0.0,0.0
02389.HK,2020-10-16,0.11,0.111,0.11,0.111,666000.0,0.0
02389.HK,2020-10-19,0.111,0.12,0.111,0.12,1632000.0,0.0
02389.HK,2020-10-20,0.118,0.118,0.111,0.111,540000.0,0.0
02389.HK,2020-10-21,0.111,0.119,0.111,0.117,1182000.0,0.0
02389.HK,2020-10-22,0.117,0.121,0.117,0.119,540000.0,0.0
02389.HK,2020-10-23,0.119,0.119,0.119,0.119,0.0,0.0
02389.HK,2020-10-27,0.119,0.119,0.119,0.119,0.0,0.0
02389.HK,2020-10-28,0.119,0.119,0.116,0.117,372000.0,0.0
02389.HK,2020-10-29,0.115,0.116,0.115,0.116,222000.0,0.0
02389.HK,2020-10-30,0.117,0.118,0.117,0.117,516000.0,0.0
02389.HK,2020-11-02,0.11,0.12,0.106,0.12,54000.0,0.0
02389.HK,2020-11-03,0.12,0.123,0.118,0.123,1764000.0,0.0
02389.HK,2020-11-04,0.112,0.117,0.112,0.117,504000.0,0.0
02389.HK,2020-11-05,0.119,0.121,0.119,0.121,1590000.0,0.0
02389.HK,2020-11-06,0.112,0.125,0.112,0.125,570000.0,0.0
02389.HK,2020-11-09,0.12,0.126,0.12,0.122,930000.0,0.0
02389.HK,2020-11-10,0.116,0.132,0.116,0.132,3402000.0,0.0
02389.HK,2020-11-11,0.128,0.132,0.124,0.132,2286000.0,0.0
02389.HK,2020-11-12,0.116,0.132,0.116,0.131,432000.0,0.0
02389.HK,2020-11-13,0.131,0.131,0.125,0.131,96000.0,0.0
02389.HK,2020-11-16,0.13,0.131,0.13,0.13,60000.0,0.0
02389.HK,2020-11-17,0.131,0.132,0.117,0.126,72000.0,0.0
02389.HK,2020-11-18,0.126,0.131,0.121,0.121,1290000.0,0.0
02389.HK,2020-11-19,0.13,0.132,0.127,0.127,1032000.0,0.0
02389.HK,2020-11-20,0.127,0.127,0.127,0.127,78000.0,0.0
02389.HK,2020-11-23,0.125,0.125,0.119,0.125,72000.0,0.0
02389.HK,2020-11-24,0.12,0.12,0.117,0.119,1050000.0,0.0
02389.HK,2020-11-25,0.122,0.122,0.122,0.122,18000.0,0.0
02389.HK,2020-11-26,0.121,0.121,0.12,0.12,300000.0,0.0
02389.HK,2020-11-27,0.12,0.12,0.12,0.12,228000.0,0.0
02389.HK,2020-11-30,0.12,0.12,0.12,0.12,60000.0,0.0
02389.HK,2020-12-01,0.118,0.128,0.118,0.12,396000.0,0.0
02389.HK,2020-12-02,0.12,0.131,0.12,0.126,2064000.0,0.0
02389.HK,2020-12-03,0.123,0.124,0.123,0.124,1566000.0,0.0
02389.HK,2020-12-04,0.124,0.126,0.124,0.126,318000.0,0.0
02389.HK,2020-12-07,0.124,0.124,0.124,0.124,66000.0,0.0
02389.HK,2020-12-08,0.124,0.13,0.124,0.124,330000.0,0.0
02389.HK,2020-12-09,0.128,0.13,0.128,0.129,846000.0,0.0
02389.HK,2020-12-10,0.125,0.135,0.125,0.129,2986000.0,0.0
02389.HK,2020-12-11,0.128,0.128,0.126,0.126,1290000.0,0.0
02389.HK,2020-12-14,0.127,0.131,0.127,0.13,252000.0,0.0
02389.HK,2020-12-15,0.125,0.127,0.125,0.127,150000.0,0.0
02389.HK,2020-12-16,0.124,0.125,0.123,0.125,330000.0,0.0
02389.HK,2020-12-17,0.12,0.125,0.12,0.125,258000.0,0.0
02389.HK,2020-12-18,0.125,0.129,0.121,0.129,2628000.0,0.0
02389.HK,2020-12-21,0.13,0.135,0.126,0.135,2586000.0,0.0
02389.HK,2020-12-22,0.131,0.135,0.13,0.135,402000.0,0.0
02389.HK,2020-12-23,0.132,0.135,0.132,0.135,1692000.0,0.0
02389.HK,2020-12-24,0.131,0.131,0.126,0.126,2472000.0,0.0
02389.HK,2020-12-28,0.127,0.135,0.127,0.135,2082000.0,0.0
02389.HK,2020-12-29,0.135,0.135,0.128,0.13,36000.0,0.0
02389.HK,2020-12-30,0.129,0.138,0.129,0.138,330000.0,0.0
02389.HK,2020-12-31,0.139,0.145,0.136,0.145,4482000.0,0.0
02389.HK,2021-01-04,0.143,0.143,0.134,0.134,762000.0,0.0
02389.HK,2021-01-05,0.129,0.13,0.129,0.13,228000.0,0.0
02389.HK,2021-01-06,0.128,0.128,0.128,0.128,12000.0,0.0
02389.HK,2021-01-07,0.128,0.128,0.128,0.128,624000.0,0.0
02389.HK,2021-01-08,0.129,0.129,0.129,0.129,66000.0,0.0
02389.HK,2021-01-11,0.13,0.131,0.13,0.131,630000.0,0.0
02389.HK,2021-01-12,0.131,0.131,0.131,0.131,0.0,0.0
02389.HK,2021-01-13,0.13,0.134,0.13,0.134,1140000.0,0.0
02389.HK,2021-01-14,0.134,0.134,0.13,0.13,138000.0,0.0
02389.HK,2021-01-15,0.129,0.132,0.129,0.13,540000.0,0.0
02389.HK,2021-01-18,0.13,0.138,0.13,0.136,3078000.0,0.0
02389.HK,2021-01-19,0.132,0.135,0.132,0.135,924000.0,0.0
02389.HK,2021-01-20,0.135,0.136,0.135,0.136,924000.0,0.0
02389.HK,2021-01-21,0.132,0.136,0.127,0.136,7962000.0,0.0
02389.HK,2021-01-22,0.13,0.136,0.126,0.131,7260000.0,0.0
02389.HK,2021-01-25,0.131,0.14,0.129,0.133,2574000.0,0.0
02389.HK,2021-01-26,0.133,0.133,0.126,0.126,11532000.0,0.0
02389.HK,2021-01-27,0.129,0.129,0.127,0.129,3168000.0,0.0
02389.HK,2021-01-28,0.128,0.128,0.125,0.125,3262000.0,0.0
02389.HK,2021-01-29,0.124,0.126,0.12,0.124,1398000.0,0.0
02389.HK,2021-02-01,0.124,0.125,0.118,0.122,810000.0,0.0
02389.HK,2021-02-02,0.117,0.123,0.115,0.115,1907000.0,0.0
02389.HK,2021-02-03,0.122,0.123,0.12,0.121,1002000.0,0.0
02389.HK,2021-02-04,0.121,0.121,0.121,0.121,1674000.0,0.0
02389.HK,2021-02-05,0.121,0.121,0.121,0.121,0.0,0.0
02389.HK,2021-02-08,0.119,0.121,0.117,0.12,336000.0,0.0
02389.HK,2021-02-09,0.12,0.121,0.116,0.116,522000.0,0.0
02389.HK,2021-02-10,0.116,0.12,0.116,0.12,2226000.0,0.0
02389.HK,2021-02-11,0.118,0.118,0.112,0.118,510000.0,0.0
02389.HK,2021-02-16,0.128,0.128,0.116,0.117,9198000.0,0.0
02389.HK,2021-02-17,0.116,0.12,0.115,0.118,2328000.0,0.0
02389.HK,2021-02-18,0.119,0.119,0.117,0.117,2598000.0,0.0
02389.HK,2021-02-19,0.115,0.119,0.115,0.119,276000.0,0.0
02389.HK,2021-02-22,0.118,0.119,0.116,0.117,1332000.0,0.0
02389.HK,2021-02-23,0.115,0.116,0.113,0.115,1458000.0,0.0
02389.HK,2021-02-24,0.115,0.115,0.109,0.11,1848000.0,0.0
02389.HK,2021-02-25,0.11,0.112,0.11,0.112,636000.0,0.0
02389.HK,2021-02-26,0.112,0.112,0.112,0.112,0.0,0.0
02389.HK,2021-03-01,0.115,0.115,0.11,0.114,390000.0,0.0
02389.HK,2021-03-02,0.113,0.113,0.113,0.113,228000.0,0.0
02389.HK,2021-03-03,0.112,0.124,0.112,0.122,96000.0,0.0
02389.HK,2021-03-04,0.112,0.115,0.112,0.114,186000.0,0.0
02389.HK,2021-03-05,0.117,0.117,0.112,0.112,168000.0,0.0
02389.HK,2021-03-08,0.113,0.117,0.112,0.117,390000.0,0.0
02389.HK,2021-03-09,0.116,0.117,0.109,0.114,1272000.0,0.0
02389.HK,2021-03-10,0.112,0.112,0.112,0.112,0.0,0.0
02389.HK,2021-03-11,0.114,0.114,0.108,0.109,102000.0,0.0
02389.HK,2021-03-12,0.114,0.115,0.109,0.112,732000.0,0.0
02389.HK,2021-03-15,0.113,0.113,0.109,0.109,570000.0,0.0
02389.HK,2021-03-16,0.112,0.112,0.11,0.111,402000.0,0.0
02389.HK,2021-03-17,0.109,0.113,0.109,0.113,2226000.0,0.0
02389.HK,2021-03-18,0.113,0.124,0.109,0.114,1866000.0,0.0
02389.HK,2021-03-19,0.114,0.114,0.111,0.112,168000.0,0.0
02389.HK,2021-03-22,0.112,0.112,0.112,0.112,0.0,0.0
02389.HK,2021-03-23,0.112,0.112,0.11,0.111,870000.0,0.0
02389.HK,2021-03-24,0.111,0.114,0.109,0.109,222000.0,0.0
02389.HK,2021-03-25,0.11,0.114,0.11,0.114,90000.0,0.0
02389.HK,2021-03-26,0.11,0.11,0.109,0.11,456000.0,0.0
02389.HK,2021-03-29,0.109,0.11,0.106,0.107,1140000.0,0.0
02389.HK,2021-03-30,0.107,0.11,0.102,0.103,1050000.0,0.0
02389.HK,2021-03-31,0.103,0.106,0.103,0.106,24000.0,0.0
02389.HK,2021-04-01,0.106,0.106,0.101,0.106,84000.0,0.0
02389.HK,2021-04-07,0.104,0.104,0.1,0.101,102000.0,0.0
02389.HK,2021-04-08,0.095,0.103,0.095,0.103,2844000.0,0.0
02389.HK,2021-04-09,0.096,0.099,0.096,0.097,756000.0,0.0
02389.HK,2021-04-12,0.097,0.1,0.095,0.098,1440000.0,0.0
02389.HK,2021-04-13,0.098,0.098,0.097,0.097,223000.0,0.0
02389.HK,2021-04-14,0.096,0.099,0.095,0.095,3096000.0,0.0
02389.HK,2021-04-15,0.095,0.095,0.092,0.092,282000.0,0.0
02389.HK,2021-04-16,0.093,0.094,0.092,0.093,984000.0,0.0
02389.HK,2021-04-19,0.09,0.093,0.09,0.09,1798000.0,0.0
02389.HK,2021-04-20,0.093,0.095,0.092,0.092,3510000.0,0.0
02389.HK,2021-04-21,0.095,0.105,0.095,0.105,888000.0,0.0
02389.HK,2021-04-22,0.105,0.11,0.1,0.105,1578000.0,0.0
02389.HK,2021-04-23,0.11,0.12,0.11,0.117,1518000.0,0.0
02389.HK,2021-04-26,0.117,0.12,0.097,0.1,1194000.0,0.0
02389.HK,2021-04-27,0.101,0.112,0.101,0.108,354000.0,0.0
02389.HK,2021-04-28,0.112,0.114,0.112,0.112,138000.0,0.0
02389.HK,2021-04-29,0.112,0.112,0.103,0.103,684000.0,0.0
02389.HK,2021-04-30,0.103,0.103,0.103,0.103,60000.0,0.0
02389.HK,2021-05-03,0.103,0.103,0.103,0.103,0.0,0.0
02389.HK,2021-05-04,0.103,0.114,0.103,0.111,30000.0,0.0
02389.HK,2021-05-05,0.11,0.11,0.11,0.11,0.0,0.0
02389.HK,2021-05-06,0.114,0.114,0.111,0.111,30000.0,0.0
02389.HK,2021-05-07,0.11,0.11,0.1,0.105,421000.0,0.0
02389.HK,2021-05-10,0.106,0.112,0.105,0.11,1041500.0,0.0
02389.HK,2021-05-11,0.114,0.12,0.114,0.117,174000.0,0.0
02389.HK,2021-05-12,0.111,0.119,0.111,0.115,300000.0,0.0
02389.HK,2021-05-13,0.112,0.112,0.112,0.112,318000.0,0.0
02389.HK,2021-05-14,0.122,0.122,0.112,0.112,936000.0,0.0
02389.HK,2021-05-17,0.113,0.113,0.112,0.112,336000.0,0.0
02389.HK,2021-05-18,0.115,0.115,0.113,0.113,390000.0,0.0
02389.HK,2021-05-20,0.113,0.113,0.107,0.111,108000.0,0.0
02389.HK,2021-05-21,0.109,0.114,0.1,0.114,1905500.0,0.0
02389.HK,2021-05-24,0.114,0.114,0.112,0.112,24000.0,0.0
02389.HK,2021-05-25,0.112,0.112,0.112,0.112,132000.0,0.0
02389.HK,2021-05-26,0.117,0.117,0.114,0.114,246000.0,0.0
02389.HK,2021-05-27,0.115,0.115,0.114,0.114,546000.0,0.0
02389.HK,2021-05-28,0.108,0.111,0.103,0.106,348000.0,0.0
02389.HK,2021-05-31,0.106,0.106,0.105,0.105,144000.0,0.0
02389.HK,2021-06-01,0.104,0.11,0.104,0.11,606000.0,0.0
02389.HK,2021-06-02,0.11,0.11,0.11,0.11,0.0,0.0
02389.HK,2021-06-03,0.11,0.11,0.106,0.107,858000.0,0.0
02389.HK,2021-06-04,0.106,0.116,0.106,0.113,876000.0,0.0
02389.HK,2021-06-07,0.112,0.112,0.112,0.112,0.0,0.0
02389.HK,2021-06-08,0.114,0.115,0.107,0.111,756000.0,0.0
02389.HK,2021-06-09,0.11,0.11,0.107,0.109,3042000.0,0.0
02389.HK,2021-06-10,0.11,0.115,0.11,0.112,174000.0,0.0
02389.HK,2021-06-11,0.113,0.113,0.109,0.109,534000.0,0.0
02389.HK,2021-06-15,0.109,0.112,0.108,0.111,822000.0,0.0
02389.HK,2021-06-16,0.109,0.11,0.108,0.11,648000.0,0.0
02389.HK,2021-06-17,0.111,0.117,0.111,0.115,126000.0,0.0
02389.HK,2021-06-18,0.108,0.109,0.098,0.1,22266000.0,0.0
02389.HK,2021-06-21,0.098,0.103,0.098,0.1,912000.0,0.0
02389.HK,2021-06-22,0.103,0.109,0.095,0.109,12894000.0,0.0
02389.HK,2021-06-23,0.102,0.105,0.1,0.105,2118000.0,0.0
02389.HK,2021-06-24,0.105,0.105,0.103,0.103,612000.0,0.0
02389.HK,2021-06-25,0.103,0.104,0.1,0.104,1050000.0,0.0
02389.HK,2021-06-28,0.101,0.11,0.101,0.107,42000.0,0.0
02389.HK,2021-06-29,0.107,0.107,0.107,0.107,0.0,0.0
02389.HK,2021-06-30,0.107,0.107,0.102,0.102,636000.0,0.0
02389.HK,2021-07-02,0.103,0.118,0.103,0.11,7686000.0,0.0
02389.HK,2021-07-05,0.118,0.118,0.115,0.115,204000.0,0.0
02389.HK,2021-07-06,0.105,0.115,0.105,0.108,4344000.0,0.0
02389.HK,2021-07-07,0.115,0.118,0.11,0.118,2376000.0,0.0
02389.HK,2021-07-08,0.117,0.119,0.112,0.112,6822000.0,0.0
02389.HK,2021-07-09,0.112,0.112,0.112,0.112,0.0,0.0
02389.HK,2021-07-12,0.12,0.12,0.113,0.118,330000.0,0.0
02389.HK,2021-07-13,0.118,0.12,0.115,0.12,102000.0,0.0
02389.HK,2021-07-14,0.119,0.119,0.119,0.119,0.0,0.0
02389.HK,2021-07-15,0.112,0.113,0.112,0.112,330000.0,0.0
02389.HK,2021-07-16,0.11,0.116,0.11,0.111,1050000.0,0.0
02389.HK,2021-07-19,0.116,0.121,0.115,0.12,3510000.0,0.0
02389.HK,2021-07-20,0.124,0.124,0.113,0.113,2484000.0,0.0
02389.HK,2021-07-21,0.117,0.12,0.116,0.116,1200000.0,0.0
02389.HK,2021-07-22,0.116,0.12,0.116,0.116,564000.0,0.0
02389.HK,2021-07-23,0.114,0.118,0.113,0.117,588000.0,0.0
02389.HK,2021-07-26,0.113,0.117,0.11,0.116,510000.0,0.0
02389.HK,2021-07-27,0.111,0.111,0.108,0.109,1896000.0,0.0
02389.HK,2021-07-28,0.109,0.145,0.109,0.131,27426000.0,0.0
02389.HK,2021-07-29,0.131,0.131,0.123,0.123,1344000.0,0.0
02389.HK,2021-07-30,0.123,0.124,0.121,0.122,462000.0,0.0
02389.HK,2021-08-02,0.123,0.13,0.123,0.129,678000.0,0.0
02389.HK,2021-08-03,0.129,0.129,0.129,0.129,0.0,0.0
02389.HK,2021-08-04,0.123,0.129,0.123,0.128,330000.0,0.0
02389.HK,2021-08-05,0.128,0.128,0.127,0.128,228000.0,0.0
02389.HK,2021-08-06,0.125,0.13,0.119,0.126,8100000.0,0.0
02389.HK,2021-08-09,0.126,0.127,0.126,0.127,348000.0,0.0
02389.HK,2021-08-10,0.128,0.13,0.123,0.127,1314000.0,0.0
02389.HK,2021-08-11,0.124,0.125,0.121,0.121,468000.0,0.0
02389.HK,2021-08-12,0.122,0.122,0.115,0.115,2076000.0,0.0
02389.HK,2021-08-13,0.121,0.122,0.113,0.115,222000.0,0.0
02389.HK,2021-08-16,0.115,0.115,0.115,0.115,0.0,0.0
02389.HK,2021-08-17,0.115,0.115,0.115,0.115,6000.0,0.0
02389.HK,2021-08-18,0.115,0.115,0.115,0.115,0.0,0.0
02389.HK,2021-08-19,0.118,0.123,0.118,0.122,222000.0,0.0
02389.HK,2021-08-20,0.12,0.12,0.12,0.12,0.0,0.0
02389.HK,2021-08-23,0.12,0.12,0.111,0.111,420000.0,0.0
02389.HK,2021-08-24,0.111,0.119,0.11,0.117,438000.0,0.0
02389.HK,2021-08-25,0.116,0.116,0.111,0.111,54000.0,0.0
02389.HK,2021-08-26,0.115,0.115,0.113,0.113,762000.0,0.0
02389.HK,2021-08-27,0.113,0.113,0.113,0.113,0.0,0.0
02389.HK,2021-08-30,0.116,0.116,0.116,0.116,12000.0,0.0
02389.HK,2021-08-31,0.112,0.112,0.112,0.112,84000.0,0.0
02389.HK,2021-09-01,0.111,0.112,0.111,0.112,468000.0,0.0
02389.HK,2021-09-02,0.11,0.124,0.11,0.124,2562000.0,0.0
02389.HK,2021-09-03,0.124,0.125,0.121,0.121,3234000.0,0.0
02389.HK,2021-09-06,0.12,0.127,0.112,0.125,3894000.0,0.0
02389.HK,2021-09-07,0.115,0.115,0.115,0.115,6000.0,0.0
02389.HK,2021-09-08,0.116,0.118,0.116,0.118,30000.0,0.0
02389.HK,2021-09-09,0.118,0.118,0.115,0.116,336000.0,0.0
02389.HK,2021-09-10,0.122,0.122,0.115,0.115,474000.0,0.0
02389.HK,2021-09-13,0.121,0.121,0.113,0.117,252000.0,0.0
02389.HK,2021-09-14,0.113,0.117,0.11,0.116,2502000.0,0.0
02389.HK,2021-09-15,0.116,0.116,0.116,0.116,0.0,0.0
02389.HK,2021-09-16,0.111,0.112,0.111,0.112,42000.0,0.0
02389.HK,2021-09-17,0.11,0.113,0.11,0.113,336000.0,0.0
02389.HK,2021-09-20,0.106,0.108,0.106,0.107,282000.0,0.0
02389.HK,2021-09-21,0.105,0.11,0.105,0.11,216000.0,0.0
02389.HK,2021-09-23,0.11,0.113,0.106,0.107,90000.0,0.0
02389.HK,2021-09-24,0.107,0.113,0.105,0.106,2142000.0,0.0
02389.HK,2021-09-27,0.106,0.114,0.106,0.113,978000.0,0.0
02389.HK,2021-09-28,0.115,0.115,0.106,0.106,264000.0,0.0
02389.HK,2021-09-29,0.104,0.105,0.104,0.105,300000.0,0.0
02389.HK,2021-09-30,0.106,0.106,0.106,0.106,396000.0,0.0
02389.HK,2021-10-04,0.106,0.106,0.106,0.106,0.0,0.0
02389.HK,2021-10-05,0.106,0.106,0.106,0.106,0.0,0.0
02389.HK,2021-10-06,0.105,0.105,0.101,0.101,102000.0,0.0
02389.HK,2021-10-07,0.106,0.108,0.106,0.108,300000.0,0.0
02389.HK,2021-10-08,0.101,0.108,0.096,0.108,3852000.0,0.0
02389.HK,2021-10-11,0.101,0.109,0.101,0.109,24000.0,0.0
02389.HK,2021-10-12,0.106,0.106,0.106,0.106,0.0,0.0
02389.HK,2021-10-15,0.102,0.105,0.101,0.105,180000.0,0.0
02389.HK,2021-10-18,0.105,0.105,0.105,0.105,0.0,0.0
02389.HK,2021-10-19,0.105,0.105,0.103,0.103,24000.0,0.0
02389.HK,2021-10-20,0.103,0.103,0.099,0.103,150000.0,0.0
02389.HK,2021-10-21,0.103,0.103,0.103,0.103,0.0,0.0
02389.HK,2021-10-22,0.103,0.103,0.103,0.103,0.0,0.0
02389.HK,2021-10-25,0.1,0.103,0.098,0.103,24000.0,0.0
02389.HK,2021-10-26,0.102,0.103,0.102,0.103,102000.0,0.0
02389.HK,2021-10-27,0.104,0.104,0.101,0.103,696000.0,0.0
02389.HK,2021-10-28,0.104,0.104,0.103,0.103,858000.0,0.0
02389.HK,2021-10-29,0.097,0.098,0.097,0.098,12000.0,0.0
02389.HK,2021-11-01,0.1,0.1,0.098,0.098,966000.0,0.0
02389.HK,2021-11-02,0.099,0.099,0.099,0.099,444000.0,0.0
02389.HK,2021-11-03,0.099,0.099,0.099,0.099,0.0,0.0
02389.HK,2021-11-04,0.098,0.099,0.098,0.098,684000.0,0.0
02389.HK,2021-11-05,0.099,0.099,0.099,0.099,120000.0,0.0
02389.HK,2021-11-08,0.099,0.099,0.099,0.099,36000.0,0.0
02389.HK,2021-11-09,0.099,0.099,0.092,0.092,36000.0,0.0
02389.HK,2021-11-10,0.094,0.094,0.093,0.094,218000.0,0.0
02389.HK,2021-11-11,0.094,0.094,0.094,0.094,0.0,0.0
02389.HK,2021-11-12,0.094,0.094,0.094,0.094,0.0,0.0
02389.HK,2021-11-15,0.094,0.11,0.091,0.106,276000.0,0.0
02389.HK,2021-11-16,0.104,0.104,0.104,0.104,0.0,0.0
02389.HK,2021-11-17,0.093,0.095,0.089,0.092,19470000.0,0.0
02389.HK,2021-11-18,0.092,0.092,0.089,0.092,1092000.0,0.0
02389.HK,2021-11-19,0.094,0.095,0.093,0.094,420000.0,0.0
02389.HK,2021-11-22,0.092,0.092,0.091,0.092,8748000.0,0.0
02389.HK,2021-11-23,0.093,0.095,0.093,0.095,2424000.0,0.0
02389.HK,2021-11-24,0.098,0.111,0.098,0.104,111000.0,0.0
02389.HK,2021-11-25,0.096,0.096,0.091,0.091,102000.0,0.0
02389.HK,2021-11-26,0.095,0.095,0.095,0.095,342000.0,0.0
02389.HK,2021-11-29,0.095,0.095,0.092,0.092,150000.0,0.0
02389.HK,2021-11-30,0.092,0.092,0.085,0.086,90000.0,0.0
02389.HK,2021-12-01,0.086,0.095,0.086,0.095,66000.0,0.0
02389.HK,2021-12-02,0.095,0.095,0.095,0.095,0.0,0.0
02389.HK,2021-12-03,0.086,0.09,0.084,0.088,732000.0,0.0
02389.HK,2021-12-06,0.104,0.104,0.086,0.086,54000.0,0.0
02389.HK,2021-12-07,0.086,0.09,0.081,0.085,1356000.0,0.0
02389.HK,2021-12-08,0.085,0.085,0.085,0.085,384000.0,0.0
02389.HK,2021-12-09,0.086,0.086,0.086,0.086,48000.0,0.0
02389.HK,2021-12-10,0.086,0.086,0.086,0.086,0.0,0.0
02389.HK,2021-12-13,0.086,0.086,0.086,0.086,0.0,0.0
02389.HK,2021-12-14,0.086,0.086,0.086,0.086,0.0,0.0
02389.HK,2021-12-15,0.086,0.086,0.086,0.086,0.0,0.0
02389.HK,2021-12-16,0.086,0.086,0.086,0.086,96000.0,0.0
02389.HK,2021-12-17,0.086,0.086,0.085,0.086,264000.0,0.0
02389.HK,2021-12-20,0.091,0.091,0.091,0.091,0.0,0.0
02389.HK,2021-12-21,0.09,0.09,0.09,0.09,0.0,0.0
02389.HK,2021-12-22,0.093,0.093,0.09,0.09,6000.0,0.0
02389.HK,2021-12-23,0.09,0.09,0.09,0.09,348000.0,0.0
02389.HK,2021-12-24,0.09,0.098,0.09,0.09,1530000.0,0.0
02389.HK,2021-12-28,0.09,0.09,0.09,0.09,0.0,0.0
02389.HK,2021-12-29,0.09,0.09,0.09,0.09,5166000.0,0.0
02389.HK,2021-12-30,0.09,0.09,0.09,0.09,186000.0,0.0
02389.HK,2021-12-31,0.09,0.091,0.09,0.091,300000.0,0.0
02389.HK,2022-01-03,0.09,0.091,0.09,0.091,966000.0,0.0
02389.HK,2022-01-04,0.091,0.091,0.09,0.09,5220000.0,0.0
02389.HK,2022-01-05,0.09,0.097,0.09,0.09,3930000.0,0.0
02389.HK,2022-01-06,0.09,0.09,0.086,0.09,2742000.0,0.0
02389.HK,2022-01-07,0.09,0.09,0.09,0.09,9708000.0,0.0
02389.HK,2022-01-10,0.09,0.094,0.09,0.09,7302000.0,0.0
02389.HK,2022-01-11,0.09,0.095,0.09,0.09,222000.0,0.0
02389.HK,2022-01-12,0.09,0.095,0.09,0.09,642000.0,0.0
02389.HK,2022-01-13,0.09,0.09,0.088,0.09,1824000.0,0.0
02389.HK,2022-01-14,0.09,0.09,0.09,0.09,0.0,0.0
02389.HK,2022-01-17,0.09,0.096,0.09,0.095,432000.0,0.0
02389.HK,2022-01-18,0.088,0.097,0.088,0.09,6456000.0,0.0
02389.HK,2022-01-19,0.09,0.09,0.09,0.09,0.0,0.0
02389.HK,2022-01-20,0.09,0.09,0.09,0.09,0.0,0.0
02389.HK,2022-01-21,0.091,0.095,0.09,0.095,798000.0,0.0
02389.HK,2022-01-24,0.09,0.095,0.09,0.095,78000.0,0.0
02389.HK,2022-01-25,0.095,0.095,0.095,0.095,0.0,0.0
02389.HK,2022-01-26,0.09,0.091,0.09,0.091,12000.0,0.0
02389.HK,2022-01-27,0.09,0.09,0.089,0.09,3276000.0,0.0
02389.HK,2022-01-28,0.095,0.095,0.09,0.09,126000.0,0.0
02389.HK,2022-01-31,0.09,0.09,0.09,0.09,0.0,0.0
02389.HK,2022-02-04,0.097,0.097,0.09,0.091,36000.0,0.0
02389.HK,2022-02-07,0.09,0.09,0.09,0.09,210000.0,0.0
02389.HK,2022-02-08,0.09,0.091,0.09,0.091,144000.0,0.0
02389.HK,2022-02-09,0.09,0.09,0.089,0.09,1518000.0,0.0
02389.HK,2022-02-10,0.09,0.09,0.09,0.09,0.0,0.0
02389.HK,2022-02-11,0.09,0.09,0.09,0.09,0.0,0.0
02389.HK,2022-02-14,0.091,0.095,0.091,0.094,192000.0,0.0
02389.HK,2022-02-15,0.096,0.096,0.096,0.096,66000.0,0.0
02389.HK,2022-02-16,0.096,0.096,0.096,0.096,0.0,0.0
02389.HK,2022-02-17,0.096,0.096,0.096,0.096,0.0,0.0
02389.HK,2022-02-18,0.096,0.096,0.096,0.096,0.0,0.0
02389.HK,2022-02-21,0.096,0.096,0.096,0.096,0.0,0.0
02389.HK,2022-02-22,0.09,0.091,0.09,0.091,96000.0,0.0
02389.HK,2022-02-23,0.091,0.091,0.091,0.091,0.0,0.0
02389.HK,2022-02-24,0.091,0.091,0.091,0.091,0.0,0.0
02389.HK,2022-02-25,0.091,0.091,0.09,0.091,372000.0,0.0
02389.HK,2022-02-28,0.091,0.091,0.09,0.09,300000.0,0.0
02389.HK,2022-03-01,0.091,0.091,0.09,0.09,90000.0,0.0
02389.HK,2022-03-02,0.09,0.095,0.09,0.094,54000.0,0.0
02389.HK,2022-03-03,0.094,0.094,0.094,0.094,0.0,0.0
02389.HK,2022-03-04,0.094,0.094,0.094,0.094,0.0,0.0
02389.HK,2022-03-07,0.09,0.092,0.09,0.092,222000.0,0.0
02389.HK,2022-03-08,0.09,0.09,0.08,0.081,4218000.0,0.0
02389.HK,2022-03-09,0.081,0.081,0.081,0.081,210000.0,0.0
02389.HK,2022-03-10,0.081,0.081,0.081,0.081,0.0,0.0
02389.HK,2022-03-11,0.081,0.081,0.081,0.081,612000.0,0.0
02389.HK,2022-03-14,0.081,0.081,0.081,0.081,0.0,0.0
02389.HK,2022-03-15,0.081,0.081,0.081,0.081,588000.0,0.0
02389.HK,2022-03-16,0.081,0.082,0.081,0.082,12000.0,0.0
02389.HK,2022-03-17,0.084,0.085,0.084,0.085,138000.0,0.0
02389.HK,2022-03-18,0.085,0.085,0.085,0.085,0.0,0.0
02389.HK,2022-03-21,0.085,0.085,0.081,0.082,258000.0,0.0
02389.HK,2022-03-22,0.081,0.081,0.081,0.081,60000.0,0.0
02389.HK,2022-03-23,0.083,0.089,0.083,0.083,294000.0,0.0
02389.HK,2022-03-24,0.083,0.088,0.083,0.088,414000.0,0.0
02389.HK,2022-03-25,0.088,0.088,0.088,0.088,96000.0,0.0
02389.HK,2022-03-28,0.086,0.086,0.086,0.086,0.0,0.0
02389.HK,2022-03-29,0.082,0.085,0.081,0.085,672000.0,0.0
02389.HK,2022-03-30,0.083,0.085,0.081,0.081,54000.0,0.0
02389.HK,2022-03-31,0.083,0.083,0.081,0.081,36000.0,0.0
02389.HK,2022-04-01,0.082,0.082,0.082,0.082,84000.0,0.0
02389.HK,2022-04-04,0.082,0.082,0.082,0.082,120000.0,0.0
02389.HK,2022-04-06,0.082,0.082,0.082,0.082,0.0,0.0
02389.HK,2022-04-07,0.092,0.092,0.092,0.092,150000.0,0.0
02389.HK,2022-04-08,0.091,0.091,0.091,0.091,6000.0,0.0
02389.HK,2022-04-11,0.091,0.091,0.091,0.091,12000.0,0.0
02389.HK,2022-04-12,0.082,0.083,0.081,0.081,2558000.0,0.0
02389.HK,2022-04-13,0.081,0.081,0.081,0.081,0.0,0.0
02389.HK,2022-04-14,0.081,0.081,0.081,0.081,804000.0,0.0
02389.HK,2022-04-19,0.08,0.081,0.08,0.081,6000.0,0.0
02389.HK,2022-04-20,0.081,0.09,0.081,0.083,326000.0,0.0
02389.HK,2022-04-21,0.09,0.092,0.085,0.085,666000.0,0.0
02389.HK,2022-04-22,0.082,0.082,0.081,0.081,1674000.0,0.0
02389.HK,2022-04-25,0.083,0.083,0.081,0.081,636000.0,0.0
02389.HK,2022-04-26,0.08,0.081,0.08,0.08,690000.0,0.0
02389.HK,2022-04-27,0.08,0.081,0.08,0.081,180000.0,0.0
02389.HK,2022-04-28,0.081,0.083,0.08,0.08,1962000.0,0.0
02389.HK,2022-04-29,0.08,0.08,0.079,0.08,2214000.0,0.0
02389.HK,2022-05-03,0.08,0.083,0.079,0.083,120000.0,0.0
02389.HK,2022-05-04,0.081,0.081,0.08,0.081,330000.0,0.0
02389.HK,2022-05-05,0.081,0.081,0.081,0.081,102000.0,0.0
02389.HK,2022-05-06,0.079,0.079,0.078,0.078,504000.0,0.0
02389.HK,2022-05-10,0.079,0.079,0.079,0.079,0.0,0.0
02389.HK,2022-05-11,0.079,0.079,0.079,0.079,12000.0,0.0
02389.HK,2022-05-12,0.08,0.081,0.08,0.08,852000.0,0.0
02389.HK,2022-05-13,0.08,0.08,0.08,0.08,0.0,0.0
02389.HK,2022-05-16,0.08,0.08,0.08,0.08,12000.0,0.0
02389.HK,2022-05-17,0.08,0.08,0.08,0.08,594000.0,0.0
02389.HK,2022-05-18,0.08,0.08,0.08,0.08,312000.0,0.0
02389.HK,2022-05-19,0.08,0.08,0.08,0.08,834000.0,0.0
02389.HK,2022-05-20,0.08,0.08,0.08,0.08,456000.0,0.0
02389.HK,2022-05-23,0.08,0.08,0.08,0.08,1014000.0,0.0
02389.HK,2022-05-24,0.08,0.08,0.08,0.08,0.0,0.0
02389.HK,2022-05-25,0.08,0.08,0.08,0.08,0.0,0.0
02389.HK,2022-05-26,0.08,0.08,0.08,0.08,30000.0,0.0
02389.HK,2022-05-27,0.08,0.08,0.08,0.08,270000.0,0.0
02389.HK,2022-05-30,0.08,0.08,0.08,0.08,510000.0,0.0
02389.HK,2022-05-31,0.083,0.09,0.083,0.09,114000.0,0.0
02389.HK,2022-06-01,0.089,0.093,0.089,0.093,5790000.0,0.0
02389.HK,2022-06-02,0.09,0.095,0.089,0.093,6588000.0,0.0
02389.HK,2022-06-06,0.093,0.097,0.093,0.097,4200000.0,0.0
02389.HK,2022-06-07,0.1,0.1,0.086,0.1,1734000.0,0.0
02389.HK,2022-06-08,0.088,0.104,0.088,0.104,1548000.0,0.0
02389.HK,2022-06-09,0.106,0.106,0.105,0.105,270000.0,0.0
02389.HK,2022-06-10,0.105,0.105,0.105,0.105,0.0,0.0
02389.HK,2022-06-13,0.105,0.105,0.105,0.105,0.0,0.0
02389.HK,2022-06-14,0.093,0.105,0.09,0.105,2022000.0,0.0
02389.HK,2022-06-15,0.095,0.095,0.092,0.092,582000.0,0.0
02389.HK,2022-06-16,0.092,0.092,0.092,0.092,144000.0,0.0
02389.HK,2022-06-17,0.093,0.096,0.093,0.096,360000.0,0.0
02389.HK,2022-06-20,0.096,0.096,0.096,0.096,0.0,0.0
02389.HK,2022-06-21,0.096,0.096,0.096,0.096,0.0,0.0
02389.HK,2022-06-22,0.099,0.099,0.098,0.098,228000.0,0.0
02389.HK,2022-06-23,0.088,0.089,0.086,0.089,96000.0,0.0
02389.HK,2022-06-24,0.087,0.088,0.087,0.088,18000.0,0.0
02389.HK,2022-06-27,0.092,0.099,0.082,0.099,324000.0,0.0
02389.HK,2022-06-28,0.099,0.099,0.084,0.087,126000.0,0.0
02389.HK,2022-06-29,0.087,0.087,0.087,0.087,6000.0,0.0
02389.HK,2022-06-30,0.087,0.087,0.087,0.087,0.0,0.0
02389.HK,2022-07-04,0.084,0.091,0.083,0.091,378000.0,0.0
02389.HK,2022-07-05,0.091,0.091,0.091,0.091,0.0,0.0
02389.HK,2022-07-06,0.085,0.089,0.083,0.088,426000.0,0.0
02389.HK,2022-07-07,0.088,0.088,0.088,0.088,0.0,0.0
02389.HK,2022-07-08,0.088,0.088,0.083,0.088,288000.0,0.0
02389.HK,2022-07-11,0.089,0.089,0.089,0.089,96000.0,0.0
02389.HK,2022-07-12,0.084,0.084,0.077,0.081,246000.0,0.0
02389.HK,2022-07-13,0.078,0.086,0.078,0.08,1290000.0,0.0
02389.HK,2022-07-14,0.08,0.083,0.08,0.08,1112000.0,0.0
02389.HK,2022-07-15,0.084,0.084,0.08,0.08,1200000.0,0.0
02389.HK,2022-07-18,0.08,0.08,0.08,0.08,42000.0,0.0
02389.HK,2022-07-19,0.08,0.083,0.08,0.083,780000.0,0.0
02389.HK,2022-07-20,0.083,0.083,0.08,0.08,48000.0,0.0
02389.HK,2022-07-21,0.08,0.08,0.08,0.08,0.0,0.0
02389.HK,2022-07-22,0.08,0.08,0.08,0.08,0.0,0.0
02389.HK,2022-07-25,0.08,0.082,0.08,0.08,540000.0,0.0
02389.HK,2022-07-26,0.08,0.08,0.073,0.076,2082000.0,0.0
02389.HK,2022-07-27,0.083,0.083,0.082,0.083,186000.0,0.0
02389.HK,2022-07-28,0.09,0.09,0.08,0.08,246000.0,0.0
02389.HK,2022-07-29,0.08,0.08,0.08,0.08,18000.0,0.0
02389.HK,2022-08-01,0.08,0.08,0.08,0.08,0.0,0.0
02389.HK,2022-08-02,0.08,0.08,0.08,0.08,1110000.0,0.0
02389.HK,2022-08-03,0.08,0.083,0.08,0.08,1110000.0,0.0
02389.HK,2022-08-04,0.08,0.083,0.08,0.08,624000.0,0.0
02389.HK,2022-08-05,0.08,0.08,0.08,0.08,0.0,0.0
02389.HK,2022-08-08,0.08,0.08,0.08,0.08,0.0,0.0
02389.HK,2022-08-09,0.081,0.081,0.079,0.079,822000.0,0.0
02389.HK,2022-08-10,0.079,0.079,0.079,0.079,0.0,0.0
02389.HK,2022-08-11,0.079,0.079,0.079,0.079,0.0,0.0
02389.HK,2022-08-12,0.079,0.083,0.079,0.079,66000.0,0.0
02389.HK,2022-08-15,0.079,0.079,0.079,0.079,24000.0,0.0
02389.HK,2022-08-16,0.079,0.079,0.079,0.079,0.0,0.0
02389.HK,2022-08-17,0.08,0.081,0.078,0.081,1440000.0,0.0
02389.HK,2022-08-18,0.081,0.081,0.081,0.081,0.0,0.0
02389.HK,2022-08-19,0.081,0.081,0.081,0.081,0.0,0.0
02389.HK,2022-08-22,0.083,0.083,0.083,0.083,132000.0,0.0
02389.HK,2022-08-23,0.083,0.083,0.083,0.083,0.0,0.0
02389.HK,2022-08-24,0.083,0.083,0.083,0.083,60000.0,0.0
02389.HK,2022-08-25,0.083,0.083,0.083,0.083,0.0,0.0
02389.HK,2022-08-26,0.078,0.08,0.078,0.08,180000.0,0.0
02389.HK,2022-08-29,0.079,0.079,0.079,0.079,18000.0,0.0
02389.HK,2022-08-30,0.079,0.079,0.079,0.079,0.0,0.0
02389.HK,2022-08-31,0.082,0.082,0.079,0.079,294000.0,0.0
02389.HK,2022-09-01,0.079,0.079,0.075,0.076,24000.0,0.0
02389.HK,2022-09-02,0.082,0.083,0.082,0.082,1932000.0,0.0
02389.HK,2022-09-05,0.082,0.082,0.082,0.082,0.0,0.0
02389.HK,2022-09-06,0.082,0.084,0.082,0.082,348000.0,0.0
02389.HK,2022-09-07,0.082,0.082,0.082,0.082,0.0,0.0
02389.HK,2022-09-08,0.078,0.078,0.078,0.078,1206000.0,0.0
02389.HK,2022-09-09,0.078,0.078,0.078,0.078,0.0,0.0
02389.HK,2022-09-13,0.078,0.078,0.078,0.078,66000.0,0.0
02389.HK,2022-09-14,0.08,0.08,0.078,0.078,246000.0,0.0
02389.HK,2022-09-15,0.082,0.082,0.073,0.073,2640000.0,0.0
02389.HK,2022-09-16,0.076,0.076,0.076,0.076,1932000.0,0.0
02389.HK,2022-09-19,0.076,0.076,0.073,0.075,42000.0,0.0
02389.HK,2022-09-20,0.075,0.075,0.075,0.075,30000.0,0.0
02389.HK,2022-09-21,0.076,0.076,0.075,0.075,3114000.0,0.0
02389.HK,2022-09-22,0.075,0.078,0.075,0.078,150000.0,0.0
02389.HK,2022-09-23,0.081,0.081,0.075,0.075,24000.0,0.0
02389.HK,2022-09-26,0.075,0.076,0.075,0.076,156000.0,0.0
02389.HK,2022-09-27,0.075,0.075,0.075,0.075,48000.0,0.0
02389.HK,2022-09-28,0.075,0.075,0.075,0.075,2604000.0,0.0
02389.HK,2022-09-29,0.075,0.075,0.075,0.075,1260000.0,0.0
02389.HK,2022-09-30,0.075,0.075,0.075,0.075,0.0,0.0
02389.HK,2022-10-03,0.075,0.075,0.075,0.075,2820000.0,0.0
02389.HK,2022-10-05,0.075,0.075,0.075,0.075,0.0,0.0
02389.HK,2022-10-06,0.077,0.077,0.075,0.075,2634000.0,0.0
02389.HK,2022-10-07,0.075,0.075,0.075,0.075,2400000.0,0.0
02389.HK,2022-10-10,0.076,0.076,0.075,0.075,2466000.0,0.0
02389.HK,2022-10-11,0.075,0.075,0.075,0.075,1278000.0,0.0
02389.HK,2022-10-12,0.075,0.079,0.075,0.079,1284000.0,0.0
02389.HK,2022-10-13,0.078,0.078,0.075,0.075,36000.0,0.0
02389.HK,2022-10-14,0.075,0.075,0.075,0.075,2112000.0,0.0
02389.HK,2022-10-17,0.078,0.078,0.075,0.075,3462000.0,0.0
02389.HK,2022-10-18,0.075,0.088,0.072,0.088,990000.0,0.0
02389.HK,2022-10-19,0.079,0.079,0.075,0.078,468000.0,0.0
02389.HK,2022-10-20,0.075,0.075,0.069,0.074,36000.0,0.0
02389.HK,2022-10-21,0.074,0.074,0.074,0.074,0.0,0.0
02389.HK,2022-10-24,0.072,0.075,0.072,0.072,1308000.0,0.0
02389.HK,2022-10-25,0.071,0.071,0.071,0.071,2430000.0,0.0
02389.HK,2022-10-26,0.072,0.072,0.072,0.072,780000.0,0.0
02389.HK,2022-10-27,0.074,0.074,0.071,0.071,30000.0,0.0
02389.HK,2022-10-28,0.071,0.071,0.071,0.071,1302000.0,0.0
02389.HK,2022-10-31,0.071,0.075,0.071,0.071,2742000.0,0.0
02389.HK,2022-11-01,0.071,0.071,0.071,0.071,66000.0,0.0
02389.HK,2022-11-02,0.071,0.071,0.071,0.071,54000.0,0.0
02389.HK,2022-11-03,0.071,0.071,0.071,0.071,3066000.0,0.0
02389.HK,2022-11-04,0.071,0.078,0.071,0.073,1812000.0,0.0
02389.HK,2022-11-07,0.071,0.071,0.064,0.067,5928000.0,0.0
02389.HK,2022-11-08,0.068,0.069,0.067,0.068,432000.0,0.0
02389.HK,2022-11-09,0.072,0.074,0.067,0.068,5860000.0,0.0
02389.HK,2022-11-10,0.071,0.072,0.066,0.068,7974000.0,0.0
02389.HK,2022-11-11,0.069,0.074,0.068,0.068,3110000.0,0.0
02389.HK,2022-11-14,0.068,0.074,0.068,0.07,8368800.0,0.0
02389.HK,2022-11-15,0.069,0.072,0.067,0.069,2778000.0,0.0
02389.HK,2022-11-16,0.068,0.07,0.068,0.068,5754000.0,0.0
02389.HK,2022-11-17,0.064,0.069,0.064,0.067,7746000.0,0.0
02389.HK,2022-11-18,0.069,0.069,0.067,0.068,1848000.0,0.0
02389.HK,2022-11-21,0.064,0.066,0.063,0.066,168000.0,0.0
02389.HK,2022-11-22,0.066,0.07,0.066,0.066,6090000.0,0.0
02389.HK,2022-11-23,0.066,0.069,0.065,0.069,8022000.0,0.0
02389.HK,2022-11-24,0.067,0.069,0.066,0.068,10632000.0,0.0
02389.HK,2022-11-25,0.067,0.073,0.067,0.067,6324000.0,0.0
02389.HK,2022-11-28,0.067,0.071,0.067,0.071,10872000.0,0.0
02389.HK,2022-11-29,0.07,0.07,0.067,0.067,2196000.0,0.0
02389.HK,2022-11-30,0.066,0.068,0.066,0.066,11766000.0,0.0
02389.HK,2022-12-01,0.067,0.067,0.066,0.066,48000.0,0.0
02389.HK,2022-12-02,0.065,0.069,0.065,0.065,246000.0,0.0
02389.HK,2022-12-05,0.065,0.067,0.065,0.067,240000.0,0.0
02389.HK,2022-12-06,0.066,0.069,0.066,0.067,378000.0,0.0
02389.HK,2022-12-07,0.066,0.069,0.066,0.067,1032000.0,0.0
02389.HK,2022-12-08,0.067,0.067,0.065,0.067,10042000.0,0.0
02389.HK,2022-12-09,0.067,0.07,0.067,0.067,786000.0,0.0
02389.HK,2022-12-12,0.07,0.077,0.068,0.068,4486000.0,0.0
02389.HK,2022-12-13,0.069,0.074,0.068,0.074,1020000.0,0.0
02389.HK,2022-12-14,0.068,0.068,0.068,0.068,2592000.0,0.0
02389.HK,2022-12-15,0.069,0.069,0.068,0.068,642000.0,0.0
02389.HK,2022-12-16,0.068,0.068,0.068,0.068,0.0,0.0
02389.HK,2022-12-19,0.068,0.071,0.068,0.07,732000.0,0.0
02389.HK,2022-12-20,0.069,0.069,0.068,0.069,3114000.0,0.0
02389.HK,2022-12-21,0.068,0.069,0.068,0.068,4854000.0,0.0
02389.HK,2022-12-22,0.068,0.068,0.068,0.068,0.0,0.0
02389.HK,2022-12-23,0.067,0.069,0.067,0.069,216000.0,0.0
02389.HK,2022-12-28,0.07,0.074,0.067,0.074,324000.0,0.0
02389.HK,2022-12-29,0.071,0.071,0.071,0.071,0.0,0.0
02389.HK,2022-12-30,0.067,0.07,0.065,0.068,1932000.0,0.0
02389.HK,2023-01-03,0.068,0.068,0.068,0.068,0.0,0.0
02389.HK,2023-01-04,0.068,0.068,0.067,0.067,102000.0,0.0
02389.HK,2023-01-05,0.067,0.07,0.063,0.065,16764000.0,0.0
02389.HK,2023-01-06,0.065,0.067,0.065,0.067,168000.0,0.0
02389.HK,2023-01-09,0.068,0.071,0.067,0.069,18420000.0,0.0
02389.HK,2023-01-10,0.071,0.074,0.067,0.068,29262000.0,0.0
02389.HK,2023-01-11,0.072,0.072,0.067,0.068,1290000.0,0.0
02389.HK,2023-01-12,0.068,0.071,0.067,0.071,1218000.0,0.0
02389.HK,2023-01-13,0.067,0.071,0.067,0.067,2864000.0,0.0
02389.HK,2023-01-16,0.067,0.072,0.067,0.067,3810000.0,0.0
02389.HK,2023-01-17,0.067,0.068,0.067,0.067,6246000.0,0.0
02389.HK,2023-01-18,0.066,0.068,0.066,0.066,96000.0,0.0
02389.HK,2023-01-19,0.066,0.066,0.066,0.066,0.0,0.0
02389.HK,2023-01-20,0.068,0.069,0.066,0.068,294000.0,0.0
02389.HK,2023-01-26,0.068,0.068,0.067,0.067,36000.0,0.0
02389.HK,2023-01-27,0.067,0.067,0.067,0.067,0.0,0.0
02389.HK,2023-01-30,0.067,0.071,0.067,0.067,1392000.0,0.0
02389.HK,2023-01-31,0.067,0.067,0.067,0.067,0.0,0.0
02389.HK,2023-02-01,0.066,0.067,0.066,0.067,72000.0,0.0
02389.HK,2023-02-02,0.067,0.067,0.067,0.067,91200.0,0.0
02389.HK,2023-02-03,0.065,0.072,0.065,0.072,6942000.0,0.0
02389.HK,2023-02-06,0.082,0.209,0.075,0.145,329132230.0,0.0
02389.HK,2023-02-07,0.155,0.161,0.12,0.125,58752000.0,0.0
02389.HK,2023-02-08,0.117,0.135,0.115,0.126,22392000.0,0.0
02389.HK,2023-02-09,0.12,0.135,0.119,0.133,7080000.0,0.0
02389.HK,2023-02-10,0.133,0.133,0.12,0.124,4608000.0,0.0
02389.HK,2023-02-13,0.12,0.121,0.113,0.115,6235100.0,0.0
02389.HK,2023-02-14,0.111,0.124,0.11,0.115,4104000.0,0.0
02389.HK,2023-02-15,0.111,0.118,0.106,0.11,14773000.0,0.0
02389.HK,2023-02-16,0.109,0.118,0.103,0.105,4950000.0,0.0
02389.HK,2023-02-17,0.103,0.107,0.101,0.105,378000.0,0.0
02389.HK,2023-02-20,0.109,0.126,0.101,0.113,8100000.0,0.0
02389.HK,2023-02-21,0.109,0.115,0.102,0.111,1638000.0,0.0
02389.HK,2023-02-22,0.11,0.112,0.102,0.11,16824000.0,0.0
02389.HK,2023-02-23,0.104,0.109,0.104,0.105,5184000.0,0.0
02389.HK,2023-02-24,0.103,0.104,0.099,0.101,9564000.0,0.0
02389.HK,2023-02-27,0.104,0.104,0.1,0.102,3336000.0,0.0
02389.HK,2023-02-28,0.104,0.106,0.1,0.101,8832000.0,0.0
02389.HK,2023-03-01,0.102,0.105,0.1,0.1,14352000.0,0.0
02389.HK,2023-03-02,0.101,0.103,0.1,0.101,1386000.0,0.0
02389.HK,2023-03-03,0.1,0.102,0.099,0.099,180000.0,0.0
02389.HK,2023-03-06,0.098,0.099,0.098,0.098,78000.0,0.0
02389.HK,2023-03-07,0.094,0.096,0.092,0.093,3124000.0,0.0
02389.HK,2023-03-08,0.095,0.095,0.092,0.092,1104000.0,0.0
02389.HK,2023-03-09,0.092,0.093,0.083,0.088,8124000.0,0.0
02389.HK,2023-03-10,0.085,0.085,0.08,0.083,3948000.0,0.0
02389.HK,2023-03-13,0.081,0.087,0.08,0.087,9126000.0,0.0
02389.HK,2023-03-14,0.085,0.095,0.084,0.09,3936000.0,0.0
02389.HK,2023-03-15,0.086,0.087,0.085,0.087,2934000.0,0.0
02389.HK,2023-03-16,0.088,0.09,0.087,0.087,1476000.0,0.0
02389.HK,2023-03-17,0.087,0.087,0.087,0.087,798000.0,0.0
02389.HK,2023-03-20,0.087,0.087,0.086,0.086,1614000.0,0.0
02389.HK,2023-03-21,0.092,0.093,0.086,0.089,1200000.0,0.0
02389.HK,2023-03-22,0.087,0.09,0.087,0.088,1077300.0,0.0
02389.HK,2023-03-23,0.088,0.089,0.088,0.089,186000.0,0.0
02389.HK,2023-03-24,0.088,0.092,0.088,0.088,54000.0,0.0
02389.HK,2023-03-27,0.089,0.089,0.089,0.089,576000.0,0.0
02389.HK,2023-03-28,0.09,0.09,0.089,0.089,216000.0,0.0
02389.HK,2023-03-29,0.089,0.09,0.089,0.089,732000.0,0.0
02389.HK,2023-03-30,0.089,0.089,0.088,0.089,4152000.0,0.0
02389.HK,2023-03-31,0.089,0.089,0.086,0.086,1518000.0,0.0
02389.HK,2023-04-03,0.086,0.086,0.086,0.086,102000.0,0.0
02389.HK,2023-04-04,0.087,0.087,0.083,0.084,1062000.0,0.0
02389.HK,2023-04-06,0.084,0.085,0.084,0.084,144000.0,0.0
02389.HK,2023-04-11,0.084,0.084,0.081,0.082,864000.0,0.0
02389.HK,2023-04-12,0.082,0.082,0.081,0.082,804000.0,0.0
02389.HK,2023-04-13,0.082,0.083,0.082,0.082,30000.0,0.0
02389.HK,2023-04-14,0.082,0.082,0.081,0.081,432000.0,0.0
02389.HK,2023-04-17,0.082,0.082,0.076,0.08,2844000.0,0.0
02389.HK,2023-04-18,0.08,0.08,0.076,0.077,72000.0,0.0
02389.HK,2023-04-19,0.077,0.077,0.077,0.077,0.0,0.0
02389.HK,2023-04-20,0.08,0.08,0.077,0.077,396000.0,0.0
02389.HK,2023-04-21,0.077,0.08,0.077,0.078,594000.0,0.0
02389.HK,2023-04-24,0.08,0.08,0.078,0.08,2364000.0,0.0
02389.HK,2023-04-25,0.08,0.08,0.076,0.076,144000.0,0.0
02389.HK,2023-04-26,0.076,0.076,0.076,0.076,12000.0,0.0
02389.HK,2023-04-27,0.076,0.076,0.064,0.071,6528000.0,0.0
02389.HK,2023-04-28,0.072,0.078,0.072,0.072,1014000.0,0.0
02389.HK,2023-05-02,0.072,0.076,0.072,0.076,78000.0,0.0
02389.HK,2023-05-03,0.076,0.076,0.072,0.073,36000.0,0.0
02389.HK,2023-05-04,0.072,0.075,0.07,0.072,198000.0,0.0
02389.HK,2023-05-05,0.075,0.08,0.074,0.075,2922000.0,0.0
02389.HK,2023-05-08,0.076,0.08,0.076,0.079,126000.0,0.0
02389.HK,2023-05-09,0.08,0.08,0.077,0.077,726000.0,0.0
02389.HK,2023-05-10,0.085,0.09,0.081,0.084,2412000.0,0.0
02389.HK,2023-05-11,0.084,0.096,0.084,0.086,2844000.0,0.0
02389.HK,2023-05-12,0.092,0.095,0.088,0.088,4308000.0,0.0
02389.HK,2023-05-15,0.09,0.095,0.088,0.088,4224000.0,0.0
02389.HK,2023-05-16,0.094,0.105,0.085,0.09,7230000.0,0.0
02389.HK,2023-05-17,0.099,0.099,0.088,0.089,138000.0,0.0
02389.HK,2023-05-18,0.091,0.092,0.088,0.092,588000.0,0.0
02389.HK,2023-05-19,0.093,0.1,0.086,0.087,1642000.0,0.0
02389.HK,2023-05-22,0.092,0.095,0.088,0.091,930000.0,0.0
02389.HK,2023-05-23,0.086,0.105,0.086,0.091,2904000.0,0.0
02389.HK,2023-05-24,0.098,0.098,0.092,0.097,42000.0,0.0
02389.HK,2023-05-25,0.095,0.095,0.088,0.089,2166000.0,0.0
02389.HK,2023-05-29,0.087,0.09,0.087,0.09,2478000.0,0.0
02389.HK,2023-05-30,0.094,0.107,0.093,0.102,5580000.0,0.0
02389.HK,2023-05-31,0.102,0.103,0.096,0.096,1404000.0,0.0
02389.HK,2023-06-01,0.096,0.096,0.096,0.096,0.0,0.0
02389.HK,2023-06-02,0.094,0.095,0.094,0.095,264000.0,0.0
02389.HK,2023-06-05,0.089,0.101,0.089,0.101,336000.0,0.0
02389.HK,2023-06-06,0.1,0.1,0.089,0.096,402000.0,0.0
02389.HK,2023-06-07,0.096,0.096,0.096,0.096,0.0,0.0
02389.HK,2023-06-08,0.095,0.099,0.091,0.099,108000.0,0.0
02389.HK,2023-06-09,0.099,0.099,0.099,0.099,0.0,0.0
02389.HK,2023-06-12,0.099,0.099,0.099,0.099,0.0,0.0
02389.HK,2023-06-13,0.097,0.097,0.091,0.097,150000.0,0.0
02389.HK,2023-06-14,0.098,0.098,0.098,0.098,6000.0,0.0
02389.HK,2023-06-15,0.09,0.096,0.089,0.096,432000.0,0.0
02389.HK,2023-06-16,0.091,0.097,0.091,0.091,240000.0,0.0
02389.HK,2023-06-19,0.09,0.096,0.086,0.09,1590000.0,0.0
02389.HK,2023-06-20,0.09,0.09,0.09,0.09,0.0,0.0
02389.HK,2023-06-21,0.088,0.09,0.088,0.089,126000.0,0.0
02389.HK,2023-06-23,0.09,0.09,0.09,0.09,0.0,0.0
02389.HK,2023-06-26,0.085,0.09,0.081,0.083,36000.0,0.0
02389.HK,2023-06-27,0.084,0.09,0.083,0.087,1050000.0,0.0
02389.HK,2023-06-28,0.086,0.095,0.086,0.095,120000.0,0.0
02389.HK,2023-06-29,0.088,0.094,0.086,0.094,198000.0,0.0
02389.HK,2023-06-30,0.094,0.094,0.094,0.094,0.0,0.0
02389.HK,2023-07-03,0.086,0.097,0.084,0.096,444000.0,0.0
02389.HK,2023-07-04,0.096,0.105,0.096,0.102,780000.0,0.0
02389.HK,2023-07-05,0.104,0.104,0.087,0.09,654000.0,0.0
02389.HK,2023-07-06,0.101,0.101,0.088,0.097,114000.0,0.0
02389.HK,2023-07-07,0.097,0.097,0.09,0.09,438000.0,0.0
02389.HK,2023-07-10,0.092,0.092,0.09,0.09,414000.0,0.0
02389.HK,2023-07-11,0.09,0.1,0.088,0.1,246000.0,0.0
02389.HK,2023-07-12,0.1,0.1,0.1,0.1,0.0,0.0
02389.HK,2023-07-13,0.1,0.1,0.1,0.1,0.0,0.0
02389.HK,2023-07-14,0.1,0.1,0.09,0.1,144000.0,0.0
02389.HK,2023-07-17,0.1,0.1,0.1,0.1,0.0,0.0
02389.HK,2023-07-18,0.1,0.1,0.1,0.1,0.0,0.0
02389.HK,2023-07-19,0.1,0.1,0.1,0.1,0.0,0.0
02389.HK,2023-07-20,0.09,0.1,0.09,0.098,108000.0,0.0
02389.HK,2023-07-21,0.092,0.095,0.091,0.095,240000.0,0.0
02389.HK,2023-07-24,0.095,0.095,0.091,0.092,12000.0,0.0
02389.HK,2023-07-25,0.096,0.099,0.094,0.099,84000.0,0.0
02389.HK,2023-07-26,0.099,0.099,0.091,0.092,96000.0,0.0
02389.HK,2023-07-27,0.091,0.091,0.09,0.09,30000.0,0.0
02389.HK,2023-07-28,0.091,0.095,0.09,0.09,312000.0,0.0
02389.HK,2023-07-31,0.097,0.099,0.088,0.099,42000.0,0.0
02389.HK,2023-08-01,0.088,0.094,0.085,0.094,462000.0,0.0
02389.HK,2023-08-02,0.094,0.094,0.088,0.088,84000.0,0.0
02389.HK,2023-08-03,0.09,0.09,0.089,0.089,42000.0,0.0
02389.HK,2023-08-04,0.098,0.098,0.09,0.09,132000.0,0.0
02389.HK,2023-08-07,0.09,0.095,0.085,0.085,420000.0,0.0
02389.HK,2023-08-08,0.094,0.095,0.088,0.089,210000.0,0.0
02389.HK,2023-08-09,0.089,0.089,0.089,0.089,0.0,0.0
02389.HK,2023-08-10,0.089,0.089,0.089,0.089,0.0,0.0
02389.HK,2023-08-11,0.089,0.089,0.089,0.089,0.0,0.0
02389.HK,2023-08-14,0.088,0.092,0.085,0.091,156000.0,0.0
02389.HK,2023-08-15,0.09,0.09,0.082,0.082,60000.0,0.0
02389.HK,2023-08-16,0.082,0.1,0.082,0.089,378000.0,0.0
02389.HK,2023-08-17,0.089,0.09,0.081,0.087,444000.0,0.0
02389.HK,2023-08-18,0.087,0.087,0.087,0.087,0.0,0.0
02389.HK,2023-08-21,0.087,0.087,0.087,0.087,66000.0,0.0
02389.HK,2023-08-22,0.087,0.087,0.087,0.087,0.0,0.0
02389.HK,2023-08-23,0.082,0.087,0.08,0.087,726000.0,0.0
02389.HK,2023-08-24,0.087,0.087,0.083,0.087,42000.0,0.0
02389.HK,2023-08-25,0.087,0.087,0.087,0.087,0.0,0.0
02389.HK,2023-08-28,0.087,0.087,0.087,0.087,0.0,0.0
02389.HK,2023-08-29,0.087,0.087,0.08,0.086,984000.0,0.0
02389.HK,2023-08-30,0.086,0.086,0.086,0.086,0.0,0.0
02389.HK,2023-08-31,0.086,0.086,0.086,0.086,0.0,0.0
02389.HK,2023-09-01,0.086,0.086,0.086,0.086,0.0,0.0
02389.HK,2023-09-04,0.081,0.094,0.081,0.094,102000.0,0.0
02389.HK,2023-09-05,0.091,0.091,0.091,0.091,0.0,0.0
02389.HK,2023-09-06,0.081,0.085,0.077,0.082,66000.0,0.0
02389.HK,2023-09-07,0.082,0.085,0.079,0.085,780000.0,0.0
02389.HK,2023-09-08,0.085,0.085,0.085,0.085,0.0,0.0
02389.HK,2023-09-11,0.089,0.089,0.08,0.085,1608000.0,0.0
02389.HK,2023-09-12,0.089,0.089,0.081,0.081,348000.0,0.0
02389.HK,2023-09-13,0.082,0.082,0.082,0.082,72000.0,0.0
02389.HK,2023-09-14,0.082,0.082,0.082,0.082,54000.0,0.0
02389.HK,2023-09-15,0.082,0.083,0.081,0.083,90000.0,0.0
02389.HK,2023-09-18,0.083,0.084,0.081,0.083,1332000.0,0.0
02389.HK,2023-09-19,0.082,0.082,0.082,0.082,30000.0,0.0
02389.HK,2023-09-20,0.082,0.082,0.082,0.082,18000.0,0.0
02389.HK,2023-09-21,0.082,0.082,0.082,0.082,120000.0,0.0
02389.HK,2023-09-22,0.082,0.082,0.082,0.082,28000.0,0.0
02389.HK,2023-09-25,0.082,0.084,0.076,0.081,870000.0,0.0
02389.HK,2023-09-26,0.083,0.09,0.08,0.09,606000.0,0.0
02389.HK,2023-09-27,0.089,0.089,0.089,0.089,0.0,0.0
02389.HK,2023-09-28,0.08,0.082,0.08,0.08,4974000.0,0.0
02389.HK,2023-09-29,0.084,0.084,0.084,0.084,0.0,0.0
02389.HK,2023-10-03,0.084,0.084,0.084,0.084,0.0,0.0
02389.HK,2023-10-04,0.083,0.087,0.083,0.087,24000.0,0.0
02389.HK,2023-10-05,0.082,0.082,0.08,0.082,312000.0,0.0
02389.HK,2023-10-06,0.081,0.085,0.081,0.085,78000.0,0.0
02389.HK,2023-10-09,0.08,0.085,0.08,0.085,150000.0,0.0
02389.HK,2023-10-10,0.082,0.083,0.08,0.083,138000.0,0.0
02389.HK,2023-10-11,0.083,0.083,0.083,0.083,0.0,0.0
02389.HK,2023-10-12,0.083,0.083,0.083,0.083,0.0,0.0
02389.HK,2023-10-13,0.08,0.08,0.08,0.08,288000.0,0.0
02389.HK,2023-10-16,0.08,0.08,0.08,0.08,1012000.0,0.0
02389.HK,2023-10-17,0.08,0.081,0.08,0.08,672000.0,0.0
02389.HK,2023-10-18,0.08,0.081,0.08,0.081,1026000.0,0.0
02389.HK,2023-10-19,0.082,0.082,0.08,0.08,12000.0,0.0
02389.HK,2023-10-20,0.08,0.081,0.077,0.077,510000.0,0.0
02389.HK,2023-10-24,0.077,0.077,0.077,0.077,12000.0,0.0
02389.HK,2023-10-25,0.077,0.08,0.077,0.08,90000.0,0.0
02389.HK,2023-10-26,0.079,0.079,0.077,0.077,606000.0,0.0
02389.HK,2023-10-27,0.077,0.077,0.077,0.077,54000.0,0.0
02389.HK,2023-10-30,0.078,0.078,0.071,0.078,2784000.0,0.0
02389.HK,2023-10-31,0.072,0.079,0.072,0.079,996000.0,0.0
02389.HK,2023-11-01,0.074,0.077,0.072,0.077,330000.0,0.0
02389.HK,2023-11-02,0.073,0.077,0.072,0.077,702000.0,0.0
02389.HK,2023-11-03,0.078,0.078,0.071,0.071,1056000.0,0.0
02389.HK,2023-11-06,0.076,0.076,0.072,0.074,324000.0,0.0
02389.HK,2023-11-07,0.071,0.074,0.071,0.074,96000.0,0.0
02389.HK,2023-11-08,0.072,0.076,0.071,0.076,288000.0,0.0
02389.HK,2023-11-09,0.071,0.071,0.068,0.071,678000.0,0.0
02389.HK,2023-11-10,0.071,0.074,0.07,0.073,468000.0,0.0
02389.HK,2023-11-13,0.068,0.071,0.066,0.066,3672000.0,0.0
02389.HK,2023-11-14,0.066,0.068,0.066,0.068,978000.0,0.0
02389.HK,2023-11-15,0.068,0.068,0.066,0.068,204000.0,0.0
02389.HK,2023-11-16,0.065,0.066,0.064,0.066,1422000.0,0.0
02389.HK,2023-11-17,0.065,0.065,0.063,0.063,150000.0,0.0
02389.HK,2023-11-20,0.063,0.068,0.063,0.068,1794000.0,0.0
02389.HK,2023-11-21,0.065,0.074,0.065,0.066,390000.0,0.0
02389.HK,2023-11-22,0.07,0.07,0.068,0.068,1206000.0,0.0
02389.HK,2023-11-23,0.069,0.07,0.066,0.067,390000.0,0.0
02389.HK,2023-11-24,0.066,0.068,0.066,0.068,199000.0,0.0
02389.HK,2023-11-27,0.068,0.068,0.066,0.066,96000.0,0.0
02389.HK,2023-11-28,0.066,0.066,0.066,0.066,0.0,0.0
02389.HK,2023-11-29,0.067,0.067,0.067,0.067,0.0,0.0
02389.HK,2023-11-30,0.067,0.067,0.067,0.067,0.0,0.0
02389.HK,2023-12-01,0.066,0.069,0.066,0.069,276000.0,0.0
02389.HK,2023-12-04,0.069,0.07,0.066,0.07,246000.0,0.0
02389.HK,2023-12-05,0.069,0.069,0.069,0.069,0.0,0.0
02389.HK,2023-12-06,0.069,0.069,0.065,0.068,54000.0,0.0
02389.HK,2023-12-07,0.068,0.069,0.065,0.066,258000.0,0.0
02389.HK,2023-12-08,0.068,0.07,0.067,0.067,1908000.0,0.0
02389.HK,2023-12-11,0.066,0.067,0.066,0.067,126000.0,0.0
02389.HK,2023-12-12,0.068,0.068,0.066,0.066,18000.0,0.0
02389.HK,2023-12-13,0.069,0.069,0.067,0.067,834000.0,0.0
02389.HK,2023-12-14,0.069,0.069,0.067,0.067,948000.0,0.0
02389.HK,2023-12-15,0.068,0.068,0.066,0.066,21000.0,0.0
02389.HK,2023-12-18,0.068,0.068,0.065,0.065,66000.0,0.0
02389.HK,2023-12-19,0.065,0.068,0.065,0.066,750000.0,0.0
02389.HK,2023-12-20,0.066,0.069,0.065,0.065,138000.0,0.0
02389.HK,2023-12-21,0.068,0.068,0.064,0.067,114000.0,0.0
02389.HK,2023-12-22,0.068,0.069,0.065,0.068,162000.0,0.0
02389.HK,2023-12-27,0.069,0.069,0.064,0.065,318000.0,0.0
02389.HK,2023-12-28,0.068,0.069,0.066,0.069,78000.0,0.0
02389.HK,2023-12-29,0.068,0.068,0.066,0.067,126000.0,0.0
02389.HK,2024-01-02,0.067,0.067,0.066,0.067,708000.0,0.0
02389.HK,2024-01-03,0.067,0.067,0.067,0.067,12000.0,0.0
02389.HK,2024-01-04,0.067,0.067,0.067,0.067,276000.0,0.0
02389.HK,2024-01-05,0.065,0.065,0.065,0.065,30000.0,0.0
02389.HK,2024-01-08,0.064,0.065,0.064,0.064,1086000.0,0.0
02389.HK,2024-01-09,0.064,0.064,0.064,0.064,0.0,0.0
02389.HK,2024-01-10,0.064,0.064,0.064,0.064,0.0,0.0
02389.HK,2024-01-11,0.064,0.064,0.064,0.064,0.0,0.0
02389.HK,2024-01-12,0.062,0.064,0.062,0.063,3114000.0,0.0
02389.HK,2024-01-15,0.063,0.064,0.063,0.064,372000.0,0.0
02389.HK,2024-01-16,0.064,0.064,0.063,0.063,594000.0,0.0
02389.HK,2024-01-17,0.063,0.063,0.063,0.063,660000.0,0.0
02389.HK,2024-01-18,0.062,0.063,0.062,0.063,234000.0,0.0
02389.HK,2024-01-19,0.06,0.063,0.06,0.063,690000.0,0.0
02389.HK,2024-01-22,0.06,0.06,0.06,0.06,366000.0,0.0
02389.HK,2024-01-23,0.06,0.06,0.06,0.06,1164000.0,0.0
02389.HK,2024-01-24,0.06,0.061,0.06,0.061,3732000.0,0.0
02389.HK,2024-01-25,0.061,0.061,0.061,0.061,288000.0,0.0
02389.HK,2024-01-26,0.061,0.061,0.061,0.061,12000.0,0.0
02389.HK,2024-01-29,0.061,0.061,0.061,0.061,24000.0,0.0
02389.HK,2024-01-30,0.06,0.061,0.06,0.06,138000.0,0.0
02389.HK,2024-01-31,0.06,0.06,0.06,0.06,912000.0,0.0
02389.HK,2024-02-01,0.06,0.06,0.06,0.06,204000.0,0.0
02389.HK,2024-02-02,0.061,0.061,0.06,0.06,642000.0,0.0
02389.HK,2024-02-05,0.061,0.061,0.06,0.061,1566000.0,0.0
02389.HK,2024-02-06,0.061,0.063,0.061,0.063,4260000.0,0.0
02389.HK,2024-02-07,0.063,0.063,0.062,0.062,2040000.0,0.0
02389.HK,2024-02-08,0.062,0.062,0.061,0.061,108000.0,0.0
02389.HK,2024-02-09,0.061,0.061,0.061,0.061,360000.0,0.0
02389.HK,2024-02-14,0.061,0.061,0.061,0.061,343700.0,0.0
02389.HK,2024-02-15,0.061,0.061,0.061,0.061,360000.0,0.0
02389.HK,2024-02-16,0.061,0.061,0.061,0.061,1920000.0,0.0
02389.HK,2024-02-19,0.061,0.062,0.061,0.062,1470000.0,0.0
02389.HK,2024-02-20,0.062,0.062,0.061,0.061,1650000.0,0.0
02389.HK,2024-02-21,0.061,0.062,0.061,0.061,1338000.0,0.0
02389.HK,2024-02-22,0.062,0.062,0.062,0.062,180000.0,0.0
02389.HK,2024-02-23,0.062,0.062,0.06,0.062,1086000.0,0.0
02389.HK,2024-02-26,0.062,0.062,0.06,0.06,4216000.0,0.0
02389.HK,2024-02-27,0.061,0.062,0.061,0.062,3510000.0,0.0
02389.HK,2024-02-28,0.063,0.063,0.062,0.062,1980000.0,0.0
02389.HK,2024-02-29,0.063,0.08,0.062,0.071,402000.0,0.0
02389.HK,2024-03-01,0.066,0.066,0.062,0.062,612000.0,0.0
02389.HK,2024-03-04,0.062,0.063,0.062,0.063,882000.0,0.0
02389.HK,2024-03-05,0.063,0.063,0.063,0.063,0.0,0.0
02389.HK,2024-03-06,0.063,0.063,0.063,0.063,252000.0,0.0
02389.HK,2024-03-07,0.061,0.063,0.061,0.063,936000.0,0.0
02389.HK,2024-03-08,0.062,0.062,0.062,0.062,4428000.0,0.0
02389.HK,2024-03-11,0.062,0.062,0.062,0.062,1920000.0,0.0
02389.HK,2024-03-12,0.063,0.063,0.063,0.063,216000.0,0.0
02389.HK,2024-03-13,0.062,0.065,0.062,0.065,924000.0,0.0
02389.HK,2024-03-14,0.065,0.065,0.063,0.065,990000.0,0.0
02389.HK,2024-03-15,0.063,0.063,0.063,0.063,48000.0,0.0
02389.HK,2024-03-18,0.063,0.063,0.063,0.063,0.0,0.0
02389.HK,2024-03-19,0.063,0.064,0.062,0.063,8862000.0,0.0
02389.HK,2024-03-20,0.063,0.064,0.063,0.064,1470000.0,0.0
02389.HK,2024-03-21,0.064,0.064,0.064,0.064,1500000.0,0.0
02389.HK,2024-03-22,0.064,0.064,0.06,0.063,6696000.0,0.0
02389.HK,2024-03-25,0.064,0.067,0.063,0.063,2040000.0,0.0
02389.HK,2024-03-26,0.063,0.063,0.063,0.063,0.0,0.0
02389.HK,2024-03-27,0.063,0.063,0.062,0.063,2226000.0,0.0
02389.HK,2024-03-28,0.064,0.064,0.064,0.064,204000.0,0.0
02389.HK,2024-04-02,0.063,0.064,0.063,0.064,258000.0,0.0
02389.HK,2024-04-03,0.064,0.064,0.064,0.064,0.0,0.0
02389.HK,2024-04-05,0.065,0.07,0.062,0.063,456000.0,0.0
02389.HK,2024-04-08,0.061,0.064,0.056,0.064,174000.0,0.0
02389.HK,2024-04-09,0.064,0.064,0.064,0.064,2112000.0,0.0
02389.HK,2024-04-10,0.064,0.064,0.064,0.064,2712000.0,0.0
02389.HK,2024-04-11,0.064,0.065,0.064,0.065,510000.0,0.0
02389.HK,2024-04-12,0.065,0.066,0.065,0.066,192000.0,0.0
02389.HK,2024-04-15,0.066,0.066,0.066,0.066,30000.0,0.0
02389.HK,2024-04-16,0.066,0.066,0.064,0.064,1068000.0,0.0
02389.HK,2024-04-17,0.065,0.065,0.064,0.064,174000.0,0.0
02389.HK,2024-04-18,0.063,0.064,0.063,0.064,2748000.0,0.0
02389.HK,2024-04-19,0.063,0.064,0.063,0.064,132000.0,0.0
02389.HK,2024-04-22,0.064,0.064,0.064,0.064,0.0,0.0
02389.HK,2024-04-23,0.064,0.066,0.064,0.064,3528000.0,0.0
02389.HK,2024-04-24,0.065,0.066,0.065,0.066,378000.0,0.0
02389.HK,2024-04-25,0.065,0.065,0.065,0.065,2094000.0,0.0
02389.HK,2024-04-26,0.063,0.066,0.063,0.065,504000.0,0.0
02389.HK,2024-04-29,0.065,0.068,0.065,0.068,114000.0,0.0
02389.HK,2024-04-30,0.068,0.068,0.065,0.065,270000.0,0.0
02389.HK,2024-05-02,0.065,0.068,0.065,0.068,2034000.0,0.0
02389.HK,2024-05-03,0.065,0.067,0.065,0.067,24000.0,0.0
02389.HK,2024-05-06,0.067,0.067,0.067,0.067,0.0,0.0
02389.HK,2024-05-07,0.065,0.067,0.065,0.067,918000.0,0.0
02389.HK,2024-05-08,0.067,0.067,0.067,0.067,0.0,0.0
02389.HK,2024-05-09,0.085,0.085,0.067,0.067,12000.0,0.0
02389.HK,2024-05-10,0.067,0.084,0.067,0.075,168000.0,0.0
02389.HK,2024-05-13,0.073,0.073,0.073,0.073,0.0,0.0
02389.HK,2024-05-14,0.073,0.08,0.073,0.073,372000.0,0.0
02389.HK,2024-05-16,0.07,0.07,0.07,0.07,0.0,0.0
02389.HK,2024-05-17,0.07,0.071,0.07,0.071,222000.0,0.0
02389.HK,2024-05-20,0.071,0.072,0.07,0.072,444000.0,0.0
02389.HK,2024-05-21,0.071,0.072,0.071,0.072,138000.0,0.0
02389.HK,2024-05-22,0.073,0.086,0.072,0.072,2118000.0,0.0
02389.HK,2024-05-23,0.073,0.073,0.072,0.072,786000.0,0.0
02389.HK,2024-05-24,0.072,0.072,0.072,0.072,0.0,0.0
02389.HK,2024-05-27,0.07,0.08,0.07,0.072,4992000.0,0.0
02389.HK,2024-05-28,0.077,0.08,0.077,0.078,390000.0,0.0
02389.HK,2024-05-29,0.078,0.078,0.078,0.078,0.0,0.0
02389.HK,2024-05-30,0.078,0.078,0.078,0.078,18000.0,0.0
02389.HK,2024-05-31,0.073,0.078,0.073,0.078,90000.0,0.0
02389.HK,2024-06-03,0.075,0.075,0.074,0.075,198000.0,0.0
02389.HK,2024-06-04,0.075,0.075,0.075,0.075,0.0,0.0
02389.HK,2024-06-05,0.075,0.075,0.075,0.075,1500000.0,0.0
02389.HK,2024-06-06,0.075,0.077,0.075,0.076,1254000.0,0.0
02389.HK,2024-06-07,0.076,0.076,0.076,0.076,0.0,0.0
02389.HK,2024-06-11,0.076,0.076,0.075,0.076,444000.0,0.0
02389.HK,2024-06-12,0.076,0.076,0.076,0.076,0.0,0.0
02389.HK,2024-06-13,0.076,0.076,0.076,0.076,0.0,0.0
02389.HK,2024-06-14,0.075,0.076,0.075,0.076,102000.0,0.0
02389.HK,2024-06-17,0.075,0.075,0.075,0.075,712000.0,0.0
02389.HK,2024-06-18,0.075,0.075,0.075,0.075,36000.0,0.0
02389.HK,2024-06-19,0.075,0.075,0.075,0.075,120000.0,0.0
02389.HK,2024-06-20,0.075,0.075,0.075,0.075,520000.0,0.0
02389.HK,2024-06-21,0.075,0.075,0.075,0.075,312000.0,0.0
02389.HK,2024-06-24,0.076,0.076,0.076,0.076,60000.0,0.0
02389.HK,2024-06-25,0.072,0.075,0.072,0.075,1338000.0,0.0
02389.HK,2024-06-26,0.075,0.075,0.075,0.075,0.0,0.0
02389.HK,2024-06-27,0.075,0.075,0.075,0.075,102000.0,0.0
02389.HK,2024-06-28,0.07,0.075,0.07,0.075,1176000.0,0.0
02389.HK,2024-07-02,0.075,0.075,0.075,0.075,48000.0,0.0
02389.HK,2024-07-03,0.075,0.075,0.075,0.075,378000.0,0.0
02389.HK,2024-07-04,0.075,0.075,0.075,0.075,126000.0,0.0
02389.HK,2024-07-05,0.071,0.075,0.07,0.075,1302000.0,0.0
02389.HK,2024-07-08,0.075,0.075,0.075,0.075,642000.0,0.0
02389.HK,2024-07-09,0.075,0.075,0.075,0.075,60000.0,0.0
02389.HK,2024-07-10,0.075,0.075,0.075,0.075,36000.0,0.0
02389.HK,2024-07-11,0.075,0.075,0.075,0.075,0.0,0.0
02389.HK,2024-07-12,0.077,0.077,0.077,0.077,3180000.0,0.0
02389.HK,2024-07-15,0.077,0.077,0.076,0.077,4620000.0,0.0
02389.HK,2024-07-16,0.077,0.078,0.077,0.078,186000.0,0.0
02389.HK,2024-07-17,0.077,0.077,0.077,0.077,72000.0,0.0
02389.HK,2024-07-18,0.077,0.078,0.077,0.077,2130000.0,0.0
02389.HK,2024-07-19,0.078,0.078,0.077,0.077,108000.0,0.0
02389.HK,2024-07-22,0.077,0.077,0.077,0.077,0.0,0.0
02389.HK,2024-07-23,0.077,0.078,0.077,0.078,726000.0,0.0
02389.HK,2024-07-24,0.077,0.078,0.077,0.078,18000.0,0.0
02389.HK,2024-07-25,0.078,0.078,0.077,0.077,618000.0,0.0
02389.HK,2024-07-26,0.077,0.078,0.077,0.078,426000.0,0.0
02389.HK,2024-07-29,0.078,0.078,0.077,0.077,216000.0,0.0
02389.HK,2024-07-30,0.077,0.077,0.077,0.077,300000.0,0.0
02389.HK,2024-07-31,0.077,0.077,0.077,0.077,0.0,0.0
02389.HK,2024-08-01,0.077,0.078,0.077,0.078,1422000.0,0.0
02389.HK,2024-08-02,0.082,0.082,0.078,0.08,210000.0,0.0
02389.HK,2024-08-05,0.079,0.079,0.079,0.079,150000.0,0.0
02389.HK,2024-08-06,0.079,0.079,0.078,0.078,246000.0,0.0
02389.HK,2024-08-07,0.078,0.078,0.078,0.078,78000.0,0.0
02389.HK,2024-08-08,0.078,0.078,0.078,0.078,144000.0,0.0
02389.HK,2024-08-09,0.078,0.078,0.078,0.078,180000.0,0.0
02389.HK,2024-08-12,0.078,0.078,0.078,0.078,78000.0,0.0
02389.HK,2024-08-13,0.078,0.083,0.078,0.083,1188000.0,0.0
02389.HK,2024-08-14,0.082,0.082,0.082,0.082,0.0,0.0
02389.HK,2024-08-15,0.078,0.078,0.078,0.078,1008000.0,0.0
02389.HK,2024-08-16,0.078,0.078,0.078,0.078,0.0,0.0
02389.HK,2024-08-19,0.079,0.079,0.079,0.079,0.0,0.0
02389.HK,2024-08-20,0.079,0.079,0.078,0.079,1692000.0,0.0
02389.HK,2024-08-21,0.078,0.081,0.078,0.08,138000.0,0.0
02389.HK,2024-08-22,0.08,0.08,0.08,0.08,1836000.0,0.0
02389.HK,2024-08-23,0.08,0.08,0.08,0.08,54000.0,0.0
02389.HK,2024-08-26,0.08,0.08,0.08,0.08,192000.0,0.0
02389.HK,2024-08-27,0.08,0.08,0.08,0.08,84000.0,0.0
02389.HK,2024-08-28,0.081,0.081,0.081,0.081,192000.0,0.0
02389.HK,2024-08-29,0.08,0.08,0.08,0.08,222000.0,0.0
02389.HK,2024-08-30,0.08,0.08,0.08,0.08,738000.0,0.0
02389.HK,2024-09-02,0.08,0.08,0.08,0.08,0.0,0.0
02389.HK,2024-09-03,0.081,0.081,0.08,0.08,1110000.0,0.0
02389.HK,2024-09-04,0.08,0.08,0.08,0.08,692000.0,0.0
02389.HK,2024-09-05,0.08,0.08,0.071,0.071,246000.0,0.0
02389.HK,2024-09-09,0.073,0.074,0.073,0.073,348000.0,0.0
02389.HK,2024-09-10,0.074,0.074,0.073,0.073,36000.0,0.0
02389.HK,2024-09-11,0.073,0.073,0.073,0.073,282000.0,0.0
02389.HK,2024-09-12,0.073,0.073,0.073,0.073,0.0,0.0
02389.HK,2024-09-13,0.07,0.073,0.07,0.073,330000.0,0.0
02389.HK,2024-09-16,0.073,0.073,0.073,0.073,0.0,0.0
02389.HK,2024-09-17,0.073,0.073,0.073,0.073,0.0,0.0
02389.HK,2024-09-19,0.074,0.074,0.074,0.074,78000.0,0.0
02389.HK,2024-09-20,0.074,0.074,0.074,0.074,0.0,0.0
02389.HK,2024-09-23,0.074,0.074,0.073,0.073,414000.0,0.0
02389.HK,2024-09-24,0.075,0.075,0.065,0.073,1278000.0,0.0
02389.HK,2024-09-25,0.075,0.075,0.075,0.075,768000.0,0.0
02389.HK,2024-09-26,0.076,0.076,0.075,0.075,540000.0,0.0
02389.HK,2024-09-27,0.075,0.076,0.075,0.076,2496000.0,0.0
02389.HK,2024-09-30,0.079,0.08,0.072,0.079,660000.0,0.0
02389.HK,2024-10-02,0.081,0.081,0.073,0.075,396000.0,0.0
02389.HK,2024-10-03,0.077,0.079,0.077,0.079,1794000.0,0.0
02389.HK,2024-10-04,0.071,0.08,0.071,0.077,5694000.0,0.0
02389.HK,2024-10-07,0.077,0.09,0.077,0.087,3270000.0,0.0
02389.HK,2024-10-08,0.087,0.087,0.079,0.08,3222000.0,0.0
02389.HK,2024-10-09,0.081,0.083,0.081,0.082,1104000.0,0.0
02389.HK,2024-10-10,0.082,0.083,0.08,0.082,1410000.0,0.0
02389.HK,2024-10-14,0.082,0.082,0.082,0.082,960000.0,0.0
02389.HK,2024-10-15,0.082,0.082,0.08,0.08,1542000.0,0.0
02389.HK,2024-10-16,0.081,0.086,0.081,0.084,516000.0,0.0
02389.HK,2024-10-17,0.085,0.085,0.085,0.085,258000.0,0.0
02389.HK,2024-10-18,0.081,0.085,0.081,0.085,690000.0,0.0
02389.HK,2024-10-21,0.081,0.085,0.08,0.083,17790000.0,0.0
02389.HK,2024-10-22,0.08,0.081,0.08,0.081,624000.0,0.0
02389.HK,2024-10-23,0.081,0.086,0.081,0.086,258000.0,0.0
02389.HK,2024-10-24,0.08,0.08,0.072,0.078,6018000.0,0.0
02389.HK,2024-10-25,0.078,0.087,0.078,0.086,37566000.0,0.0
02389.HK,2024-10-28,0.086,0.088,0.085,0.088,840000.0,0.0
02389.HK,2024-10-29,0.09,0.09,0.081,0.082,258000.0,0.0
02389.HK,2024-10-30,0.082,0.082,0.082,0.082,600000.0,0.0
02389.HK,2024-10-31,0.082,0.082,0.082,0.082,0.0,0.0
02389.HK,2024-11-01,0.082,0.082,0.082,0.082,552000.0,0.0
02389.HK,2024-11-04,0.084,0.085,0.084,0.084,264000.0,0.0
02389.HK,2024-11-05,0.085,0.085,0.084,0.084,174000.0,0.0
02389.HK,2024-11-06,0.085,0.085,0.085,0.085,96000.0,0.0
02389.HK,2024-11-07,0.085,0.085,0.085,0.085,0.0,0.0
02389.HK,2024-11-08,0.085,0.085,0.085,0.085,0.0,0.0
02389.HK,2024-11-11,0.081,0.084,0.081,0.082,11358000.0,0.0
02389.HK,2024-11-12,0.088,0.088,0.083,0.083,252000.0,0.0
02389.HK,2024-11-13,0.084,0.084,0.084,0.084,0.0,0.0
02389.HK,2024-11-14,0.085,0.085,0.082,0.082,1020000.0,0.0
02389.HK,2024-11-15,0.083,0.083,0.082,0.082,24000.0,0.0
02389.HK,2024-11-18,0.086,0.086,0.082,0.082,3120000.0,0.0
02389.HK,2024-11-19,0.083,0.084,0.083,0.084,648000.0,0.0
02389.HK,2024-11-20,0.085,0.085,0.085,0.085,216000.0,0.0
02389.HK,2024-11-21,0.085,0.085,0.075,0.078,1326000.0,0.0
02389.HK,2024-11-22,0.076,0.081,0.073,0.076,858000.0,0.0
02389.HK,2024-11-25,0.077,0.077,0.077,0.077,132000.0,0.0
02389.HK,2024-11-26,0.077,0.077,0.077,0.077,0.0,0.0
02389.HK,2024-11-27,0.077,0.077,0.077,0.077,0.0,0.0
02389.HK,2024-11-28,0.077,0.077,0.077,0.077,0.0,0.0
02389.HK,2024-11-29,0.078,0.084,0.077,0.084,390000.0,0.0
02389.HK,2024-12-02,0.08,0.08,0.077,0.077,72000.0,0.0
02389.HK,2024-12-03,0.077,0.078,0.077,0.077,126000.0,0.0
02389.HK,2024-12-04,0.078,0.078,0.078,0.078,0.0,0.0
02389.HK,2024-12-05,0.078,0.078,0.078,0.078,0.0,0.0
02389.HK,2024-12-06,0.079,0.079,0.078,0.078,18000.0,0.0
02389.HK,2024-12-09,0.08,0.081,0.08,0.081,120000.0,0.0
02389.HK,2024-12-10,0.08,0.081,0.08,0.08,918000.0,0.0
02389.HK,2024-12-11,0.081,0.081,0.08,0.08,102000.0,0.0
02389.HK,2024-12-12,0.08,0.08,0.073,0.08,3240000.0,0.0
02389.HK,2024-12-13,0.08,0.08,0.08,0.08,126000.0,0.0
02389.HK,2024-12-16,0.08,0.08,0.08,0.08,156000.0,0.0
02389.HK,2024-12-17,0.08,0.08,0.08,0.08,126000.0,0.0
02389.HK,2024-12-18,0.08,0.08,0.08,0.08,0.0,0.0
02389.HK,2024-12-19,0.08,0.08,0.08,0.08,120000.0,0.0
02389.HK,2024-12-20,0.08,0.08,0.08,0.08,0.0,0.0
02389.HK,2024-12-23,0.08,0.08,0.08,0.08,246000.0,0.0
02389.HK,2024-12-24,0.08,0.08,0.08,0.08,50000.0,0.0
02389.HK,2024-12-27,0.08,0.08,0.071,0.077,5014000.0,0.0
02389.HK,2024-12-30,0.077,0.077,0.077,0.077,0.0,0.0
02389.HK,2024-12-31,0.077,0.077,0.077,0.077,0.0,0.0
02389.HK,2025-01-02,0.077,0.077,0.077,0.077,0.0,0.0
02389.HK,2025-01-03,0.077,0.077,0.077,0.077,0.0,0.0
02389.HK,2025-01-06,0.072,0.075,0.067,0.075,810000.0,0.0
02389.HK,2025-01-07,0.075,0.076,0.075,0.076,792000.0,0.0
02389.HK,2025-01-08,0.075,0.075,0.075,0.075,2400000.0,0.0
02389.HK,2025-01-09,0.076,0.076,0.075,0.075,210000.0,0.0
02389.HK,2025-01-10,0.075,0.075,0.075,0.075,0.0,0.0
02389.HK,2025-01-13,0.075,0.075,0.075,0.075,120000.0,0.0
02389.HK,2025-01-14,0.075,0.075,0.075,0.075,0.0,0.0
02389.HK,2025-01-15,0.075,0.075,0.075,0.075,0.0,0.0
02389.HK,2025-01-16,0.075,0.075,0.075,0.075,66000.0,0.0
02389.HK,2025-01-17,0.076,0.076,0.075,0.075,2610000.0,0.0
02389.HK,2025-01-20,0.07,0.076,0.07,0.075,156000.0,0.0
02389.HK,2025-01-21,0.075,0.076,0.075,0.076,156000.0,0.0
02389.HK,2025-01-22,0.076,0.076,0.076,0.076,0.0,0.0
02389.HK,2025-01-23,0.075,0.077,0.071,0.077,180000.0,0.0
02389.HK,2025-01-24,0.078,0.078,0.077,0.077,84000.0,0.0
02389.HK,2025-01-27,0.078,0.079,0.077,0.077,66000.0,0.0
02389.HK,2025-01-28,0.077,0.077,0.077,0.077,672000.0,0.0
02389.HK,2025-02-03,0.077,0.077,0.077,0.077,54000.0,0.0
02389.HK,2025-02-04,0.077,0.078,0.077,0.078,600000.0,0.0
02389.HK,2025-02-05,0.078,0.079,0.078,0.078,822000.0,0.0
02389.HK,2025-02-06,0.078,0.079,0.078,0.079,90000.0,0.0
02389.HK,2025-02-07,0.078,0.083,0.078,0.079,100000.0,0.0
02389.HK,2025-02-10,0.078,0.079,0.077,0.078,2916000.0,0.0
02389.HK,2025-02-11,0.078,0.078,0.078,0.078,0.0,0.0
02389.HK,2025-02-12,0.077,0.078,0.077,0.078,1878000.0,0.0
02389.HK,2025-02-13,0.078,0.078,0.078,0.078,42000.0,0.0
02389.HK,2025-02-14,0.083,0.088,0.08,0.08,1518000.0,0.0
02389.HK,2025-02-17,0.08,0.08,0.071,0.078,3330000.0,0.0
02389.HK,2025-02-18,0.073,0.081,0.072,0.081,342000.0,0.0
02389.HK,2025-02-19,0.08,0.08,0.077,0.077,126000.0,0.0
02389.HK,2025-02-20,0.08,0.083,0.073,0.075,1836000.0,0.0
02389.HK,2025-02-21,0.077,0.078,0.076,0.076,330000.0,0.0
02389.HK,2025-02-24,0.073,0.074,0.07,0.073,5766000.0,0.0
02389.HK,2025-02-25,0.073,0.075,0.073,0.074,2406000.0,0.0
02389.HK,2025-02-26,0.076,0.078,0.074,0.077,396000.0,0.0
02389.HK,2025-02-27,0.077,0.078,0.074,0.078,1230000.0,0.0
02389.HK,2025-02-28,0.078,0.078,0.078,0.078,0.0,0.0
02389.HK,2025-03-03,0.077,0.078,0.077,0.077,792000.0,0.0
02389.HK,2025-03-04,0.077,0.077,0.074,0.077,270000.0,0.0
02389.HK,2025-03-05,0.078,0.078,0.077,0.078,660000.0,0.0
02389.HK,2025-03-06,0.078,0.078,0.078,0.078,70000.0,0.0
02389.HK,2025-03-07,0.077,0.077,0.076,0.077,426000.0,0.0
02389.HK,2025-03-10,0.077,0.078,0.077,0.078,750000.0,0.0
02389.HK,2025-03-11,0.079,0.079,0.079,0.079,570000.0,0.0
02389.HK,2025-03-12,0.08,0.08,0.072,0.078,2076000.0,0.0
02389.HK,2025-03-13,0.075,0.078,0.073,0.078,1830000.0,0.0
02389.HK,2025-03-14,0.078,0.078,0.077,0.077,3708000.0,0.0
02389.HK,2025-03-17,0.079,0.079,0.074,0.077,1812000.0,0.0
02389.HK,2025-03-18,0.077,0.077,0.077,0.077,1584000.0,0.0
02389.HK,2025-03-19,0.077,0.077,0.077,0.077,42000.0,0.0
02389.HK,2025-03-20,0.077,0.077,0.077,0.077,0.0,0.0
02389.HK,2025-03-21,0.078,0.078,0.078,0.078,186000.0,0.0
02389.HK,2025-03-24,0.08,0.08,0.076,0.078,4884000.0,0.0
02389.HK,2025-03-25,0.079,0.079,0.079,0.079,180000.0,0.0
02389.HK,2025-03-26,0.079,0.079,0.078,0.078,1632000.0,0.0
02389.HK,2025-03-27,0.078,0.078,0.078,0.078,1488000.0,0.0
02389.HK,2025-03-28,0.079,0.079,0.078,0.078,162000.0,0.0
02389.HK,2025-03-31,0.079,0.079,0.078,0.079,14952000.0,0.0
02389.HK,2025-04-01,0.078,0.078,0.078,0.078,882000.0,0.0
02389.HK,2025-04-02,0.078,0.078,0.078,0.078,144000.0,0.0
02389.HK,2025-04-03,0.078,0.078,0.078,0.078,0.0,0.0
02389.HK,2025-04-07,0.077,0.078,0.076,0.077,7974000.0,0.0
02389.HK,2025-04-08,0.077,0.08,0.077,0.077,22872000.0,0.0
02389.HK,2025-04-09,0.078,0.078,0.077,0.077,1626000.0,0.0
02389.HK,2025-04-10,0.075,0.076,0.075,0.076,36000.0,0.0
02389.HK,2025-04-11,0.076,0.076,0.076,0.076,702000.0,0.0
02389.HK,2025-04-14,0.074,0.077,0.066,0.076,5376000.0,0.0
02389.HK,2025-04-15,0.076,0.076,0.076,0.076,48000.0,0.0
02389.HK,2025-04-16,0.071,0.076,0.071,0.076,36000.0,0.0
02389.HK,2025-04-17,0.076,0.076,0.076,0.076,0.0,0.0
02389.HK,2025-04-22,0.076,0.076,0.076,0.076,0.0,0.0
02389.HK,2025-04-23,0.076,0.076,0.076,0.076,0.0,0.0
02389.HK,2025-04-24,0.077,0.077,0.076,0.076,42000.0,0.0
02389.HK,2025-04-25,0.077,0.077,0.077,0.077,192000.0,0.0
02389.HK,2025-04-28,0.077,0.077,0.077,0.077,0.0,0.0
02389.HK,2025-04-29,0.078,0.078,0.078,0.078,18000.0,0.0
02389.HK,2025-04-30,0.078,0.078,0.078,0.078,0.0,0.0
02389.HK,2025-05-02,0.08,0.08,0.079,0.079,198000.0,0.0
02389.HK,2025-05-06,0.079,0.088,0.079,0.08,324000.0,0.0
02389.HK,2025-05-07,0.08,0.08,0.08,0.08,192000.0,0.0
02389.HK,2025-05-08,0.081,0.081,0.08,0.08,108000.0,0.0
02389.HK,2025-05-09,0.08,0.081,0.08,0.081,1850000.0,0.0
02389.HK,2025-05-12,0.081,0.081,0.081,0.081,0.0,0.0
02389.HK,2025-05-13,0.08,0.084,0.08,0.081,1034000.0,0.0
02389.HK,2025-05-14,0.08,0.081,0.08,0.08,2066000.0,0.0
02389.HK,2025-05-15,0.08,0.081,0.08,0.08,108000.0,0.0
02389.HK,2025-05-16,0.078,0.078,0.075,0.078,18000.0,0.0
02389.HK,2025-05-19,0.078,0.078,0.078,0.078,0.0,0.0
02389.HK,2025-05-20,0.078,0.08,0.076,0.08,1440000.0,0.0
02389.HK,2025-05-21,0.083,0.083,0.08,0.08,2778000.0,0.0
02389.HK,2025-05-22,0.08,0.08,0.08,0.08,2658000.0,0.0
02389.HK,2025-05-23,0.08,0.084,0.08,0.081,1950000.0,0.0
02389.HK,2025-05-26,0.085,0.085,0.082,0.082,402000.0,0.0
02389.HK,2025-05-27,0.084,0.084,0.083,0.084,120000.0,0.0
02389.HK,2025-05-28,0.082,0.082,0.081,0.081,42000.0,0.0
02389.HK,2025-05-29,0.081,0.081,0.081,0.081,1248000.0,0.0
02389.HK,2025-05-30,0.082,0.082,0.078,0.081,4002000.0,0.0
02389.HK,2025-06-02,0.08,0.08,0.073,0.08,2592000.0,0.0
02389.HK,2025-06-03,0.08,0.081,0.08,0.081,156000.0,0.0
02389.HK,2025-06-04,0.081,0.081,0.081,0.081,0.0,0.0
02389.HK,2025-06-05,0.081,0.081,0.081,0.081,1212000.0,0.0
02389.HK,2025-06-06,0.081,0.081,0.081,0.081,0.0,0.0
02389.HK,2025-06-09,0.081,0.082,0.081,0.082,3732000.0,0.0
02389.HK,2025-06-10,0.083,0.083,0.083,0.083,42000.0,0.0
02389.HK,2025-06-11,0.083,0.083,0.083,0.083,0.0,0.0
02389.HK,2025-06-12,0.083,0.083,0.083,0.083,168000.0,0.0
02389.HK,2025-06-13,0.081,0.084,0.078,0.084,1800000.0,0.0
02389.HK,2025-06-16,0.081,0.082,0.081,0.081,2448000.0,0.0
02389.HK,2025-06-17,0.081,0.081,0.081,0.081,0.0,0.0
02389.HK,2025-06-18,0.081,0.081,0.081,0.081,18000.0,0.0
02389.HK,2025-06-19,0.081,0.088,0.081,0.088,468000.0,0.0
02389.HK,2025-06-20,0.083,0.083,0.083,0.083,42000.0,0.0
02389.HK,2025-06-23,0.083,0.083,0.083,0.083,0.0,0.0
02389.HK,2025-06-24,0.083,0.086,0.076,0.078,2610000.0,0.0
02389.HK,2025-06-25,0.078,0.081,0.073,0.081,3222000.0,0.0
02389.HK,2025-06-26,0.086,0.098,0.079,0.085,4428000.0,0.0
02389.HK,2025-06-27,0.085,0.092,0.081,0.084,3198000.0,0.0
02389.HK,2025-06-30,0.085,0.088,0.083,0.088,306000.0,0.0
02389.HK,2025-07-02,0.087,0.095,0.085,0.094,690000.0,0.0
02389.HK,2025-07-03,0.093,0.098,0.084,0.087,2346000.0,0.0
02389.HK,2025-07-04,0.084,0.093,0.084,0.087,300000.0,0.0
02389.HK,2025-07-07,0.089,0.089,0.089,0.089,144000.0,0.0
02389.HK,2025-07-08,0.09,0.091,0.087,0.089,210000.0,0.0
02389.HK,2025-07-09,0.095,0.1,0.089,0.095,384000.0,0.0
02389.HK,2025-07-10,0.093,0.099,0.088,0.092,156000.0,0.0
02389.HK,2025-07-11,0.095,0.099,0.091,0.094,204000.0,0.0
02389.HK,2025-07-14,0.09,0.098,0.09,0.095,1968000.0,0.0
02389.HK,2025-07-15,0.091,0.095,0.082,0.092,4500000.0,0.0
02389.HK,2025-07-16,0.091,0.094,0.091,0.094,330000.0,0.0
02389.HK,2025-07-17,0.091,0.091,0.09,0.09,1392000.0,0.0
02389.HK,2025-07-18,0.091,0.093,0.09,0.093,492000.0,0.0
02389.HK,2025-07-21,0.087,0.095,0.087,0.095,894000.0,0.0
02389.HK,2025-07-22,0.096,0.098,0.092,0.092,522000.0,0.0
02389.HK,2025-07-23,0.092,0.094,0.09,0.09,2874000.0,0.0
02389.HK,2025-07-24,0.09,0.093,0.09,0.093,1476000.0,0.0
02389.HK,2025-07-25,0.094,0.11,0.09,0.094,4668000.0,0.0
02389.HK,2025-07-28,0.09,0.094,0.09,0.094,4140000.0,0.0
02389.HK,2025-07-29,0.09,0.093,0.09,0.093,48000.0,0.0
02389.HK,2025-07-30,0.092,0.092,0.092,0.092,90000.0,0.0
02389.HK,2025-07-31,0.09,0.09,0.086,0.089,360000.0,0.0
02389.HK,2025-08-01,0.09,0.09,0.088,0.088,138000.0,0.0
02389.HK,2025-08-04,0.093,0.093,0.088,0.088,132000.0,0.0
02389.HK,2025-08-05,0.09,0.094,0.09,0.094,180000.0,0.0
02389.HK,2025-08-06,0.092,0.094,0.092,0.094,78000.0,0.0
02389.HK,2025-08-07,0.09,0.093,0.09,0.091,2622000.0,0.0
02389.HK,2025-08-08,0.091,0.091,0.091,0.091,0.0,0.0
02389.HK,2025-08-11,0.091,0.091,0.09,0.091,186000.0,0.0
02389.HK,2025-08-12,0.093,0.093,0.09,0.092,24000.0,0.0
02389.HK,2025-08-13,0.09,0.093,0.09,0.092,1974000.0,0.0
02389.HK,2025-08-14,0.092,0.093,0.09,0.091,108000.0,0.0
02389.HK,2025-08-15,0.091,0.091,0.09,0.091,318000.0,0.0
02389.HK,2025-08-18,0.092,0.092,0.08,0.088,10032000.0,0.0
02389.HK,2025-08-19,0.089,0.089,0.082,0.085,3282000.0,0.0
02389.HK,2025-08-20,0.084,0.087,0.084,0.086,3114000.0,0.0
02389.HK,2025-08-21,0.086,0.089,0.086,0.086,2106000.0,0.0
02389.HK,2025-08-22,0.087,0.087,0.086,0.086,156000.0,0.0
02389.HK,2025-08-25,0.088,0.088,0.086,0.086,792000.0,0.0
02389.HK,2025-08-26,0.086,0.086,0.086,0.086,1440000.0,0.0
02389.HK,2025-08-27,0.086,0.087,0.086,0.086,558000.0,0.0
02389.HK,2025-08-28,0.087,0.087,0.086,0.087,510000.0,0.0
02389.HK,2025-08-29,0.086,0.087,0.086,0.087,414000.0,0.0
02389.HK,2025-09-01,0.088,0.088,0.08,0.086,4584000.0,0.0
02389.HK,2025-09-02,0.086,0.088,0.085,0.085,192000.0,0.0
02389.HK,2025-09-03,0.085,0.085,0.085,0.085,5514000.0,0.0
02389.HK,2025-09-04,0.085,0.085,0.085,0.085,1776000.0,0.0
02389.HK,2025-09-05,0.084,0.085,0.084,0.084,240000.0,0.0
02389.HK,2025-09-08,0.087,0.087,0.084,0.084,594000.0,0.0
02389.HK,2025-09-09,0.084,0.085,0.082,0.085,1008000.0,0.0
02389.HK,2025-09-10,0.085,0.088,0.084,0.085,984000.0,0.0
02389.HK,2025-09-11,0.084,0.088,0.083,0.085,336000.0,0.0
02389.HK,2025-09-12,0.084,0.085,0.084,0.085,1416000.0,0.0
02389.HK,2025-09-15,0.084,0.086,0.084,0.086,690000.0,0.0
02389.HK,2025-09-16,0.085,0.087,0.085,0.087,432000.0,0.0
02389.HK,2025-09-17,0.087,0.087,0.087,0.087,0.0,0.0
02389.HK,2025-09-18,0.085,0.086,0.085,0.086,4050000.0,0.0
02389.HK,2025-09-19,0.086,0.086,0.085,0.086,174000.0,0.0
02389.HK,2025-09-22,0.086,0.086,0.086,0.086,0.0,0.0
02389.HK,2025-09-23,0.085,0.085,0.083,0.085,6012000.0,0.0
02389.HK,2025-09-24,0.086,0.086,0.086,0.086,36000.0,0.0
02389.HK,2025-09-25,0.086,0.086,0.084,0.085,6342000.0,0.0
02389.HK,2025-09-26,0.085,0.085,0.085,0.085,0.0,0.0
02389.HK,2025-09-29,0.085,0.085,0.082,0.085,1164000.0,0.0
02389.HK,2025-09-30,0.083,0.083,0.083,0.083,18000.0,0.0
02389.HK,2025-10-02,0.083,0.086,0.083,0.085,1794000.0,0.0
02389.HK,2025-10-03,0.082,0.083,0.082,0.083,1398000.0,0.0
02389.HK,2025-10-06,0.083,0.084,0.082,0.084,252000.0,0.0
02389.HK,2025-10-08,0.082,0.083,0.081,0.083,978000.0,0.0
02389.HK,2025-10-09,0.083,0.083,0.081,0.082,432000.0,0.0
02389.HK,2025-10-10,0.082,0.082,0.08,0.08,306000.0,0.0
02389.HK,2025-10-13,0.08,0.08,0.077,0.078,2778000.0,0.0
02389.HK,2025-10-14,0.08,0.081,0.075,0.076,846000.0,0.0
02389.HK,2025-10-15,0.076,0.078,0.075,0.078,936000.0,0.0
02389.HK,2025-10-16,0.075,0.078,0.075,0.078,180000.0,0.0
02389.HK,2025-10-17,0.074,0.075,0.072,0.074,3180000.0,0.0
02389.HK,2025-10-20,0.08,0.08,0.073,0.073,228000.0,0.0
02389.HK,2025-10-21,0.073,0.073,0.073,0.073,558000.0,0.0
02389.HK,2025-10-22,0.073,0.074,0.073,0.074,14838000.0,0.0
02389.HK,2025-10-23,0.072,0.077,0.072,0.077,912000.0,0.0
02389.HK,2025-10-24,0.075,0.076,0.071,0.071,1518000.0,0.0
02389.HK,2025-10-27,0.073,0.075,0.073,0.074,738000.0,0.0
02389.HK,2025-10-28,0.075,0.075,0.072,0.074,66000.0,0.0
02389.HK,2025-10-30,0.074,0.078,0.072,0.074,192000.0,0.0
02389.HK,2025-10-31,0.075,0.075,0.075,0.075,0.0,0.0
02389.HK,2025-11-03,0.074,0.076,0.072,0.076,1362000.0,0.0
02389.HK,2025-11-04,0.077,0.079,0.074,0.076,156000.0,0.0
02389.HK,2025-11-05,0.074,0.075,0.073,0.075,72000.0,0.0
02389.HK,2025-11-06,0.075,0.076,0.074,0.076,30000.0,0.0
02389.HK,2025-11-07,0.073,0.075,0.073,0.073,912000.0,0.0
02389.HK,2025-11-10,0.077,0.077,0.074,0.075,120000.0,0.0
02389.HK,2025-11-11,0.076,0.076,0.074,0.075,36000.0,0.0
02389.HK,2025-11-12,0.075,0.077,0.072,0.076,1560000.0,0.0
02389.HK,2025-11-13,0.075,0.076,0.073,0.076,102000.0,0.0
02389.HK,2025-11-14,0.074,0.075,0.074,0.075,126000.0,0.0
02389.HK,2025-11-17,0.074,0.074,0.072,0.074,852000.0,0.0
02389.HK,2025-11-18,0.073,0.075,0.073,0.074,180000.0,0.0
02389.HK,2025-11-19,0.074,0.074,0.072,0.074,294000.0,0.0
02389.HK,2025-11-20,0.074,0.074,0.073,0.074,102000.0,0.0
02389.HK,2025-11-21,0.074,0.074,0.074,0.074,0.0,0.0
02389.HK,2025-11-24,0.074,0.074,0.074,0.074,0.0,0.0
02389.HK,2025-11-25,0.073,0.074,0.07,0.074,3144000.0,0.0
02389.HK,2025-11-26,0.074,0.075,0.07,0.072,462000.0,0.0
02389.HK,2025-11-27,0.073,0.073,0.07,0.07,468000.0,0.0
02389.HK,2025-11-28,0.066,0.075,0.066,0.075,648000.0,0.0
02389.HK,2025-12-01,0.074,0.075,0.073,0.075,174000.0,0.0
02389.HK,2025-12-02,0.075,0.078,0.073,0.077,78000.0,0.0
02389.HK,2025-12-03,0.075,0.075,0.071,0.071,408000.0,0.0
02389.HK,2025-12-04,0.075,0.075,0.075,0.075,0.0,0.0
02389.HK,2025-12-05,0.073,0.073,0.073,0.073,720000.0,0.0
02389.HK,2025-12-08,0.073,0.076,0.073,0.076,312000.0,0.0
02389.HK,2025-12-09,0.076,0.076,0.07,0.072,78000.0,0.0
02389.HK,2025-12-10,0.072,0.072,0.06,0.067,30582000.0,0.0
02389.HK,2025-12-11,0.067,0.067,0.06,0.066,21312000.0,0.0
02389.HK,2025-12-12,0.062,0.07,0.062,0.07,1566000.0,0.0
02389.HK,2025-12-15,0.07,0.07,0.064,0.068,294000.0,0.0
02389.HK,2025-12-16,0.064,0.067,0.064,0.066,960000.0,0.0
02389.HK,2025-12-17,0.067,0.068,0.066,0.068,1464000.0,0.0
02389.HK,2025-12-18,0.066,0.069,0.066,0.068,4926000.0,0.0
02389.HK,2025-12-19,0.069,0.069,0.065,0.065,1482000.0,0.0
02389.HK,2025-12-22,0.065,0.068,0.065,0.067,3003000.0,0.0
02389.HK,2025-12-23,0.067,0.07,0.063,0.07,918000.0,0.0
02389.HK,2025-12-24,0.07,0.07,0.07,0.07,0.0,0.0
02389.HK,2025-12-29,0.066,0.07,0.066,0.068,1158000.0,0.0
02389.HK,2025-12-30,0.066,0.068,0.066,0.066,278275.0,0.0
02389.HK,2025-12-31,0.063,0.064,0.063,0.064,60000.0,0.0
02389.HK,2026-01-02,0.062,0.066,0.062,0.065,318000.0,0.0
02389.HK,2026-01-05,0.064,0.065,0.064,0.065,768000.0,0.0
02389.HK,2026-01-06,0.066,0.067,0.064,0.065,3252000.0,0.0
02389.HK,2026-01-07,0.066,0.074,0.065,0.067,4050000.0,0.0
02389.HK,2026-01-08,0.068,0.068,0.064,0.068,252000.0,0.0
02389.HK,2026-01-09,0.066,0.07,0.064,0.07,2622000.0,0.0
02389.HK,2026-01-12,0.067,0.07,0.065,0.067,792000.0,0.0
02389.HK,2026-01-13,0.067,0.067,0.065,0.066,2874000.0,0.0
02389.HK,2026-01-14,0.065,0.066,0.065,0.066,846000.0,0.0
02389.HK,2026-01-15,0.066,0.066,0.064,0.064,228000.0,0.0
02389.HK,2026-01-16,0.064,0.066,0.061,0.065,60000.0,0.0
02389.HK,2026-01-19,0.065,0.065,0.065,0.065,90000.0,0.0
02389.HK,2026-01-20,0.065,0.07,0.063,0.067,1176000.0,0.0
02389.HK,2026-01-21,0.067,0.068,0.063,0.066,612000.0,0.0
02389.HK,2026-01-22,0.065,0.065,0.064,0.064,528000.0,0.0
02389.HK,2026-01-23,0.066,0.066,0.063,0.065,744000.0,0.0
02389.HK,2026-01-26,0.065,0.066,0.062,0.066,1794000.0,0.0
02389.HK,2026-01-27,0.063,0.064,0.063,0.064,138000.0,0.0
02389.HK,2026-01-28,0.064,0.065,0.063,0.063,894000.0,0.0
02389.HK,2026-01-29,0.063,0.066,0.06,0.066,7056000.0,0.0
02389.HK,2026-01-30,0.063,0.063,0.062,0.062,588000.0,0.0
02389.HK,2026-02-02,0.063,0.063,0.062,0.062,222000.0,0.0
02389.HK,2026-02-03,0.062,0.064,0.062,0.062,696000.0,0.0
02389.HK,2026-02-04,0.061,0.062,0.061,0.062,882000.0,0.0
02389.HK,2026-02-05,0.064,0.064,0.064,0.064,288000.0,0.0
02389.HK,2026-02-06,0.063,0.063,0.062,0.062,1566000.0,0.0
02389.HK,2026-02-09,0.061,0.061,0.06,0.061,3504000.0,0.0
02389.HK,2026-02-10,0.056,0.061,0.056,0.06,8208000.0,0.0
02389.HK,2026-02-11,0.057,0.063,0.057,0.061,16428000.0,0.0
02389.HK,2026-02-12,0.061,0.063,0.061,0.063,540000.0,0.0
02389.HK,2026-02-13,0.061,0.063,0.061,0.063,1224000.0,0.0
02389.HK,2026-02-16,0.062,0.062,0.061,0.061,24000.0,0.0
02389.HK,2026-02-20,0.063,0.063,0.062,0.063,120000.0,0.0
02389.HK,2026-02-23,0.063,0.067,0.062,0.067,2766000.0,0.0
02389.HK,2026-02-24,0.065,0.066,0.065,0.066,12000.0,0.0
02389.HK,2026-02-25,0.066,0.067,0.066,0.066,66000.0,0.0
02389.HK,2026-02-26,0.063,0.065,0.063,0.063,90000.0,0.0
02389.HK,2026-02-27,0.067,0.069,0.063,0.069,630000.0,0.0
02389.HK,2026-03-02,0.065,0.068,0.064,0.067,708000.0,0.0
02389.HK,2026-03-03,0.065,0.066,0.064,0.066,996000.0,0.0
02389.HK,2026-03-04,0.062,0.064,0.06,0.064,534000.0,0.0
02389.HK,2026-03-05,0.065,0.069,0.063,0.069,252000.0,0.0
02389.HK,2026-03-06,0.068,0.07,0.064,0.07,324000.0,0.0
02389.HK,2026-03-09,0.07,0.07,0.066,0.069,636000.0,0.0
02389.HK,2026-03-10,0.067,0.072,0.067,0.072,564000.0,0.0
02389.HK,2026-03-11,0.072,0.072,0.068,0.072,2196000.0,0.0
02389.HK,2026-03-12,0.07,0.073,0.068,0.073,780000.0,0.0
02389.HK,2026-03-13,0.069,0.072,0.069,0.072,342000.0,0.0
02389.HK,2026-03-16,0.07,0.07,0.067,0.07,48000.0,0.0
02389.HK,2026-03-17,0.07,0.07,0.07,0.07,0.0,0.0
02389.HK,2026-03-18,0.066,0.066,0.063,0.066,438000.0,0.0
02389.HK,2026-03-19,0.065,0.068,0.062,0.068,322000.0,0.0
02389.HK,2026-03-20,0.063,0.063,0.06,0.062,4260000.0,0.0
02389.HK,2026-03-23,0.065,0.065,0.063,0.063,2802000.0,0.0
02389.HK,2026-03-24,0.066,0.066,0.064,0.064,660000.0,0.0
02389.HK,2026-03-25,0.064,0.066,0.064,0.066,132000.0,0.0
02389.HK,2026-03-26,0.064,0.064,0.064,0.064,96000.0,0.0
02389.HK,2026-03-27,0.065,0.065,0.064,0.065,1126000.0,0.0
02389.HK,2026-03-30,0.061,0.065,0.06,0.064,558000.0,0.0
02389.HK,2026-03-31,0.064,0.065,0.064,0.064,480000.0,0.0
02389.HK,2026-04-01,0.064,0.064,0.06,0.063,1452000.0,0.0
02389.HK,2026-04-02,0.057,0.063,0.057,0.063,954000.0,0.0
02389.HK,2026-04-08,0.064,0.064,0.06,0.063,1470000.0,0.0
02389.HK,2026-04-09,0.063,0.064,0.063,0.064,78000.0,0.0
02389.HK,2026-04-10,0.064,0.064,0.064,0.064,0.0,0.0
02389.HK,2026-04-13,0.065,0.065,0.064,0.064,612000.0,0.0
02389.HK,2026-04-14,0.064,0.065,0.064,0.064,72000.0,0.0
02389.HK,2026-04-15,0.064,0.064,0.064,0.064,1308000.0,0.0
02389.HK,2026-04-16,0.063,0.066,0.06,0.064,1692000.0,0.0
02389.HK,2026-04-17,0.064,0.064,0.064,0.064,2910000.0,0.0
02389.HK,2026-04-20,0.065,0.065,0.064,0.064,114000.0,0.0
02389.HK,2026-04-21,0.065,0.065,0.065,0.065,90000.0,0.0
02389.HK,2026-04-22,0.065,0.065,0.065,0.065,0.0,0.0
02389.HK,2026-04-23,0.065,0.065,0.065,0.065,0.0,0.0
02389.HK,2026-04-24,0.065,0.065,0.065,0.065,306000.0,0.0
02389.HK,2026-04-27,0.066,0.067,0.065,0.067,678000.0,0.0
02389.HK,2026-04-28,0.065,0.065,0.065,0.065,348000.0,0.0
02389.HK,2026-04-29,0.065,0.065,0.065,0.065,66000.0,0.0
02389.HK,2026-04-30,0.065,0.065,0.065,0.065,354000.0,0.0
02389.HK,2026-05-04,0.066,0.066,0.061,0.065,2556000.0,0.0
02389.HK,2026-05-05,0.066,0.068,0.066,0.068,330000.0,0.0
02389.HK,2026-05-06,0.068,0.069,0.066,0.067,72000.0,0.0
02389.HK,2026-05-07,0.067,0.067,0.067,0.067,180000.0,0.0
02389.HK,2026-05-08,0.071,0.071,0.066,0.069,396000.0,0.0
02389.HK,2026-05-11,0.066,0.069,0.066,0.069,36000.0,0.0
02389.HK,2026-05-12,0.065,0.071,0.065,0.07,1512000.0,0.0
02389.HK,2026-05-13,0.07,0.071,0.07,0.07,2382000.0,0.0
02389.HK,2026-05-14,0.07,0.071,0.07,0.071,378000.0,0.0
02389.HK,2026-05-15,0.07,0.072,0.07,0.071,1350000.0,0.0
02389.HK,2026-05-18,0.07,0.07,0.07,0.07,330000.0,0.0
02389.HK,2026-05-19,0.07,0.07,0.07,0.07,102000.0,0.0
02389.HK,2026-05-20,0.069,0.069,0.063,0.069,318000.0,20778.0
02389.HK,2026-05-21,0.065,0.068,0.065,0.065,150000.0,0.0
02389.HK,2026-05-22,0.067,0.067,0.066,0.066,24000.0,0.0
02389.HK,2026-05-26,0.065,0.066,0.062,0.066,1260000.0,0.0
02389.HK,2026-05-27,0.065,0.065,0.063,0.065,102000.0,0.0
02389.HK,2026-05-28,0.065,0.065,0.065,0.065,0.0,0.0
02389.HK,2026-05-29,0.065,0.071,0.063,0.066,2574000.0,165444.0
02389.HK,2026-06-01,0.069,0.069,0.066,0.066,360000.0,0.0
02389.HK,2026-06-02,0.067,0.068,0.067,0.067,1782000.0,0.0
02389.HK,2026-06-03,0.069,0.069,0.069,0.069,258000.0,0.0
