symbol,datetime,open,high,low,close,volume,amount
301302.SZ,2022-06-23,60.0,72.99,60.0,67.04,159723.4,1026279.99
301302.SZ,2022-06-24,63.0,64.79,61.56,61.6,109244.08,686696.95
301302.SZ,2022-06-27,61.88,64.8,60.03,62.88,86030.0,536287.06
301302.SZ,2022-06-28,61.71,64.94,60.3,64.53,77225.32,486441.01
301302.SZ,2022-06-29,63.51,67.21,62.35,63.64,69980.99,450643.28
301302.SZ,2022-06-30,62.6,63.98,61.21,61.34,49642.01,307916.4
301302.SZ,2022-07-01,61.35,69.6,60.8,66.45,77576.02,503419.37
301302.SZ,2022-07-04,70.74,72.12,68.0,70.98,79917.75,559824.19
301302.SZ,2022-07-05,70.0,75.0,69.68,71.91,60219.63,435393.73
301302.SZ,2022-07-06,71.51,72.72,69.0,70.98,36888.55,261615.23
301302.SZ,2022-07-07,71.23,74.23,67.9,68.3,52789.37,371226.03
301302.SZ,2022-07-08,68.01,70.33,67.21,68.5,29071.89,200116.23
301302.SZ,2022-07-11,68.69,68.82,63.45,64.05,45411.49,294775.06
301302.SZ,2022-07-12,64.1,65.38,63.41,63.9,22800.32,146841.19
301302.SZ,2022-07-13,63.6,63.89,62.05,63.35,19525.38,123014.32
301302.SZ,2022-07-14,62.72,66.0,62.72,65.3,25822.06,166741.78
301302.SZ,2022-07-15,65.18,66.52,64.02,64.81,22732.61,148428.39
301302.SZ,2022-07-18,64.2,64.77,62.09,63.5,26089.47,164350.16
301302.SZ,2022-07-19,63.34,66.4,62.85,66.4,29205.53,188916.3
301302.SZ,2022-07-20,66.1,68.68,65.52,66.35,34416.83,231215.22
301302.SZ,2022-07-21,65.88,67.58,64.47,64.47,27803.57,183242.21
301302.SZ,2022-07-22,64.0,66.9,63.16,65.69,26653.81,173374.69
301302.SZ,2022-07-25,65.69,67.79,65.0,67.46,26995.85,179872.01
301302.SZ,2022-07-26,67.5,67.56,65.8,66.2,23221.61,154455.1
301302.SZ,2022-07-27,65.55,67.8,65.5,65.71,22720.02,151130.27
301302.SZ,2022-07-28,65.49,66.66,64.65,64.75,23115.07,151510.39
301302.SZ,2022-07-29,64.55,65.27,63.88,64.44,20142.29,129869.58
301302.SZ,2022-08-01,65.2,66.89,64.64,64.81,21498.98,140491.32
301302.SZ,2022-08-02,64.7,66.46,62.03,62.03,30080.85,191919.71
301302.SZ,2022-08-03,62.09,66.66,61.4,64.03,42662.81,274648.53
301302.SZ,2022-08-04,63.0,64.5,62.32,63.35,27478.96,173454.5
301302.SZ,2022-08-05,64.45,68.68,64.05,68.29,53272.82,354353.3
301302.SZ,2022-08-08,67.89,69.5,66.59,68.04,28898.91,196469.79
301302.SZ,2022-08-09,67.81,68.88,66.77,68.78,25044.05,169929.5
301302.SZ,2022-08-10,69.0,69.98,68.01,69.0,25099.08,172775.73
301302.SZ,2022-08-11,68.6,69.16,66.89,67.38,27337.97,185232.96
301302.SZ,2022-08-12,67.07,67.95,64.7,64.72,22903.54,152025.78
301302.SZ,2022-08-15,64.08,65.4,64.08,64.8,14970.02,96851.43
301302.SZ,2022-08-16,64.8,65.69,64.5,65.06,10846.03,70522.41
301302.SZ,2022-08-17,64.86,65.18,63.23,65.15,15615.01,100351.75
301302.SZ,2022-08-18,64.9,66.44,64.68,66.0,14217.42,93395.75
301302.SZ,2022-08-19,66.4,68.2,63.8,64.08,23249.01,153661.85
301302.SZ,2022-08-22,63.59,64.89,63.4,63.7,18213.69,116456.0
301302.SZ,2022-08-23,64.19,64.7,62.88,62.91,15691.0,99680.53
301302.SZ,2022-08-24,62.78,63.1,58.88,59.41,27605.29,168028.03
301302.SZ,2022-08-25,60.01,60.38,57.77,58.25,16563.62,97312.16
301302.SZ,2022-08-26,58.26,58.85,56.0,56.17,15218.12,87366.09
301302.SZ,2022-08-29,56.5,58.68,56.0,58.3,13247.64,76562.3
301302.SZ,2022-08-30,58.1,59.0,57.8,58.44,7908.64,46197.14
301302.SZ,2022-08-31,58.16,58.19,55.8,56.78,10134.88,57650.36
301302.SZ,2022-09-01,56.68,58.1,56.66,57.47,7122.7,40990.29
301302.SZ,2022-09-02,57.65,58.9,57.65,58.68,8970.93,52256.44
301302.SZ,2022-09-05,58.26,58.8,57.71,58.12,6397.52,37239.17
301302.SZ,2022-09-06,58.01,58.5,57.81,58.11,6436.61,37381.77
301302.SZ,2022-09-07,57.88,58.38,57.36,57.61,10355.95,59901.43
301302.SZ,2022-09-08,57.69,57.89,56.01,56.14,9072.47,51549.48
301302.SZ,2022-09-09,56.15,56.63,55.88,56.22,5728.7,32219.24
301302.SZ,2022-09-13,56.57,57.35,56.22,56.39,7912.74,44889.52
301302.SZ,2022-09-14,55.0,56.57,54.5,56.42,7758.37,43092.48
301302.SZ,2022-09-15,56.78,57.0,54.56,55.37,8709.98,48347.92
301302.SZ,2022-09-16,55.25,57.69,55.11,56.5,13695.79,77668.05
301302.SZ,2022-09-19,56.84,58.58,56.38,57.17,14893.57,85688.85
301302.SZ,2022-09-20,56.97,58.36,56.64,57.4,10842.8,62535.07
301302.SZ,2022-09-21,57.03,60.4,56.21,59.25,18650.43,109301.6
301302.SZ,2022-09-22,58.8,60.88,58.73,60.21,14305.01,86048.8
301302.SZ,2022-09-23,60.1,60.42,58.1,58.13,8454.03,49862.19
301302.SZ,2022-09-26,57.92,58.38,56.4,56.45,7775.18,44582.43
301302.SZ,2022-09-27,56.21,57.28,56.21,57.26,6131.93,34874.76
301302.SZ,2022-09-28,57.02,57.3,53.54,53.59,12469.67,68808.41
301302.SZ,2022-09-29,54.04,54.88,52.54,52.9,7356.81,39402.17
301302.SZ,2022-09-30,53.0,53.32,50.5,50.5,10918.27,56414.27
301302.SZ,2022-10-10,51.0,51.39,48.88,49.12,6560.0,32667.68
301302.SZ,2022-10-11,49.94,50.9,49.13,50.28,4651.63,23285.99
301302.SZ,2022-10-12,50.1,53.2,49.68,53.11,8836.76,45628.17
301302.SZ,2022-10-13,52.95,54.09,52.38,53.05,6205.31,33180.78
301302.SZ,2022-10-14,53.15,54.15,53.07,53.95,5829.48,31365.05
301302.SZ,2022-10-17,54.14,57.62,53.81,57.07,11991.72,67744.57
301302.SZ,2022-10-18,56.7,56.77,55.68,55.86,7253.21,40717.63
301302.SZ,2022-10-19,55.58,56.98,55.58,55.7,4747.14,26551.69
301302.SZ,2022-10-20,55.29,57.55,55.1,56.64,8700.65,49221.63
301302.SZ,2022-10-21,56.58,59.16,56.35,58.19,11488.68,66688.82
301302.SZ,2022-10-24,58.19,63.18,58.19,59.88,25819.99,157174.44
301302.SZ,2022-10-25,62.0,65.77,61.96,63.51,55128.53,352597.26
301302.SZ,2022-10-26,63.5,66.95,62.51,65.78,36169.55,237581.41
301302.SZ,2022-10-27,66.19,67.41,65.22,66.4,26584.86,176693.19
301302.SZ,2022-10-28,67.0,67.0,64.07,64.07,17152.35,111413.38
301302.SZ,2022-10-31,65.12,72.28,64.31,70.94,35451.0,248091.56
301302.SZ,2022-11-01,71.0,73.79,70.11,72.19,22394.03,160793.25
301302.SZ,2022-11-02,75.42,82.88,70.7,72.2,41582.67,312790.79
301302.SZ,2022-11-03,72.2,72.77,68.72,70.5,22739.83,160439.96
301302.SZ,2022-11-04,71.36,71.54,69.22,70.5,12866.86,90389.98
301302.SZ,2022-11-07,70.8,73.49,70.73,71.99,18465.42,133206.31
301302.SZ,2022-11-08,71.6,74.66,70.36,73.13,18455.87,134487.34
301302.SZ,2022-11-09,73.63,77.76,72.96,74.91,19577.71,148342.9
301302.SZ,2022-11-10,74.0,77.1,73.88,77.0,18757.64,141912.47
301302.SZ,2022-11-11,77.8,80.1,75.45,79.0,25201.44,196666.23
301302.SZ,2022-11-14,77.99,80.5,77.58,80.48,14904.22,118581.27
301302.SZ,2022-11-15,80.0,82.88,78.5,79.02,12090.5,96939.18
301302.SZ,2022-11-16,78.05,79.08,74.15,75.33,22280.39,169519.2
301302.SZ,2022-11-17,75.65,81.02,74.59,80.97,22534.4,176622.47
301302.SZ,2022-11-18,82.0,82.01,78.0,78.44,11646.44,92566.9
301302.SZ,2022-11-21,77.4,79.89,76.99,77.47,9392.08,73523.59
301302.SZ,2022-11-22,78.0,78.0,74.58,74.9,11564.59,87480.46
301302.SZ,2022-11-23,74.9,74.93,71.61,72.99,9095.62,66362.14
301302.SZ,2022-11-24,73.29,75.34,72.33,72.62,10335.25,75952.92
301302.SZ,2022-11-25,72.5,74.2,72.0,72.81,7977.0,58166.6
301302.SZ,2022-11-28,71.0,72.49,70.0,71.05,10241.46,72792.38
301302.SZ,2022-11-29,70.68,71.77,70.13,70.71,7479.72,53029.25
301302.SZ,2022-11-30,70.3,70.63,67.82,68.55,12257.68,84508.49
301302.SZ,2022-12-01,68.89,71.09,68.28,69.05,16974.17,117629.24
301302.SZ,2022-12-02,68.88,70.6,68.7,68.85,10172.26,70579.93
301302.SZ,2022-12-05,69.56,70.58,68.65,69.59,11504.0,79915.04
301302.SZ,2022-12-06,68.68,70.98,66.0,70.4,17709.0,121811.78
301302.SZ,2022-12-07,69.81,70.1,67.5,67.73,13626.0,93356.95
301302.SZ,2022-12-08,67.6,68.47,66.68,67.74,5099.0,34487.96
301302.SZ,2022-12-09,67.18,67.5,64.91,64.92,16749.03,110023.35
301302.SZ,2022-12-12,64.9,67.83,63.0,66.83,12020.0,79305.65
301302.SZ,2022-12-13,66.64,67.38,65.44,65.63,6371.99,42086.25
301302.SZ,2022-12-14,65.28,66.86,64.57,64.67,4019.0,26380.52
301302.SZ,2022-12-15,64.3,66.85,64.07,65.33,5074.0,33347.63
301302.SZ,2022-12-16,64.71,64.8,62.7,63.5,7917.0,50287.17
301302.SZ,2022-12-19,63.4,64.49,62.97,63.9,5344.74,34088.6
301302.SZ,2022-12-20,63.39,63.53,61.6,61.8,7179.71,44746.15
301302.SZ,2022-12-21,62.38,62.62,60.37,60.74,5327.0,32590.77
301302.SZ,2022-12-22,60.9,61.38,59.41,59.7,3936.95,23683.29
301302.SZ,2022-12-23,59.76,60.05,57.15,57.9,13674.37,79861.57
301302.SZ,2022-12-26,57.93,63.44,57.4,62.89,20186.34,124404.6
301302.SZ,2022-12-27,62.5,64.57,62.19,64.3,9507.2,60454.47
301302.SZ,2022-12-28,63.99,64.74,62.98,63.38,6581.28,41889.68
301302.SZ,2022-12-29,62.91,65.17,62.5,63.68,6811.58,43518.57
301302.SZ,2022-12-30,63.69,65.34,63.65,64.03,6218.79,40006.65
301302.SZ,2023-01-03,63.96,70.9,63.96,70.38,20767.66,142706.38
301302.SZ,2023-01-04,71.08,72.27,69.41,70.9,14086.94,99780.57
301302.SZ,2023-01-05,70.9,71.99,70.01,70.42,10839.6,76714.28
301302.SZ,2023-01-06,69.9,70.98,69.2,69.96,9131.75,63990.95
301302.SZ,2023-01-09,70.0,71.6,69.3,71.3,12926.42,91071.3
301302.SZ,2023-01-10,71.3,71.65,70.11,70.32,7085.71,50127.48
301302.SZ,2023-01-11,70.33,71.71,69.7,70.36,5869.76,41513.43
301302.SZ,2023-01-12,70.51,73.36,69.78,70.83,9996.08,71459.86
301302.SZ,2023-01-13,70.61,70.83,67.6,68.48,14809.37,101630.61
301302.SZ,2023-01-16,69.48,71.33,68.24,70.25,12202.49,85874.73
301302.SZ,2023-01-17,69.99,71.15,69.1,70.7,8619.07,60526.75
301302.SZ,2023-01-18,71.0,72.79,69.7,70.9,10339.01,73319.19
301302.SZ,2023-01-19,71.23,72.98,70.56,71.65,12886.23,92636.68
301302.SZ,2023-01-20,72.44,74.46,71.02,71.45,16533.67,120297.97
301302.SZ,2023-01-30,72.99,75.52,72.56,74.9,22936.62,170315.6
301302.SZ,2023-01-31,73.52,73.8,69.17,70.88,24431.21,172425.66
301302.SZ,2023-02-01,70.7,72.5,70.05,71.52,32361.85,230787.76
301302.SZ,2023-02-02,72.6,72.6,68.0,68.28,31031.16,216277.0
301302.SZ,2023-02-03,67.53,68.76,67.31,68.55,17626.4,120059.77
301302.SZ,2023-02-06,68.3,69.0,66.68,68.68,19077.09,129629.02
301302.SZ,2023-02-07,68.8,68.99,66.9,67.03,15720.49,106118.77
301302.SZ,2023-02-08,67.6,68.25,66.18,66.18,16655.41,111975.26
301302.SZ,2023-02-09,65.7,67.46,65.28,67.38,14449.91,96601.5
301302.SZ,2023-02-10,67.38,67.4,65.2,65.74,14507.97,96199.77
301302.SZ,2023-02-13,65.88,68.59,65.6,68.39,22518.6,152325.48
301302.SZ,2023-02-14,68.18,68.58,66.88,67.19,12132.93,81940.69
301302.SZ,2023-02-15,67.21,70.5,66.8,69.93,22624.27,156399.19
301302.SZ,2023-02-16,69.49,70.46,68.5,69.05,23153.95,160820.44
301302.SZ,2023-02-17,69.0,69.4,65.61,67.05,14324.53,96552.65
301302.SZ,2023-02-20,66.88,67.46,65.81,67.1,13063.0,86994.6
301302.SZ,2023-02-21,67.5,68.6,65.84,66.29,11416.77,76641.79
301302.SZ,2023-02-22,66.03,67.51,65.8,66.63,8937.75,59637.06
301302.SZ,2023-02-23,66.58,68.66,66.34,66.62,12616.4,84866.11
301302.SZ,2023-02-24,66.8,69.56,66.41,68.2,14792.46,100804.43
301302.SZ,2023-02-27,68.17,68.87,64.04,64.1,21691.84,143048.89
301302.SZ,2023-02-28,65.73,65.83,63.89,64.76,10067.69,65135.74
301302.SZ,2023-03-01,64.58,66.1,64.25,65.78,11652.37,76038.62
301302.SZ,2023-03-02,65.5,66.1,64.22,64.49,14806.02,95944.86
301302.SZ,2023-03-03,64.45,64.53,62.62,63.29,12209.94,77452.85
301302.SZ,2023-03-06,63.19,64.97,63.19,63.74,12788.82,81827.35
301302.SZ,2023-03-07,63.49,63.89,61.22,61.3,13726.76,85272.41
301302.SZ,2023-03-08,60.65,62.69,60.61,62.53,9007.75,56044.09
301302.SZ,2023-03-09,62.46,62.8,61.8,62.47,6411.5,39991.07
301302.SZ,2023-03-10,62.01,64.86,62.01,62.66,11519.63,72932.33
301302.SZ,2023-03-13,62.59,64.64,62.18,64.5,12480.89,79395.33
301302.SZ,2023-03-14,64.39,65.85,63.5,64.92,14780.61,95814.11
301302.SZ,2023-03-15,65.51,66.25,64.0,64.56,15128.21,98405.41
301302.SZ,2023-03-16,64.6,65.9,62.6,62.63,11375.05,72735.19
301302.SZ,2023-03-17,62.93,65.38,62.5,64.33,15060.86,96401.92
301302.SZ,2023-03-20,64.98,67.3,64.09,64.68,21083.5,137884.32
301302.SZ,2023-03-21,65.23,66.37,63.87,66.11,19905.15,130514.12
301302.SZ,2023-03-22,65.51,66.29,64.8,65.41,14403.07,94239.89
301302.SZ,2023-03-23,65.0,66.68,64.32,66.52,20219.1,132431.8
301302.SZ,2023-03-24,67.62,70.46,66.77,69.24,32742.34,224099.58
301302.SZ,2023-03-27,69.17,72.49,69.17,70.98,40401.49,286900.23
301302.SZ,2023-03-28,70.97,70.98,66.9,66.97,24255.36,166137.47
301302.SZ,2023-03-29,67.0,67.76,65.81,66.41,15616.94,104353.84
301302.SZ,2023-03-30,66.42,66.86,64.78,64.98,12993.27,85165.52
301302.SZ,2023-03-31,64.76,66.5,64.01,65.8,11219.74,73190.65
301302.SZ,2023-04-03,65.33,67.67,65.33,67.55,14837.3,98771.43
301302.SZ,2023-04-04,67.65,68.2,66.01,67.74,14910.99,100459.95
301302.SZ,2023-04-06,66.9,66.95,64.12,66.2,19266.08,125845.09
301302.SZ,2023-04-07,66.8,67.49,65.54,66.98,10152.4,67700.6
301302.SZ,2023-04-10,67.1,68.42,65.5,66.12,15467.68,104016.98
301302.SZ,2023-04-11,65.5,66.0,63.89,63.98,14948.11,96664.94
301302.SZ,2023-04-12,64.28,66.0,63.34,65.71,12501.61,81054.14
301302.SZ,2023-04-13,65.99,66.19,63.3,63.52,13932.04,90501.71
301302.SZ,2023-04-14,63.46,64.58,62.44,63.4,12389.52,78555.5
301302.SZ,2023-04-17,63.5,67.96,62.43,67.43,32962.23,218330.33
301302.SZ,2023-04-18,66.2,71.0,65.72,68.87,36090.83,247206.88
301302.SZ,2023-04-19,67.75,69.33,66.5,67.08,30137.19,204651.27
301302.SZ,2023-04-20,66.95,67.08,63.55,64.2,28786.19,186043.92
301302.SZ,2023-04-21,64.8,77.04,64.68,72.5,84771.8,619592.89
301302.SZ,2023-04-24,70.08,70.18,67.38,68.39,54251.48,371603.56
301302.SZ,2023-04-25,67.1,67.2,59.0,59.45,51348.46,316914.23
301302.SZ,2023-04-26,58.0,60.26,56.74,56.74,29135.22,169753.86
301302.SZ,2023-04-27,56.3,57.3,54.88,55.35,23318.55,130252.29
301302.SZ,2023-04-28,55.2,58.36,55.11,58.0,21571.7,123080.31
301302.SZ,2023-05-04,57.95,57.95,56.0,56.45,14396.85,81433.7
301302.SZ,2023-05-05,56.18,57.85,55.31,56.17,13326.84,75534.63
301302.SZ,2023-05-08,56.64,61.0,56.08,60.99,25070.86,146642.35
301302.SZ,2023-05-09,59.8,61.38,59.55,60.01,15643.0,94313.23
301302.SZ,2023-05-10,59.4,62.0,59.4,60.64,12696.89,77210.83
301302.SZ,2023-05-11,61.8,64.32,60.11,62.8,18395.41,115114.27
301302.SZ,2023-05-12,62.01,62.73,59.69,60.86,12856.0,78481.78
301302.SZ,2023-05-15,60.26,61.0,59.61,60.65,8584.39,51759.0
301302.SZ,2023-05-16,60.6,61.32,59.49,59.8,7628.03,45951.07
301302.SZ,2023-05-17,59.33,61.47,59.32,60.65,7077.36,42931.54
301302.SZ,2023-05-18,60.4,61.41,59.5,59.97,9310.68,56100.54
301302.SZ,2023-05-19,60.1,61.84,60.1,60.69,9011.51,55094.74
301302.SZ,2023-05-22,60.05,60.37,59.58,59.98,5509.39,33005.86
301302.SZ,2023-05-23,59.95,60.39,57.39,58.5,10217.04,60287.3
301302.SZ,2023-05-24,58.0,59.78,57.69,59.03,6353.0,37354.75
301302.SZ,2023-05-25,59.3,60.25,58.95,59.14,9202.93,54634.69
301302.SZ,2023-05-26,59.0,59.58,58.46,59.38,7500.66,44341.15
301302.SZ,2023-05-29,59.4,60.84,59.06,59.81,11525.35,69025.82
301302.SZ,2023-05-30,59.6,61.26,59.02,60.4,11652.13,70120.58
301302.SZ,2023-05-31,60.8,68.18,60.35,65.22,41137.88,266605.36
301302.SZ,2023-06-01,42.31,47.4,42.1,46.98,72751.34,331884.22
301302.SZ,2023-06-02,46.23,48.82,45.5,45.5,72388.42,339913.15
301302.SZ,2023-06-05,46.0,48.8,45.2,47.85,61136.69,290604.31
301302.SZ,2023-06-06,45.55,46.19,43.36,43.62,62269.31,276690.2
301302.SZ,2023-06-07,44.2,45.2,42.77,44.6,46349.85,204175.06
301302.SZ,2023-06-08,44.2,44.85,42.81,43.05,37417.16,162787.38
301302.SZ,2023-06-09,43.39,43.43,40.42,41.5,51300.87,212660.22
301302.SZ,2023-06-12,41.3,41.92,39.2,40.31,45203.82,181616.26
301302.SZ,2023-06-13,40.0,41.83,39.2,40.67,53270.73,215889.64
301302.SZ,2023-06-14,40.06,40.3,38.72,39.05,48282.4,189948.96
301302.SZ,2023-06-15,38.91,39.65,38.62,39.0,25448.0,99409.8
301302.SZ,2023-06-16,39.07,40.44,39.06,40.26,35317.54,141015.99
301302.SZ,2023-06-19,40.06,41.14,39.9,40.39,33188.12,134546.37
301302.SZ,2023-06-20,39.95,42.55,39.7,42.1,50427.73,209343.25
301302.SZ,2023-06-21,41.67,41.8,39.61,39.67,39968.5,161193.18
301302.SZ,2023-06-26,33.72,38.83,33.72,37.0,62827.16,226877.11
301302.SZ,2023-06-27,36.64,37.37,35.5,36.0,50830.72,184292.27
301302.SZ,2023-06-28,36.25,36.25,34.3,34.48,40469.5,140598.61
301302.SZ,2023-06-29,34.3,36.2,34.3,35.72,43576.63,153105.51
301302.SZ,2023-06-30,35.72,36.99,35.46,36.8,33590.5,122759.51
301302.SZ,2023-07-03,36.72,36.94,36.18,36.5,24764.0,90541.81
301302.SZ,2023-07-04,36.55,36.89,36.31,36.61,18406.39,67445.72
301302.SZ,2023-07-05,36.72,37.33,36.29,36.36,20920.05,76808.43
301302.SZ,2023-07-06,36.14,36.72,35.85,35.97,16555.22,59893.26
301302.SZ,2023-07-07,35.91,35.96,35.06,35.36,18895.8,66972.46
301302.SZ,2023-07-10,35.41,35.97,35.25,35.4,14299.8,50875.43
301302.SZ,2023-07-11,35.53,35.95,35.42,35.74,12191.5,43518.57
301302.SZ,2023-07-12,35.67,35.85,34.75,34.78,15809.0,55679.69
301302.SZ,2023-07-13,34.96,35.6,34.78,35.56,21791.89,76970.51
301302.SZ,2023-07-14,35.65,36.13,35.5,35.85,22481.39,80573.2
301302.SZ,2023-07-17,35.97,36.2,35.6,36.05,16785.0,60262.13
301302.SZ,2023-07-18,35.88,36.27,35.32,35.39,16430.24,58699.4
301302.SZ,2023-07-19,35.7,36.12,35.38,35.93,18588.28,66386.65
301302.SZ,2023-07-20,36.4,36.62,35.55,35.7,23382.74,84249.37
301302.SZ,2023-07-21,35.51,36.6,35.11,36.22,27083.69,97451.44
301302.SZ,2023-07-24,35.83,37.36,35.81,36.78,34855.5,128486.08
301302.SZ,2023-07-25,37.0,38.36,36.41,37.6,39372.64,146749.96
301302.SZ,2023-07-26,37.3,37.4,36.0,36.2,32883.74,120010.4
301302.SZ,2023-07-27,36.21,36.75,35.61,35.73,27931.57,100843.0
301302.SZ,2023-07-28,35.29,35.31,34.37,34.85,30898.32,107400.52
301302.SZ,2023-07-31,35.0,35.79,34.87,34.99,22910.48,80926.47
301302.SZ,2023-08-01,35.01,35.3,34.51,34.64,16361.6,56829.88
301302.SZ,2023-08-02,34.5,35.15,34.4,34.73,14487.0,50309.15
301302.SZ,2023-08-03,34.77,35.28,34.25,34.39,18072.5,62558.14
301302.SZ,2023-08-04,34.38,34.84,34.25,34.69,17420.58,60255.28
301302.SZ,2023-08-07,34.68,34.99,34.51,34.8,16415.5,57093.15
301302.SZ,2023-08-08,34.66,34.86,33.5,33.84,33318.33,113417.81
301302.SZ,2023-08-09,33.77,34.15,33.52,33.74,15561.89,52641.44
301302.SZ,2023-08-10,33.55,33.55,33.2,33.41,19866.88,66285.93
301302.SZ,2023-08-11,33.4,33.4,32.28,32.3,27001.83,88503.91
301302.SZ,2023-08-14,31.98,32.98,31.6,32.85,19098.95,61469.62
301302.SZ,2023-08-15,32.82,32.92,31.93,32.32,13228.0,42855.64
301302.SZ,2023-08-16,32.1,32.31,31.35,31.38,17041.0,54043.51
301302.SZ,2023-08-17,31.26,33.3,31.07,33.1,44305.66,144270.16
301302.SZ,2023-08-18,32.69,34.0,32.28,32.28,37152.54,123408.55
301302.SZ,2023-08-21,32.32,32.97,32.0,32.12,16905.16,54872.74
301302.SZ,2023-08-22,32.29,34.08,32.06,33.84,54260.67,181427.79
301302.SZ,2023-08-23,33.51,33.55,31.73,31.75,42818.51,139123.64
301302.SZ,2023-08-24,31.69,34.53,31.69,32.63,37185.89,123171.34
301302.SZ,2023-08-25,32.06,32.39,29.68,30.06,45358.73,139370.91
301302.SZ,2023-08-28,31.61,31.95,30.3,30.33,30031.78,92980.82
301302.SZ,2023-08-29,30.9,32.81,30.57,32.74,43403.79,139665.85
301302.SZ,2023-08-30,32.8,33.5,32.49,33.32,37708.23,125279.7
301302.SZ,2023-08-31,33.14,33.4,32.67,33.09,26677.66,88250.75
301302.SZ,2023-09-01,33.21,33.46,32.56,32.9,17405.17,57260.18
301302.SZ,2023-09-04,33.06,33.24,32.59,33.14,19464.12,64086.62
301302.SZ,2023-09-05,33.1,33.56,32.91,33.05,33527.0,111212.54
301302.SZ,2023-09-06,32.8,33.68,32.45,33.68,33149.5,110242.3
301302.SZ,2023-09-07,33.49,34.33,33.11,33.19,32265.28,108713.4
301302.SZ,2023-09-08,32.9,34.49,32.8,34.2,38271.0,129518.33
301302.SZ,2023-09-11,35.16,35.8,34.21,34.31,52081.66,180676.24
301302.SZ,2023-09-12,34.59,34.77,33.69,33.89,28978.08,98509.19
301302.SZ,2023-09-13,33.8,33.95,32.48,32.92,30593.11,100898.13
301302.SZ,2023-09-14,32.78,32.97,32.08,32.3,18623.37,60382.81
301302.SZ,2023-09-15,32.35,32.7,31.96,32.23,19438.95,62744.22
301302.SZ,2023-09-18,32.06,32.5,31.77,32.23,14832.07,47751.19
301302.SZ,2023-09-19,32.16,32.23,31.23,31.3,19555.5,61590.57
301302.SZ,2023-09-20,31.28,31.62,30.94,30.96,12984.45,40578.31
301302.SZ,2023-09-21,30.8,31.22,30.64,30.68,13152.0,40630.13
301302.SZ,2023-09-22,30.65,32.17,30.65,32.1,29440.33,93115.29
301302.SZ,2023-09-25,31.9,32.42,31.61,31.76,16766.88,53470.65
301302.SZ,2023-09-26,31.58,32.56,31.52,32.05,22603.77,72663.79
301302.SZ,2023-09-27,32.0,32.29,31.79,31.89,18575.38,59396.06
301302.SZ,2023-09-28,31.91,33.08,31.91,32.93,25105.17,82039.85
301302.SZ,2023-10-09,32.75,33.56,32.75,32.99,20725.16,68704.36
301302.SZ,2023-10-10,33.1,33.83,33.03,33.37,24375.12,81700.19
301302.SZ,2023-10-11,33.37,33.69,33.0,33.38,20239.54,67655.66
301302.SZ,2023-10-12,33.43,33.58,33.09,33.17,17916.46,59598.27
301302.SZ,2023-10-13,33.0,33.25,32.58,32.66,17691.5,58149.65
301302.SZ,2023-10-16,32.68,33.04,32.1,32.32,19062.01,61892.11
301302.SZ,2023-10-17,32.43,32.67,31.79,32.32,16228.0,52236.97
301302.SZ,2023-10-18,32.07,32.27,31.2,31.49,21079.5,66461.45
301302.SZ,2023-10-19,31.34,32.16,31.11,31.18,20617.6,65102.94
301302.SZ,2023-10-20,31.01,31.37,29.86,29.88,23226.0,70604.1
301302.SZ,2023-10-23,29.9,29.93,28.83,29.15,18848.0,55085.22
301302.SZ,2023-10-24,29.3,29.93,28.96,29.69,19280.08,57000.82
301302.SZ,2023-10-25,27.6,28.35,27.27,28.27,53491.88,149567.95
301302.SZ,2023-10-26,28.02,28.44,27.4,28.44,36600.5,102073.63
301302.SZ,2023-10-27,28.19,28.43,27.8,28.27,26948.34,75775.83
301302.SZ,2023-10-30,28.24,28.77,27.9,28.72,26739.71,75808.4
301302.SZ,2023-10-31,28.6,28.9,27.93,28.24,23317.26,66207.9
301302.SZ,2023-11-01,28.2,28.43,27.96,28.04,15038.31,42312.96
301302.SZ,2023-11-02,28.04,28.37,27.54,27.57,17680.15,49374.34
301302.SZ,2023-11-03,27.65,28.9,27.65,28.79,33890.74,96614.07
301302.SZ,2023-11-06,28.83,29.5,28.83,29.41,25045.78,73259.08
301302.SZ,2023-11-07,29.32,30.0,29.22,29.86,24276.83,71925.44
301302.SZ,2023-11-08,29.75,30.36,29.61,30.04,22858.13,68740.27
301302.SZ,2023-11-09,30.0,30.35,29.64,29.78,15100.31,45161.68
301302.SZ,2023-11-10,29.79,30.28,29.45,29.97,19919.29,59589.07
301302.SZ,2023-11-13,29.98,31.1,29.95,30.96,22852.88,70134.14
301302.SZ,2023-11-14,30.83,31.37,30.77,31.04,20468.55,63538.43
301302.SZ,2023-11-15,31.39,31.4,30.82,30.94,13310.61,41358.03
301302.SZ,2023-11-16,30.86,31.48,30.71,30.79,14733.38,45784.59
301302.SZ,2023-11-17,30.69,30.95,30.55,30.79,15624.45,48017.22
301302.SZ,2023-11-20,30.85,32.26,30.81,32.06,36329.44,114605.89
301302.SZ,2023-11-21,31.91,32.08,31.0,31.18,27928.74,87746.98
301302.SZ,2023-11-22,31.0,31.99,30.74,30.74,24830.0,77770.98
301302.SZ,2023-11-23,30.97,31.66,30.2,30.55,31912.31,98061.96
301302.SZ,2023-11-24,27.0,27.58,25.48,25.81,137950.65,358562.43
301302.SZ,2023-11-27,25.48,25.8,24.92,25.04,87233.65,220195.99
301302.SZ,2023-11-28,25.13,25.81,24.77,25.8,67092.62,170801.04
301302.SZ,2023-11-29,25.7,26.05,25.35,25.4,33559.14,85739.36
301302.SZ,2023-11-30,25.5,25.62,25.16,25.32,35391.45,89806.99
301302.SZ,2023-12-01,25.22,26.2,25.05,26.08,44615.79,114305.68
301302.SZ,2023-12-04,26.03,26.58,25.93,26.03,40376.31,105920.74
301302.SZ,2023-12-05,25.96,25.96,25.25,25.26,31437.84,80299.74
301302.SZ,2023-12-06,25.27,25.7,25.1,25.4,29704.64,75344.31
301302.SZ,2023-12-07,25.37,25.85,25.27,25.55,26041.62,66434.13
301302.SZ,2023-12-08,25.5,25.94,25.41,25.56,27706.0,71095.29
301302.SZ,2023-12-11,25.41,26.24,25.2,26.19,37447.46,96331.14
301302.SZ,2023-12-12,26.05,26.99,26.01,26.34,39841.83,105788.28
301302.SZ,2023-12-13,26.61,26.63,26.0,26.03,28704.15,75454.49
301302.SZ,2023-12-14,26.03,26.47,25.6,25.63,26555.53,68852.01
301302.SZ,2023-12-15,25.62,25.77,25.32,25.45,20040.38,51135.88
301302.SZ,2023-12-18,25.39,25.57,24.73,24.9,30330.55,76080.15
301302.SZ,2023-12-19,24.81,25.06,24.6,24.99,23989.87,59582.11
301302.SZ,2023-12-20,24.99,25.68,24.7,24.73,44494.0,112040.68
301302.SZ,2023-12-21,24.51,24.92,24.28,24.7,33554.32,82548.68
301302.SZ,2023-12-22,24.75,24.81,24.18,24.23,30333.95,74300.13
301302.SZ,2023-12-25,24.2,24.67,24.07,24.49,26176.42,63671.64
301302.SZ,2023-12-26,24.28,24.28,23.26,23.47,38123.5,89897.49
301302.SZ,2023-12-27,23.45,23.84,23.17,23.2,34910.0,81801.85
301302.SZ,2023-12-28,23.24,23.76,22.8,23.56,49431.5,115229.98
301302.SZ,2023-12-29,23.55,25.18,23.5,25.11,64824.86,159165.47
301302.SZ,2024-01-02,25.09,25.16,24.51,24.57,42232.99,104646.38
301302.SZ,2024-01-03,24.6,24.6,23.74,23.96,33123.0,79737.03
301302.SZ,2024-01-04,23.88,23.96,23.52,23.7,21567.0,51159.88
301302.SZ,2024-01-05,23.68,23.84,22.96,23.12,27593.63,64601.58
301302.SZ,2024-01-08,23.11,23.11,22.48,22.49,23216.91,52784.11
301302.SZ,2024-01-09,22.6,22.98,22.4,22.57,22494.42,51032.88
301302.SZ,2024-01-10,22.48,22.54,21.88,21.88,26744.5,59083.74
301302.SZ,2024-01-11,21.93,22.8,21.87,22.71,30522.59,68517.27
301302.SZ,2024-01-12,22.54,22.69,22.27,22.29,18519.0,41577.41
301302.SZ,2024-01-15,22.29,22.29,21.6,21.98,23507.34,51607.36
301302.SZ,2024-01-16,21.98,22.0,21.43,21.84,19289.17,41833.9
301302.SZ,2024-01-17,21.8,21.92,21.18,21.18,17879.5,38504.37
301302.SZ,2024-01-18,21.02,21.33,20.36,20.99,30829.5,63966.68
301302.SZ,2024-01-19,21.01,22.52,20.75,21.4,75711.23,162656.87
301302.SZ,2024-01-22,21.64,25.68,21.64,25.68,248182.4,620334.83
301302.SZ,2024-01-23,24.86,30.82,24.8,30.82,330063.22,896346.58
301302.SZ,2024-01-24,28.08,29.77,27.44,27.99,303415.99,862916.77
301302.SZ,2024-01-25,27.5,29.48,26.27,28.56,293825.5,812544.2
301302.SZ,2024-01-26,27.2,27.57,25.75,26.18,213260.11,568902.94
301302.SZ,2024-01-29,26.2,26.27,22.01,22.34,190255.84,449483.25
301302.SZ,2024-01-30,21.23,22.26,20.49,21.6,121230.93,259623.87
301302.SZ,2024-01-31,21.32,21.47,18.71,18.83,143166.52,284430.72
301302.SZ,2024-02-01,18.5,19.82,18.3,18.84,110555.01,212636.14
301302.SZ,2024-02-02,19.0,19.6,17.21,17.9,111726.93,207383.13
301302.SZ,2024-02-05,17.88,18.03,14.89,15.1,120112.03,190662.22
301302.SZ,2024-02-06,14.89,15.88,13.51,15.15,112640.73,164353.04
301302.SZ,2024-02-07,15.0,15.67,14.14,14.37,108784.73,163477.19
301302.SZ,2024-02-08,14.15,16.78,14.15,16.55,112170.2,173963.57
301302.SZ,2024-02-19,16.84,17.58,16.7,17.51,103707.05,177922.25
301302.SZ,2024-02-20,17.09,17.95,16.89,17.72,91102.32,159805.29
301302.SZ,2024-02-21,17.38,19.98,17.27,18.31,133624.52,249008.42
301302.SZ,2024-02-22,18.2,19.12,18.2,19.09,109659.48,205144.05
301302.SZ,2024-02-23,19.0,19.92,18.62,19.77,120348.56,233484.86
301302.SZ,2024-02-26,19.71,20.65,19.47,20.3,114427.94,229335.63
301302.SZ,2024-02-27,20.2,21.3,19.87,21.28,117758.46,242998.39
301302.SZ,2024-02-28,21.3,21.66,18.65,18.66,160310.28,325013.26
301302.SZ,2024-02-29,18.26,19.56,18.19,19.42,105059.42,201065.03
301302.SZ,2024-03-01,19.8,20.4,19.68,20.26,93424.72,187894.68
301302.SZ,2024-03-04,20.28,20.48,19.38,20.18,79314.12,158073.93
301302.SZ,2024-03-05,20.03,21.65,19.67,20.71,135379.69,283198.63
301302.SZ,2024-03-06,19.95,20.69,19.76,20.54,99877.59,201563.24
301302.SZ,2024-03-07,20.66,20.74,19.5,19.57,87869.74,176471.93
301302.SZ,2024-03-08,19.96,21.89,19.93,20.54,120108.14,249696.05
301302.SZ,2024-03-11,20.2,20.49,19.97,20.48,93198.59,188693.31
301302.SZ,2024-03-12,20.6,21.0,20.38,20.93,92746.59,192334.41
301302.SZ,2024-03-13,20.86,21.5,20.55,21.24,109379.65,230785.78
301302.SZ,2024-03-14,21.1,21.11,20.01,20.47,83265.74,171371.53
301302.SZ,2024-03-15,20.4,21.48,20.02,21.21,106152.91,221975.75
301302.SZ,2024-03-18,21.24,22.11,21.1,22.08,110609.14,238830.05
301302.SZ,2024-03-19,22.61,26.34,22.61,24.37,230472.55,559663.68
301302.SZ,2024-03-20,23.96,25.5,23.3,24.85,176722.75,429041.84
301302.SZ,2024-03-21,24.41,24.41,23.58,23.71,120922.52,289366.45
301302.SZ,2024-03-22,23.6,23.6,22.55,22.8,89340.96,205179.53
301302.SZ,2024-03-25,22.65,23.54,22.47,22.69,80089.93,184688.4
301302.SZ,2024-03-26,22.12,22.41,21.1,21.76,77886.63,169584.32
301302.SZ,2024-03-27,21.69,21.75,19.7,19.77,76370.46,156235.6
301302.SZ,2024-03-28,19.7,20.88,19.61,20.6,69208.85,141660.04
301302.SZ,2024-03-29,20.54,21.38,20.54,21.05,57383.05,120310.24
301302.SZ,2024-04-01,21.17,21.96,20.9,21.68,71449.18,152843.18
301302.SZ,2024-04-02,21.6,22.15,21.15,21.49,69252.98,149570.92
301302.SZ,2024-04-03,21.25,21.29,20.05,20.25,62196.73,127525.19
301302.SZ,2024-04-08,20.02,20.09,18.9,18.9,61045.83,117466.45
301302.SZ,2024-04-09,19.17,19.33,18.91,19.11,32906.31,62823.71
301302.SZ,2024-04-10,18.97,19.08,18.1,18.37,44527.26,82283.14
301302.SZ,2024-04-11,18.28,18.66,18.14,18.21,36515.12,67346.54
301302.SZ,2024-04-12,18.22,18.49,17.93,17.99,32122.09,58328.17
301302.SZ,2024-04-15,18.05,18.25,16.61,16.98,50918.1,87787.19
301302.SZ,2024-04-16,16.7,16.84,15.25,15.28,54192.55,85151.28
301302.SZ,2024-04-17,15.61,16.79,15.61,16.75,52781.67,86638.88
301302.SZ,2024-04-18,16.66,16.91,16.3,16.42,40910.77,67876.63
301302.SZ,2024-04-19,16.42,18.65,16.25,17.96,101423.24,175816.62
301302.SZ,2024-04-22,18.63,19.56,18.41,18.7,108904.66,206733.79
301302.SZ,2024-04-23,18.64,19.76,18.21,19.09,105028.48,199376.39
301302.SZ,2024-04-24,18.37,19.13,18.34,18.85,67563.13,126889.68
301302.SZ,2024-04-25,18.8,19.16,18.46,18.59,49673.3,93227.83
301302.SZ,2024-04-26,18.45,19.29,18.38,18.83,58524.21,110841.56
301302.SZ,2024-04-29,18.98,19.27,18.81,19.22,63043.0,120101.11
301302.SZ,2024-04-30,19.15,19.2,18.54,18.75,47802.94,89913.06
301302.SZ,2024-05-06,18.95,19.32,18.92,19.2,46960.25,89631.15
301302.SZ,2024-05-07,19.25,20.27,19.13,20.22,88467.12,176102.76
301302.SZ,2024-05-08,19.96,20.08,19.4,19.56,59499.71,117248.74
301302.SZ,2024-05-09,19.36,19.9,19.34,19.74,41052.41,80835.59
301302.SZ,2024-05-10,19.68,21.86,19.42,20.32,102411.73,210179.03
301302.SZ,2024-05-13,19.97,20.09,19.06,19.26,61850.92,119915.72
301302.SZ,2024-05-14,19.42,19.93,19.17,19.33,40892.99,79777.3
301302.SZ,2024-05-15,19.16,19.77,18.79,19.34,38441.99,74030.62
301302.SZ,2024-05-16,19.31,19.62,19.25,19.35,34494.91,67119.82
301302.SZ,2024-05-17,19.48,20.15,19.4,20.1,58614.71,116481.77
301302.SZ,2024-05-20,20.13,20.47,19.74,19.92,51159.47,102468.28
301302.SZ,2024-05-21,19.8,19.8,19.0,19.06,53728.33,103699.52
301302.SZ,2024-05-22,18.87,19.29,18.5,19.27,35579.14,67694.12
301302.SZ,2024-05-23,19.33,19.97,19.26,19.4,58748.42,115352.48
301302.SZ,2024-05-24,19.03,19.3,18.59,18.69,46537.0,87686.69
301302.SZ,2024-05-27,18.66,18.68,17.9,18.52,32819.49,59721.79
301302.SZ,2024-05-28,18.48,18.78,18.06,18.31,24798.48,45721.73
301302.SZ,2024-05-29,18.5,19.09,18.5,18.69,32988.99,62148.83
301302.SZ,2024-05-30,18.42,19.05,18.12,18.7,30607.49,57238.97
301302.SZ,2024-05-31,18.61,19.68,18.57,19.6,49521.7,95813.56
301302.SZ,2024-06-03,19.75,19.76,18.85,18.94,36565.49,70121.13
301302.SZ,2024-06-04,18.9,18.9,17.9,18.06,42059.79,76151.01
301302.SZ,2024-06-05,18.0,18.5,17.68,18.06,27299.86,49785.23
301302.SZ,2024-06-06,18.0,18.3,16.76,16.91,42660.49,73777.81
301302.SZ,2024-06-07,17.5,17.6,17.11,17.45,28139.0,48943.63
301302.SZ,2024-06-11,17.17,17.73,16.93,17.68,17979.19,31312.07
301302.SZ,2024-06-12,17.62,18.11,17.57,17.9,19368.21,34758.86
301302.SZ,2024-06-13,17.86,18.14,17.68,17.91,23205.92,41626.96
301302.SZ,2024-06-14,17.99,18.02,17.7,17.91,17004.44,30389.65
301302.SZ,2024-06-17,17.71,18.2,17.55,17.78,21520.7,38619.23
301302.SZ,2024-06-18,17.78,18.44,17.72,18.37,30374.43,55304.39
301302.SZ,2024-06-19,18.32,18.75,18.28,18.55,30221.0,56121.3
301302.SZ,2024-06-20,18.49,18.6,17.88,17.93,28802.99,52383.45
301302.SZ,2024-06-21,18.03,18.04,17.55,17.8,23531.5,41859.25
301302.SZ,2024-06-24,17.76,17.76,16.67,16.75,25382.0,43237.95
301302.SZ,2024-06-25,16.7,17.02,16.42,16.6,19820.5,32960.1
301302.SZ,2024-06-26,16.6,17.38,16.4,17.37,26857.5,45422.41
301302.SZ,2024-06-27,17.2,18.0,17.15,17.23,32949.99,57569.74
301302.SZ,2024-06-28,17.11,17.76,17.11,17.25,27045.84,47209.34
301302.SZ,2024-07-01,17.2,17.25,16.42,17.01,30521.49,51051.16
301302.SZ,2024-07-02,17.01,17.6,17.01,17.54,34319.49,59674.97
301302.SZ,2024-07-03,17.54,17.54,16.76,16.81,22599.5,38317.64
301302.SZ,2024-07-04,16.88,16.98,15.98,16.07,25486.48,41543.04
301302.SZ,2024-07-05,16.07,16.36,15.83,16.18,20692.5,33505.46
301302.SZ,2024-07-08,16.09,16.23,15.57,15.63,22527.74,35615.07
301302.SZ,2024-07-09,15.66,15.82,15.0,15.8,30427.44,47061.95
301302.SZ,2024-07-10,15.66,15.88,15.49,15.58,19114.5,30004.6
301302.SZ,2024-07-11,15.92,16.5,15.89,16.37,28343.32,45989.75
301302.SZ,2024-07-12,16.27,16.66,16.21,16.29,18863.09,30963.79
301302.SZ,2024-07-15,16.46,16.78,15.88,16.0,19282.5,31153.32
301302.SZ,2024-07-16,16.23,16.23,15.7,16.16,18113.73,28919.76
301302.SZ,2024-07-17,16.13,16.2,15.7,15.7,22012.9,35012.14
301302.SZ,2024-07-18,15.51,15.93,15.13,15.79,31832.5,49529.28
301302.SZ,2024-07-19,15.7,16.12,15.62,15.87,20695.92,32987.64
301302.SZ,2024-07-22,16.17,16.51,16.01,16.37,25737.0,42002.02
301302.SZ,2024-07-23,16.41,16.56,16.03,16.04,21472.5,35089.92
301302.SZ,2024-07-24,16.03,16.25,15.72,15.77,22279.05,35520.64
301302.SZ,2024-07-25,15.61,16.06,15.5,15.83,17782.49,28014.16
301302.SZ,2024-07-26,15.81,16.48,15.78,16.36,26446.95,42941.4
301302.SZ,2024-07-29,16.36,16.72,16.21,16.66,26090.5,43053.31
301302.SZ,2024-07-30,16.64,17.03,16.5,16.87,22290.03,37446.4
301302.SZ,2024-07-31,16.83,17.58,16.72,17.52,38246.58,65911.36
301302.SZ,2024-08-01,17.29,17.88,17.25,17.57,37426.93,65762.04
301302.SZ,2024-08-02,17.57,17.7,16.75,16.91,32067.48,55269.0
301302.SZ,2024-08-05,16.69,17.59,16.43,16.44,38517.5,65325.37
301302.SZ,2024-08-06,16.74,16.94,16.41,16.85,26275.5,43920.0
301302.SZ,2024-08-07,16.85,17.35,16.71,17.05,24509.49,41887.18
301302.SZ,2024-08-08,16.97,17.17,16.41,16.58,28183.5,46915.68
301302.SZ,2024-08-09,17.0,17.23,16.44,16.48,32162.0,53467.93
301302.SZ,2024-08-12,16.24,16.24,15.9,16.04,24424.99,39239.66
301302.SZ,2024-08-13,16.24,16.36,15.87,16.32,18812.5,30387.07
301302.SZ,2024-08-14,16.22,16.69,16.21,16.55,23703.9,39013.84
301302.SZ,2024-08-15,16.43,16.99,16.29,16.93,34176.5,57176.21
301302.SZ,2024-08-16,17.0,17.18,16.74,16.74,26178.49,44367.73
301302.SZ,2024-08-19,16.74,16.8,16.37,16.54,19478.62,32339.05
301302.SZ,2024-08-20,16.45,16.73,16.1,16.21,21646.98,35261.5
301302.SZ,2024-08-21,16.13,17.29,16.03,16.49,39423.64,66045.65
301302.SZ,2024-08-22,16.34,16.9,15.96,15.99,34491.45,56659.15
301302.SZ,2024-08-23,15.78,16.07,15.56,15.61,24520.65,38709.55
301302.SZ,2024-08-26,15.66,16.04,15.53,15.82,14947.5,23650.67
301302.SZ,2024-08-27,14.5,14.5,13.4,13.47,91734.93,125923.78
301302.SZ,2024-08-28,13.42,14.03,13.27,13.79,53146.65,73109.92
301302.SZ,2024-08-29,13.58,13.87,13.51,13.67,38496.11,52863.11
301302.SZ,2024-08-30,13.71,14.33,13.64,13.99,44109.2,61960.48
301302.SZ,2024-09-02,14.02,14.12,13.47,13.47,34944.23,47888.06
301302.SZ,2024-09-03,13.44,13.92,13.44,13.87,28672.29,39352.48
301302.SZ,2024-09-04,13.78,13.96,13.63,13.71,19566.0,26936.72
301302.SZ,2024-09-05,13.68,13.94,13.68,13.88,20460.97,28302.34
301302.SZ,2024-09-06,13.85,13.98,13.34,13.34,29244.26,39757.68
301302.SZ,2024-09-09,13.29,13.49,13.07,13.34,21810.26,29053.72
301302.SZ,2024-09-10,13.33,13.94,13.17,13.87,31266.5,42361.42
301302.SZ,2024-09-11,13.76,14.61,13.7,14.04,56722.97,80051.15
301302.SZ,2024-09-12,14.13,14.2,13.9,13.9,35519.47,49930.42
301302.SZ,2024-09-13,13.9,13.97,13.53,13.53,26164.76,35828.34
301302.SZ,2024-09-18,13.57,13.6,13.01,13.31,26783.63,35524.31
301302.SZ,2024-09-19,13.3,13.86,13.25,13.76,29975.86,40721.04
301302.SZ,2024-09-20,13.76,13.91,13.55,13.63,23728.9,32549.79
301302.SZ,2024-09-23,13.69,13.95,13.47,13.84,24102.9,33168.41
301302.SZ,2024-09-24,13.86,14.4,13.5,14.3,40076.29,55800.23
301302.SZ,2024-09-25,14.29,14.87,14.28,14.55,46747.0,68306.14
301302.SZ,2024-09-26,14.54,14.79,14.37,14.77,39919.5,58228.65
301302.SZ,2024-09-27,14.94,15.88,14.87,15.59,56853.0,87263.77
301302.SZ,2024-09-30,16.3,18.38,16.16,18.1,86824.17,150302.94
301302.SZ,2024-10-08,21.37,21.53,18.94,20.72,116601.5,238378.7
301302.SZ,2024-10-09,20.0,20.0,18.07,18.07,89423.54,172498.32
301302.SZ,2024-10-10,18.59,19.55,18.33,18.47,72253.95,135926.2
301302.SZ,2024-10-11,18.37,18.4,16.6,16.99,59364.64,103368.34
301302.SZ,2024-10-14,17.22,18.18,17.18,18.16,69133.39,122852.13
301302.SZ,2024-10-15,18.0,18.88,17.55,18.29,73657.39,135629.8
301302.SZ,2024-10-16,17.83,18.76,17.78,18.1,66245.5,120870.09
301302.SZ,2024-10-17,18.19,18.66,17.95,18.02,58872.23,108191.71
301302.SZ,2024-10-18,17.9,18.88,17.71,18.6,65702.41,120788.26
301302.SZ,2024-10-21,18.79,19.71,18.59,19.26,92093.96,176768.37
301302.SZ,2024-10-22,19.3,19.3,18.55,18.8,61623.58,116473.58
301302.SZ,2024-10-23,18.88,21.76,18.59,20.65,200650.17,410863.01
301302.SZ,2024-10-24,20.26,20.38,18.9,19.07,135373.05,261072.4
301302.SZ,2024-10-25,19.2,19.29,18.84,19.1,75839.9,144646.6
301302.SZ,2024-10-28,19.03,19.77,18.9,19.61,85550.4,166977.67
301302.SZ,2024-10-29,19.62,19.98,18.58,18.59,79285.0,151350.59
301302.SZ,2024-10-30,18.53,18.6,17.89,18.25,52947.91,96454.95
301302.SZ,2024-10-31,18.11,18.47,18.0,18.26,43982.0,80276.15
301302.SZ,2024-11-01,18.26,18.28,17.0,17.06,59981.2,104204.32
301302.SZ,2024-11-04,17.06,17.5,16.86,17.5,38096.0,65895.97
301302.SZ,2024-11-05,17.51,21.0,17.5,21.0,129646.0,257322.95
301302.SZ,2024-11-06,22.81,25.2,22.64,23.95,349362.77,838099.65
301302.SZ,2024-11-07,22.64,23.3,21.64,22.85,213151.62,476083.63
301302.SZ,2024-11-08,22.66,24.4,22.4,22.99,186965.13,435457.43
301302.SZ,2024-11-11,23.12,24.3,22.71,24.0,148327.85,350508.61
301302.SZ,2024-11-12,23.63,24.98,23.06,23.55,128574.65,307936.43
301302.SZ,2024-11-13,23.13,23.38,22.2,23.01,101586.2,230303.78
301302.SZ,2024-11-14,23.0,23.02,21.9,21.93,69260.39,155092.62
301302.SZ,2024-11-15,21.7,22.37,21.01,21.02,60928.43,131793.52
301302.SZ,2024-11-18,21.1,21.32,19.45,19.81,68807.15,138549.61
301302.SZ,2024-11-19,20.09,20.38,19.57,20.34,44724.5,89360.55
301302.SZ,2024-11-20,20.22,21.19,20.09,20.92,57681.21,119662.83
301302.SZ,2024-11-21,21.02,21.2,20.31,20.66,49414.5,102636.09
301302.SZ,2024-11-22,20.49,21.48,20.2,20.23,84258.0,175349.72
301302.SZ,2024-11-25,20.19,20.47,19.46,20.18,47516.58,94278.99
301302.SZ,2024-11-26,20.24,20.65,19.72,19.87,46956.5,94442.67
301302.SZ,2024-11-27,19.86,23.84,19.86,23.84,211119.88,486564.77
301302.SZ,2024-11-28,24.11,24.95,22.25,22.68,252245.3,591632.41
301302.SZ,2024-11-29,22.26,22.5,21.24,21.95,168861.27,368888.05
301302.SZ,2024-12-02,21.8,22.82,21.63,22.65,143593.28,320671.99
301302.SZ,2024-12-03,22.33,22.92,21.92,22.55,111011.37,248701.54
301302.SZ,2024-12-04,22.35,22.6,21.62,21.78,79122.75,174404.03
301302.SZ,2024-12-05,21.74,26.14,21.67,26.14,241904.08,606180.66
301302.SZ,2024-12-06,27.55,30.45,26.22,26.52,400337.62,1122601.13
301302.SZ,2024-12-09,26.51,28.8,26.2,27.01,240374.41,656014.28
301302.SZ,2024-12-10,27.98,29.88,26.41,28.05,244531.48,681176.73
301302.SZ,2024-12-11,27.13,28.81,26.55,28.5,191468.82,525091.18
301302.SZ,2024-12-12,28.2,30.88,27.72,28.16,230136.94,672858.28
301302.SZ,2024-12-13,27.0,28.19,26.5,26.61,143317.61,388113.8
301302.SZ,2024-12-16,26.58,27.0,25.21,25.45,113737.0,294394.88
301302.SZ,2024-12-17,25.68,25.69,23.89,24.03,87046.27,212524.05
301302.SZ,2024-12-18,24.27,25.08,23.36,24.82,101062.64,248363.29
301302.SZ,2024-12-19,24.55,25.35,24.22,25.19,87216.23,216418.29
301302.SZ,2024-12-20,25.1,26.75,24.93,25.99,107107.82,278400.79
301302.SZ,2024-12-23,25.6,26.29,24.39,24.54,90922.34,229900.24
301302.SZ,2024-12-24,24.6,24.83,23.13,23.63,83705.81,198605.49
301302.SZ,2024-12-25,23.63,23.74,21.88,22.17,95035.5,212799.51
301302.SZ,2024-12-26,22.18,22.8,22.03,22.55,62402.36,140330.64
301302.SZ,2024-12-27,23.9,26.78,23.37,24.4,151130.04,374670.63
301302.SZ,2024-12-30,23.9,24.57,23.22,24.54,107811.94,256932.72
301302.SZ,2024-12-31,24.18,25.18,23.52,24.05,98477.5,239631.54
301302.SZ,2025-01-02,24.3,25.28,23.73,24.82,111979.46,274737.56
301302.SZ,2025-01-03,24.82,24.82,21.67,22.18,98237.99,227841.1
301302.SZ,2025-01-06,21.38,21.4,20.0,20.23,75370.27,155793.08
301302.SZ,2025-01-07,20.39,21.2,20.21,21.2,57873.0,119319.15
301302.SZ,2025-01-08,20.91,21.42,19.72,20.67,68711.5,141377.55
301302.SZ,2025-01-09,20.5,21.19,20.45,20.86,54942.44,114705.57
301302.SZ,2025-01-10,20.8,21.08,19.87,19.91,54061.85,110883.88
301302.SZ,2025-01-13,19.48,19.8,18.68,19.68,44101.5,85285.97
301302.SZ,2025-01-14,19.8,21.21,19.8,21.14,67074.85,138759.01
301302.SZ,2025-01-15,21.22,21.36,20.74,20.89,46242.5,96962.31
301302.SZ,2025-01-16,20.75,21.27,20.26,20.66,60530.5,125530.03
301302.SZ,2025-01-17,20.44,20.73,20.01,20.32,41691.53,84805.54
301302.SZ,2025-01-20,20.6,20.84,20.15,20.74,39251.55,80791.4
301302.SZ,2025-01-21,20.79,21.1,20.2,20.68,44158.5,90885.2
301302.SZ,2025-01-22,20.64,20.64,19.88,20.07,35716.5,72006.35
301302.SZ,2025-01-23,20.48,20.88,19.91,19.91,46455.0,95089.82
301302.SZ,2025-01-24,19.93,21.28,19.78,21.0,74920.44,155428.21
301302.SZ,2025-01-27,22.56,22.98,21.46,21.52,99290.5,219188.49
301302.SZ,2025-02-05,22.13,22.88,22.04,22.26,70875.09,158535.54
301302.SZ,2025-02-06,22.23,22.65,21.95,22.61,63589.77,142223.05
301302.SZ,2025-02-07,22.73,23.91,22.49,23.2,85270.0,196651.92
301302.SZ,2025-02-10,23.23,24.35,23.23,24.29,93908.5,224600.09
301302.SZ,2025-02-11,24.3,24.38,23.66,23.72,70612.61,168446.44
301302.SZ,2025-02-12,23.46,24.09,23.46,23.71,50368.5,119626.03
301302.SZ,2025-02-13,23.69,23.86,23.1,23.25,54520.5,127528.17
301302.SZ,2025-02-14,23.2,25.48,22.83,25.05,135015.69,331012.24
301302.SZ,2025-02-17,25.8,28.58,25.73,26.75,205524.09,552434.51
301302.SZ,2025-02-18,26.37,27.47,25.02,25.15,124808.81,327177.69
301302.SZ,2025-02-19,25.35,26.6,24.98,25.83,115971.0,299303.9
301302.SZ,2025-02-20,25.87,26.3,25.08,25.32,72302.64,184454.73
301302.SZ,2025-02-21,25.2,26.16,24.73,25.73,88603.7,225427.96
301302.SZ,2025-02-24,25.73,25.95,24.97,25.32,73760.61,187303.4
301302.SZ,2025-02-25,24.5,25.39,24.42,24.84,58780.92,146693.92
301302.SZ,2025-02-26,24.92,27.06,24.6,26.49,131467.5,342056.55
301302.SZ,2025-02-27,26.23,26.5,24.85,25.45,77926.14,199425.25
301302.SZ,2025-02-28,25.11,25.28,23.3,23.37,67129.14,161743.94
301302.SZ,2025-03-03,23.47,24.63,23.46,24.14,63857.5,154213.15
301302.SZ,2025-03-04,24.17,26.32,24.0,26.32,128805.93,331313.45
301302.SZ,2025-03-05,25.85,26.29,25.2,26.08,87814.0,226689.6
301302.SZ,2025-03-06,26.08,26.91,25.9,26.36,90855.25,239754.2
301302.SZ,2025-03-07,26.38,27.65,26.14,26.3,120961.75,325420.18
301302.SZ,2025-03-10,26.6,27.49,26.0,27.0,113812.74,305306.24
301302.SZ,2025-03-11,26.26,27.98,26.26,27.41,110924.24,303540.09
301302.SZ,2025-03-12,27.45,27.78,26.5,26.61,95100.0,255520.43
301302.SZ,2025-03-13,26.48,27.3,26.15,27.01,85165.5,228047.45
301302.SZ,2025-03-14,26.99,27.6,25.68,26.4,99587.5,262195.96
301302.SZ,2025-03-17,26.12,26.38,25.48,25.58,73025.59,187748.87
301302.SZ,2025-03-18,25.59,26.19,25.37,25.58,47881.5,123222.75
301302.SZ,2025-03-19,25.49,25.91,25.1,25.66,42569.09,108370.73
301302.SZ,2025-03-20,25.62,25.97,25.1,25.17,40154.0,102308.37
301302.SZ,2025-03-21,25.0,25.44,24.69,24.93,40443.0,101244.55
301302.SZ,2025-03-24,24.93,25.1,22.61,23.48,66622.0,157086.08
301302.SZ,2025-03-25,23.45,23.96,22.76,23.05,44793.5,104513.85
301302.SZ,2025-03-26,22.89,23.55,22.89,22.95,33118.5,76774.41
301302.SZ,2025-03-27,22.93,23.05,22.16,22.62,33441.1,75531.25
301302.SZ,2025-03-28,22.78,23.69,22.64,22.91,46398.02,107315.09
301302.SZ,2025-03-31,22.8,22.8,21.81,22.35,33865.53,75189.51
301302.SZ,2025-04-01,22.41,22.8,22.33,22.37,28052.0,63388.82
301302.SZ,2025-04-02,22.58,22.76,22.37,22.46,18907.0,42628.9
301302.SZ,2025-04-03,22.24,22.72,22.01,22.16,19911.24,44443.32
301302.SZ,2025-04-07,21.09,21.2,17.73,17.73,67697.42,129381.68
301302.SZ,2025-04-08,17.91,19.45,17.91,18.64,51785.5,96931.42
301302.SZ,2025-04-09,18.89,19.88,17.4,19.67,78565.0,149582.07
301302.SZ,2025-04-10,19.95,20.38,19.81,19.82,54360.07,109174.44
301302.SZ,2025-04-11,19.61,20.25,19.6,20.01,34626.11,69301.19
301302.SZ,2025-04-14,20.2,20.52,19.96,20.06,35590.0,71747.57
301302.SZ,2025-04-15,20.0,20.19,19.69,19.9,26949.0,53590.61
301302.SZ,2025-04-16,20.0,20.0,19.1,19.46,31117.5,60745.0
301302.SZ,2025-04-17,19.43,19.75,19.18,19.35,24082.5,47091.38
301302.SZ,2025-04-18,19.15,19.42,18.99,19.2,23444.0,44907.77
301302.SZ,2025-04-21,19.03,20.12,19.01,20.0,41949.0,83070.02
301302.SZ,2025-04-22,20.25,20.31,19.75,19.89,28640.0,57107.99
301302.SZ,2025-04-23,20.12,20.33,19.95,20.26,31084.77,62721.42
301302.SZ,2025-04-24,20.0,20.4,19.35,19.65,31484.0,62230.56
301302.SZ,2025-04-25,19.77,20.33,19.59,19.84,38781.5,77614.45
301302.SZ,2025-04-28,19.84,20.11,19.38,19.63,20808.0,40902.78
301302.SZ,2025-04-29,19.64,20.04,19.28,19.84,22843.0,45278.26
301302.SZ,2025-04-30,19.98,20.64,19.83,20.53,29242.0,59673.45
301302.SZ,2025-05-06,20.6,21.16,20.54,21.16,32752.0,68448.11
301302.SZ,2025-05-07,21.5,22.33,21.29,21.68,76315.0,165823.17
301302.SZ,2025-05-08,21.69,24.53,21.68,24.53,139028.92,320977.59
301302.SZ,2025-05-09,23.89,24.59,23.09,23.27,128933.43,303696.9
301302.SZ,2025-05-12,23.4,27.92,22.88,27.92,150567.47,404108.99
301302.SZ,2025-05-13,29.06,29.33,26.57,26.97,290036.68,812062.12
301302.SZ,2025-05-14,26.8,29.0,26.3,27.76,243745.27,679525.42
301302.SZ,2025-05-15,26.59,27.22,25.1,25.65,212456.86,552339.62
301302.SZ,2025-05-16,25.34,26.11,24.8,24.97,141487.6,358381.05
301302.SZ,2025-05-19,24.85,25.25,24.2,24.5,115869.9,284819.92
301302.SZ,2025-05-20,24.62,24.73,23.96,24.14,89425.5,215958.08
301302.SZ,2025-05-21,24.15,24.38,23.65,23.95,79261.5,190010.42
301302.SZ,2025-05-22,23.98,25.21,23.78,24.08,138694.72,339613.77
301302.SZ,2025-05-23,23.77,24.33,23.22,23.42,99994.5,236641.54
301302.SZ,2025-05-26,23.41,23.82,23.07,23.8,56349.0,132727.22
301302.SZ,2025-05-27,23.89,24.26,23.58,23.83,60539.0,144351.28
301302.SZ,2025-05-28,23.85,24.0,23.05,23.17,61384.96,143355.61
301302.SZ,2025-05-29,23.01,23.91,22.95,23.81,65655.79,155390.32
301302.SZ,2025-05-30,23.98,23.99,23.29,23.37,46586.71,109553.07
301302.SZ,2025-06-03,23.98,24.43,23.74,23.76,72272.0,173462.79
301302.SZ,2025-06-04,23.73,24.1,23.4,23.5,51765.5,122327.17
301302.SZ,2025-06-05,23.4,23.75,23.2,23.68,45008.6,105690.64
301302.SZ,2025-06-06,23.8,24.98,23.74,23.96,94961.35,230506.07
301302.SZ,2025-06-09,23.98,24.35,23.83,24.2,66378.6,160115.45
301302.SZ,2025-06-10,24.06,24.18,22.91,23.42,75237.79,176385.04
301302.SZ,2025-06-11,23.29,23.43,23.09,23.24,34804.0,80860.3
301302.SZ,2025-06-12,23.09,23.37,22.91,23.14,31462.79,72816.9
301302.SZ,2025-06-13,23.36,25.5,23.31,24.8,178043.29,433854.15
301302.SZ,2025-06-16,24.82,25.06,24.46,24.72,125982.5,311411.15
301302.SZ,2025-06-17,24.5,25.23,24.15,25.19,112816.45,279445.89
301302.SZ,2025-06-18,24.94,26.2,24.89,25.62,157643.2,402860.59
301302.SZ,2025-06-19,25.17,25.18,23.79,24.13,111157.71,269999.65
301302.SZ,2025-06-20,23.62,24.44,23.46,23.54,62735.18,149392.0
301302.SZ,2025-06-23,23.68,25.14,23.65,24.98,104250.71,256519.15
301302.SZ,2025-06-24,24.29,24.88,24.0,24.72,89049.93,218035.79
301302.SZ,2025-06-25,24.66,25.75,24.61,25.47,126302.0,319501.13
301302.SZ,2025-06-26,25.36,26.51,25.3,25.7,148353.7,385238.79
301302.SZ,2025-06-27,26.1,26.81,25.65,26.55,147581.94,388663.97
301302.SZ,2025-06-30,26.1,27.87,25.79,27.51,155453.75,421548.55
301302.SZ,2025-07-01,27.69,27.85,26.38,26.68,113151.31,302986.69
301302.SZ,2025-07-02,26.36,26.99,25.87,26.05,84048.77,221494.3
301302.SZ,2025-07-03,26.01,26.84,25.79,25.84,71300.0,186561.33
301302.SZ,2025-07-04,25.74,26.04,25.26,25.6,68597.69,175565.58
301302.SZ,2025-07-07,24.9,24.9,21.8,22.76,193778.76,437750.95
301302.SZ,2025-07-08,22.27,23.28,22.11,23.2,114881.01,261593.49
301302.SZ,2025-07-09,23.18,23.7,22.95,23.0,81389.6,189457.05
301302.SZ,2025-07-10,22.9,23.25,22.61,23.02,44881.0,102965.78
301302.SZ,2025-07-11,22.91,23.4,22.75,23.3,52122.0,120575.17
301302.SZ,2025-07-14,23.32,23.46,22.85,23.17,41187.0,94957.26
301302.SZ,2025-07-15,23.04,23.27,22.5,22.9,43730.5,99700.71
301302.SZ,2025-07-16,22.99,23.66,22.85,23.26,65138.5,152124.07
301302.SZ,2025-07-17,23.28,24.04,23.02,24.03,62143.0,147141.87
301302.SZ,2025-07-18,24.13,24.86,23.99,24.05,66829.1,162104.63
301302.SZ,2025-07-21,23.99,24.24,23.84,24.05,43030.5,103415.0
301302.SZ,2025-07-22,24.05,24.44,23.8,23.98,49852.6,119966.64
301302.SZ,2025-07-23,23.89,24.15,23.6,23.74,36506.5,87061.87
301302.SZ,2025-07-24,23.77,24.59,23.74,24.38,68113.65,165656.45
301302.SZ,2025-07-25,24.37,24.66,24.21,24.48,39978.37,97750.72
301302.SZ,2025-07-28,24.55,24.97,24.49,24.79,42492.0,105064.12
301302.SZ,2025-07-29,24.75,25.48,24.54,25.46,61611.87,154027.05
301302.SZ,2025-07-30,25.46,25.54,24.58,24.88,53162.0,133075.4
301302.SZ,2025-07-31,24.74,25.48,24.62,24.98,57533.98,144617.75
301302.SZ,2025-08-01,25.18,26.65,24.62,26.1,114725.0,296452.45
301302.SZ,2025-08-04,25.9,28.08,25.85,27.39,183205.74,499790.35
301302.SZ,2025-08-05,27.08,27.75,26.8,27.22,123271.5,335262.55
301302.SZ,2025-08-06,27.0,28.82,26.98,28.21,145677.07,408051.49
301302.SZ,2025-08-07,28.4,28.4,27.5,27.66,112913.87,314467.58
301302.SZ,2025-08-08,27.51,27.64,26.82,26.96,80432.47,218333.08
301302.SZ,2025-08-11,26.88,27.28,26.75,26.94,60222.06,162515.83
301302.SZ,2025-08-12,26.94,27.05,26.26,26.49,55221.21,146378.87
301302.SZ,2025-08-13,26.46,26.88,26.24,26.4,56365.8,149207.66
301302.SZ,2025-08-14,26.3,26.53,25.65,25.75,52319.0,135784.74
301302.SZ,2025-08-15,25.95,26.08,25.73,25.95,44459.62,115146.45
301302.SZ,2025-08-18,26.21,26.99,26.11,26.74,82914.98,221423.03
301302.SZ,2025-08-19,26.74,26.94,26.32,26.88,62967.87,167677.27
301302.SZ,2025-08-20,27.47,28.2,26.6,27.73,172321.88,474701.96
301302.SZ,2025-08-21,27.38,27.75,27.03,27.15,85879.91,234492.96
301302.SZ,2025-08-22,27.12,27.44,26.94,27.23,64288.0,174967.03
301302.SZ,2025-08-25,27.23,27.37,26.79,27.23,83259.44,225816.38
301302.SZ,2025-08-26,27.03,27.48,26.69,27.01,56694.66,153832.45
301302.SZ,2025-08-27,27.02,27.84,26.15,26.18,90498.99,245015.71
301302.SZ,2025-08-28,26.14,26.79,25.06,26.33,70789.86,183736.2
301302.SZ,2025-08-29,26.18,26.45,25.81,25.94,41433.56,107896.4
301302.SZ,2025-09-01,25.94,26.05,25.65,25.81,33999.62,87797.48
301302.SZ,2025-09-02,25.75,25.75,24.58,25.16,45517.66,113669.14
301302.SZ,2025-09-03,25.1,25.27,23.5,23.58,53950.56,130913.58
301302.SZ,2025-09-04,23.59,24.04,22.88,23.25,40745.42,96116.12
301302.SZ,2025-09-05,23.39,23.6,23.11,23.6,27866.88,65233.43
301302.SZ,2025-09-08,23.61,24.62,23.58,24.53,48139.5,116117.59
301302.SZ,2025-09-09,24.46,24.5,23.9,24.04,30724.45,74185.1
301302.SZ,2025-09-10,24.04,24.42,23.85,23.86,23158.88,55768.74
301302.SZ,2025-09-11,23.87,24.12,23.53,24.08,32977.18,78758.75
301302.SZ,2025-09-12,24.06,24.3,23.88,23.94,23407.45,56349.94
301302.SZ,2025-09-15,23.9,23.92,23.63,23.81,20846.45,49569.7
301302.SZ,2025-09-16,23.71,24.07,23.66,24.07,19979.89,47724.8
301302.SZ,2025-09-17,24.0,24.15,23.83,23.98,20766.5,49742.09
301302.SZ,2025-09-18,23.9,24.35,23.4,23.69,39021.5,93313.03
301302.SZ,2025-09-19,23.79,24.03,23.12,23.22,26536.5,62535.83
301302.SZ,2025-09-22,23.35,23.38,22.99,23.27,18270.4,42386.72
301302.SZ,2025-09-23,23.27,23.52,21.53,22.55,61434.24,135975.86
301302.SZ,2025-09-24,22.5,22.92,22.21,22.84,30673.0,69627.93
301302.SZ,2025-09-25,22.84,23.03,22.55,22.59,23344.95,53114.78
301302.SZ,2025-09-26,22.67,22.82,22.26,22.29,22560.5,50781.61
301302.SZ,2025-09-29,22.34,22.62,21.84,22.53,25536.76,56962.33
301302.SZ,2025-09-30,22.64,23.28,22.5,23.1,25917.5,59610.06
301302.SZ,2025-10-09,23.15,23.3,22.79,22.94,25369.0,58368.77
301302.SZ,2025-10-10,22.96,23.16,22.77,22.87,22035.4,50548.59
301302.SZ,2025-10-13,22.54,23.42,21.86,23.25,35340.59,81218.07
301302.SZ,2025-10-14,23.25,23.45,22.72,22.81,25617.5,59182.71
301302.SZ,2025-10-15,22.81,23.15,22.56,22.95,18228.0,41756.31
301302.SZ,2025-10-16,23.04,23.07,22.35,22.4,22355.31,50560.59
301302.SZ,2025-10-17,22.38,22.78,22.0,22.0,20778.63,46404.64
301302.SZ,2025-10-20,22.16,22.62,22.16,22.52,19939.68,44806.73
301302.SZ,2025-10-21,22.55,22.8,22.37,22.63,21813.0,49198.47
301302.SZ,2025-10-22,22.55,22.66,22.27,22.44,16143.56,36317.35
301302.SZ,2025-10-23,22.44,22.55,22.03,22.47,18161.5,40392.74
301302.SZ,2025-10-24,22.59,23.11,22.58,22.68,27760.95,63401.4
301302.SZ,2025-10-27,22.82,23.57,22.6,23.3,40612.2,93929.32
301302.SZ,2025-10-28,23.3,24.14,23.12,23.8,46489.91,110666.24
301302.SZ,2025-10-29,23.8,23.88,23.24,23.43,33045.46,77438.86
301302.SZ,2025-10-30,23.35,23.5,23.0,23.08,30072.0,69886.05
301302.SZ,2025-10-31,23.16,23.86,23.02,23.54,29069.81,68279.13
301302.SZ,2025-11-03,23.53,24.03,23.42,23.98,35420.55,84319.49
301302.SZ,2025-11-04,24.03,24.1,23.66,23.8,19764.32,47042.59
301302.SZ,2025-11-05,23.7,23.9,23.56,23.7,16519.32,39195.57
301302.SZ,2025-11-06,23.68,23.68,23.26,23.33,22284.62,52107.66
301302.SZ,2025-11-07,23.3,23.4,23.1,23.33,16116.0,37458.88
301302.SZ,2025-11-10,23.32,23.46,23.16,23.17,16066.41,37369.95
301302.SZ,2025-11-11,23.19,23.3,22.88,22.9,17234.5,39746.67
301302.SZ,2025-11-12,22.92,22.96,22.43,22.64,18641.98,42146.81
301302.SZ,2025-11-13,22.6,22.86,22.48,22.75,13290.88,30216.76
301302.SZ,2025-11-14,22.75,23.11,22.63,22.8,16851.48,38621.39
301302.SZ,2025-11-17,22.89,23.42,22.89,23.27,27831.0,64653.99
301302.SZ,2025-11-18,23.21,23.26,22.91,23.14,20884.0,48234.07
301302.SZ,2025-11-19,23.16,23.39,22.64,23.03,26394.46,60787.5
301302.SZ,2025-11-20,22.96,23.64,22.44,23.35,41057.63,95002.0
301302.SZ,2025-11-21,22.92,25.0,22.23,24.15,112382.3,266865.73
301302.SZ,2025-11-24,24.5,25.03,24.09,24.87,113531.14,278007.34
301302.SZ,2025-11-25,24.53,24.68,24.25,24.36,84823.25,207590.45
301302.SZ,2025-11-26,24.2,24.28,23.54,23.61,56955.2,135762.75
301302.SZ,2025-11-27,23.52,23.55,22.81,22.81,53979.99,124268.72
301302.SZ,2025-11-28,22.81,24.4,22.7,23.87,91731.94,217389.47
301302.SZ,2025-12-01,24.12,24.46,23.67,23.79,66478.21,159303.95
301302.SZ,2025-12-02,23.83,23.86,23.36,23.51,37490.73,88430.62
301302.SZ,2025-12-03,23.41,23.99,22.41,23.15,75637.38,174602.27
301302.SZ,2025-12-04,23.06,23.72,22.52,22.62,48610.34,110793.56
301302.SZ,2025-12-05,22.71,23.38,22.42,23.32,51869.21,119437.67
301302.SZ,2025-12-08,23.6,24.56,23.56,23.62,54835.97,130996.53
301302.SZ,2025-12-09,23.89,24.08,23.53,23.58,41245.91,98102.56
301302.SZ,2025-12-10,23.5,23.85,23.08,23.2,31518.3,73703.58
301302.SZ,2025-12-11,23.2,23.43,22.69,22.75,27698.92,63500.5
301302.SZ,2025-12-12,22.61,23.32,22.2,22.32,51024.92,116079.87
301302.SZ,2025-12-15,22.2,22.83,21.77,22.52,39426.5,88402.51
301302.SZ,2025-12-16,22.44,22.56,21.58,21.92,40957.62,90165.74
301302.SZ,2025-12-17,21.88,22.39,20.95,21.52,43366.07,92906.8
301302.SZ,2025-12-18,21.38,23.08,21.23,22.83,64285.02,144450.41
301302.SZ,2025-12-19,22.76,23.4,22.5,22.62,32567.5,74039.84
301302.SZ,2025-12-22,22.59,22.79,22.44,22.53,24402.07,55124.09
301302.SZ,2025-12-23,22.52,22.59,21.81,21.93,29378.92,64875.79
301302.SZ,2025-12-24,21.82,22.34,21.7,22.27,22061.53,48905.8
301302.SZ,2025-12-25,22.25,23.05,22.2,22.85,34674.93,78828.34
301302.SZ,2025-12-26,22.88,23.0,22.49,22.69,23686.71,53950.22
301302.SZ,2025-12-29,22.68,22.85,22.4,22.66,20713.5,46813.32
301302.SZ,2025-12-30,22.5,22.73,22.23,22.35,23656.5,53091.43
301302.SZ,2025-12-31,22.35,23.05,22.22,22.87,34529.0,78321.15
301302.SZ,2026-01-05,23.23,23.41,22.75,23.17,38919.5,89905.07
301302.SZ,2026-01-06,23.18,23.55,22.92,23.39,32877.68,76628.19
301302.SZ,2026-01-07,23.28,23.38,22.97,23.2,30024.88,69514.09
301302.SZ,2026-01-08,23.31,23.85,23.11,23.72,44932.33,105935.89
301302.SZ,2026-01-09,23.73,24.54,23.7,24.54,73628.48,178138.38
301302.SZ,2026-01-12,25.11,26.93,25.11,26.9,153293.37,402548.94
301302.SZ,2026-01-13,26.91,27.3,25.52,26.13,149684.29,393607.34
301302.SZ,2026-01-14,27.39,30.26,27.39,27.88,242926.0,694446.82
301302.SZ,2026-01-15,27.4,29.18,26.9,28.37,194495.67,550376.39
301302.SZ,2026-01-16,28.5,30.27,26.52,26.85,184405.95,520578.35
301302.SZ,2026-01-19,26.42,27.1,26.0,26.42,100823.68,267950.61
301302.SZ,2026-01-20,26.45,26.73,24.95,25.24,99896.5,255422.1
301302.SZ,2026-01-21,25.13,25.92,24.91,25.26,51000.44,129413.25
301302.SZ,2026-01-22,25.13,25.78,25.02,25.5,53864.94,137358.38
301302.SZ,2026-01-23,25.51,26.25,25.17,26.25,76960.5,198727.02
301302.SZ,2026-01-26,26.32,26.47,24.66,25.16,83576.44,211081.09
301302.SZ,2026-01-27,25.17,25.22,23.95,24.71,62298.0,152444.98
301302.SZ,2026-01-28,24.75,24.95,24.03,24.1,44432.89,108028.75
301302.SZ,2026-01-29,24.1,24.77,23.51,23.86,55756.93,134567.36
301302.SZ,2026-01-30,23.8,23.98,23.01,23.29,49476.43,115402.14
301302.SZ,2026-02-02,23.45,23.54,22.79,22.81,35708.0,82535.45
301302.SZ,2026-02-03,23.22,23.4,22.91,23.4,37323.12,86660.7
301302.SZ,2026-02-04,23.35,23.85,23.21,23.44,38764.51,91092.16
301302.SZ,2026-02-05,23.27,23.72,23.18,23.19,28822.94,67396.68
301302.SZ,2026-02-06,23.04,23.46,22.94,23.21,28461.5,66230.98
301302.SZ,2026-02-09,23.5,24.53,23.5,24.35,57338.0,138649.18
301302.SZ,2026-02-10,24.35,25.29,24.18,24.7,58503.49,145030.33
301302.SZ,2026-02-11,24.62,24.87,24.3,24.58,31610.2,77802.99
301302.SZ,2026-02-12,24.8,24.93,24.2,24.58,35230.11,86730.82
301302.SZ,2026-02-13,24.53,25.23,24.53,24.83,36849.57,91960.17
301302.SZ,2026-02-24,25.05,25.28,24.57,24.9,33411.5,83039.82
301302.SZ,2026-02-25,24.89,25.0,24.62,24.76,31802.5,78793.52
301302.SZ,2026-02-26,24.95,25.14,24.64,24.69,34380.6,85299.06
301302.SZ,2026-02-27,24.53,24.81,24.46,24.77,28432.45,70196.01
301302.SZ,2026-03-02,29.72,29.72,29.72,29.72,68461.93,203468.86
301302.SZ,2026-03-03,35.66,35.66,34.8,35.66,265248.16,944418.72
301302.SZ,2026-03-04,32.49,39.29,30.21,37.3,444474.57,1502819.74
301302.SZ,2026-03-05,37.0,37.3,33.28,33.59,305473.84,1046872.2
301302.SZ,2026-03-06,31.86,34.79,30.95,33.0,253004.61,821058.08
301302.SZ,2026-03-09,32.76,36.3,32.5,33.68,288513.51,990801.33
301302.SZ,2026-03-10,31.2,33.31,31.2,32.99,200426.57,656276.69
301302.SZ,2026-03-11,32.4,33.58,31.69,31.94,180612.51,584373.38
301302.SZ,2026-03-12,31.76,31.76,29.53,29.82,196686.38,595911.83
301302.SZ,2026-03-13,29.55,29.8,28.45,28.53,127227.94,368585.98
301302.SZ,2026-03-16,28.4,29.48,28.11,28.83,104768.27,303576.14
301302.SZ,2026-03-17,28.76,29.05,27.61,27.65,91488.2,257532.35
301302.SZ,2026-03-18,28.12,28.18,27.46,28.13,59428.41,165472.63
301302.SZ,2026-03-19,27.75,30.61,27.66,29.36,223447.33,651316.0
301302.SZ,2026-03-20,28.95,30.49,28.1,28.64,184558.17,539970.42
301302.SZ,2026-03-23,27.03,28.78,27.0,27.26,142370.72,396571.04
301302.SZ,2026-03-24,28.0,28.78,26.91,28.11,151843.68,424311.95
301302.SZ,2026-03-25,27.77,29.83,27.42,29.47,205669.34,585910.75
301302.SZ,2026-03-26,28.68,28.8,27.7,28.08,138033.15,390018.15
301302.SZ,2026-03-27,27.53,28.45,27.32,27.72,80337.53,224069.45
301302.SZ,2026-03-30,27.18,27.87,26.5,27.36,86951.97,235203.15
301302.SZ,2026-03-31,27.39,27.68,26.27,26.3,93622.0,251269.86
301302.SZ,2026-04-01,24.15,25.75,22.03,22.21,285126.05,656714.0
301302.SZ,2026-04-02,21.82,21.98,21.33,21.53,148737.27,319997.11
301302.SZ,2026-04-03,21.53,21.58,20.61,20.69,94585.05,197308.55
301302.SZ,2026-04-07,20.43,20.99,20.43,20.63,63282.07,131165.23
301302.SZ,2026-04-08,20.99,21.67,20.99,21.64,92773.55,197724.75
301302.SZ,2026-04-09,21.4,21.69,20.93,21.17,63915.15,135564.49
301302.SZ,2026-04-10,21.12,21.52,21.0,21.17,60502.33,128945.33
301302.SZ,2026-04-13,21.0,21.45,20.9,21.41,51592.78,109318.52
301302.SZ,2026-04-14,21.67,22.03,21.32,21.69,55239.0,118929.52
301302.SZ,2026-04-15,21.85,21.85,21.36,21.43,39070.72,84227.23
301302.SZ,2026-04-16,21.42,22.03,21.27,21.96,62343.0,135758.95
301302.SZ,2026-04-17,22.03,22.2,21.68,22.09,49894.09,109360.16
301302.SZ,2026-06-05,25.29,26.05,24.01,25.1,80967.0,202404.77
301302.SZ,2026-06-08,24.12,30.12,24.12,30.12,161856.0,461407.41
301302.SZ,2026-06-09,30.66,31.55,29.66,30.49,270352.82,822839.4
301302.SZ,2026-06-10,30.3,35.2,29.99,32.37,301129.57,992860.79
301302.SZ,2026-06-11,31.79,31.87,30.2,30.8,220509.32,680180.28
301302.SZ,2026-06-12,30.8,32.98,30.56,32.3,219098.14,698724.22
301302.SZ,2026-06-15,30.41,31.5,30.19,31.18,162261.2,501213.92
301302.SZ,2026-06-16,30.5,31.44,29.92,31.25,141203.96,436935.73
301302.SZ,2026-06-17,30.74,31.22,30.16,30.38,108717.82,331870.18
301302.SZ,2026-06-18,30.77,30.98,28.61,30.12,121056.58,359979.19
301302.SZ,2026-06-22,29.82,30.93,29.11,29.75,104470.0,312401823.0
301302.SZ,2026-06-23,29.54,30.13,28.72,29.17,74241.0,217285526.0
301302.SZ,2026-06-24,29.02,29.16,27.7,28.15,96672.0,272264754.0
301302.SZ,2026-06-25,27.95,28.28,26.35,26.49,82813.0,223536447.0
301302.SZ,2026-06-26,26.52,27.5,25.78,26.03,93141.0,245583264.0
301302.SZ,2026-06-29,26.05,27.81,25.77,26.53,114311.0,304800021.0
301302.SZ,2026-06-30,26.54,27.58,26.48,26.92,104239.0,280474236.0
301302.SZ,2026-07-01,27.19,28.27,26.85,27.25,108690.0,297951345.99
301302.SZ,2026-07-03,27.28,28.27,26.94,27.67,132697.87,367021.25
301302.SZ,2026-07-06,27.46,27.96,25.22,25.45,128043.01,334878.45
301302.SZ,2026-07-07,25.19,25.69,24.32,24.41,82201.46,204141.45
301302.SZ,2026-07-08,24.58,24.8,23.86,23.99,58626.12,141404.25
301302.SZ,2026-07-09,24.05,24.38,23.27,24.07,62079.0,148119.5
301302.SZ,2026-07-10,24.01,25.22,23.76,24.19,84396.0,206395.47
301302.SZ,2026-07-13,24.38,24.85,22.09,22.22,86178.66,198303.48
301302.SZ,2026-07-14,22.11,22.4,21.45,22.24,70174.4,154176.53
301302.SZ,2026-07-15,22.17,22.97,22.0,22.25,50913.67,114428.76
301302.SZ,2026-07-16,22.0,23.8,21.89,22.98,83236.04,192409.24
301302.SZ,2026-07-17,22.93,23.35,21.58,21.76,64338.56,143864.41
301302.SZ,2026-07-20,21.88,22.18,20.26,20.74,70356.92,148932.61
301302.SZ,2026-07-21,20.5,21.0,18.68,20.85,84513.08,168813.26
301302.SZ,2026-07-22,20.69,21.0,20.16,20.42,47918.0,98420.05
301302.SZ,2026-07-23,20.43,21.08,20.33,21.02,44330.18,92365.49
301302.SZ,2026-07-24,20.79,21.73,20.53,21.14,74750.76,158890.92
301302.SZ,2026-07-27,20.6,21.46,20.4,21.4,64806.5,136636.42
301302.SZ,2026-07-28,21.26,21.76,21.06,21.3,45432.01,97293.41
301302.SZ,2026-07-29,21.14,21.38,20.44,20.88,61012.5,127378.14
301302.SZ,2026-07-30,20.64,21.02,19.91,20.12,48194.97,98459.9
301302.SZ,2026-07-31,20.5,23.29,20.5,21.6,99618.47,215968.76
301302.SZ,2026-08-03,21.82,22.46,21.38,22.17,66740.0,147463.96
301302.SZ,2026-08-04,22.7,24.8,22.1,23.89,110925.25,258925.71
301302.SZ,2026-08-05,24.56,25.18,23.67,24.4,134615.25,330007.47
301302.SZ,2026-08-06,23.64,24.7,23.61,24.21,96986.28,234800.51
301302.SZ,2026-08-07,24.0,24.18,23.25,23.99,59299.49,140665.96
301302.SZ,2026-08-10,24.35,24.47,23.65,24.46,54902.32,132470.08
301302.SZ,2026-08-11,24.35,24.35,23.66,24.08,43146.24,103418.39
301302.SZ,2026-08-12,24.15,24.43,23.88,24.27,31391.26,76120.77
301302.SZ,2026-08-13,24.28,24.53,23.84,23.84,42028.22,101547.7
301302.SZ,2026-08-14,23.86,24.08,23.26,23.6,43303.45,102005.82
301302.SZ,2026-08-17,23.6,23.8,23.2,23.8,34001.84,80052.13
301302.SZ,2026-08-18,23.71,23.79,23.06,23.33,31608.0,73576.71
301302.SZ,2026-08-19,23.13,23.28,21.55,21.58,48815.5,107569.14
301302.SZ,2026-08-20,21.85,21.98,21.44,21.73,29000.44,63009.68
301302.SZ,2026-08-21,21.57,21.86,21.1,21.66,30638.64,66165.23
301302.SZ,2026-08-24,21.4,21.45,20.37,20.64,46189.63,95633.0
301302.SZ,2026-08-25,20.28,21.0,20.03,20.81,37602.87,77264.61
301302.SZ,2026-08-26,20.82,21.08,20.52,20.89,30241.0,63018.79
301302.SZ,2026-08-27,20.89,21.05,20.66,20.98,30580.0,63938.18
301302.SZ,2026-08-28,20.99,21.36,20.95,21.1,30579.13,64701.86
301302.SZ,2026-08-31,20.69,21.55,20.58,21.53,31575.29,67111.99
301302.SZ,2026-09-01,21.53,22.24,21.33,22.09,47336.83,103736.3
301302.SZ,2026-09-02,21.87,23.0,21.77,22.67,88888.48,199812.6
301302.SZ,2026-09-03,22.68,22.95,22.13,22.19,68064.88,152180.21
301302.SZ,2026-09-04,22.23,23.25,22.23,22.5,63520.93,144581.8
301302.SZ,2026-09-07,22.38,22.55,21.99,22.11,48844.06,108205.62
301302.SZ,2026-09-08,22.06,22.54,21.98,22.27,30656.54,68259.44
301302.SZ,2026-09-09,22.09,22.45,21.93,22.06,32967.3,72819.6
301302.SZ,2026-09-10,21.93,22.0,21.61,21.76,25820.29,56293.73
301302.SZ,2026-09-11,21.67,21.88,21.23,21.47,31742.2,68133.38
301302.SZ,2026-09-14,21.6,21.6,21.07,21.14,21279.98,45275.69
301302.SZ,2026-09-15,21.08,21.24,20.55,20.58,22145.0,46085.18
301302.SZ,2026-09-16,20.58,20.85,20.33,20.69,20616.0,42575.14
301302.SZ,2026-09-17,20.65,20.87,20.3,20.55,22359.0,45962.26
301302.SZ,2026-09-18,20.61,21.3,20.61,21.01,29802.22,62492.55
