symbol,datetime,open,high,low,close,volume,amount
513150,2022-02-11,0.971,0.987,0.958,0.961,1066508.0,103932811.0
513150,2022-02-14,0.942,0.957,0.942,0.952,571337.0,54110553.0
513150,2022-02-15,0.952,0.971,0.952,0.968,511576.0,49399289.0
513150,2022-02-16,0.973,0.987,0.973,0.986,549691.0,54091729.0
513150,2022-02-17,0.981,0.999,0.981,0.996,448999.0,44572680.0
513150,2022-02-18,0.987,0.993,0.979,0.979,228451.0,22545793.0
513150,2022-02-21,0.976,0.976,0.949,0.953,80033.0,7648546.0
513150,2022-02-22,0.936,0.939,0.916,0.926,129161.0,11934202.0
513150,2022-02-23,0.925,0.95,0.925,0.948,96464.0,9111126.0
513150,2022-02-24,0.928,0.935,0.899,0.916,138092.0,12744881.0
513150,2022-02-25,0.934,0.942,0.925,0.931,65651.0,6126002.0
513150,2022-02-28,0.915,0.915,0.905,0.914,35433.0,3228715.0
513150,2022-03-01,0.925,0.935,0.921,0.935,55296.0,5134992.0
513150,2022-03-02,0.899,0.932,0.899,0.908,88531.0,8098297.0
513150,2022-03-03,0.907,0.907,0.885,0.887,62739.0,5612678.0
513150,2022-03-04,0.879,0.879,0.847,0.85,97012.0,8300364.0
513150,2022-03-07,0.841,0.841,0.798,0.819,68849.0,5630254.0
513150,2022-03-08,0.791,0.822,0.783,0.785,163054.0,13030862.0
513150,2022-03-09,0.79,0.803,0.76,0.784,88652.0,7019692.0
513150,2022-03-10,0.797,0.853,0.792,0.793,87131.0,7007786.0
513150,2022-03-11,0.76,0.776,0.741,0.776,196427.0,14919123.0
513150,2022-03-14,0.738,0.775,0.715,0.715,229498.0,16885240.0
513150,2022-03-15,0.71,0.725,0.657,0.657,136404.0,9480891.0
513150,2022-03-16,0.674,0.723,0.671,0.723,232316.0,16059206.0
513150,2022-03-17,0.795,0.795,0.792,0.795,20946.0,1663912.0
513150,2022-03-18,0.775,0.82,0.775,0.812,235729.0,18820676.0
513150,2022-03-21,0.812,0.824,0.794,0.801,175078.0,14157311.0
513150,2022-03-22,0.801,0.83,0.793,0.813,162710.0,13094191.0
513150,2022-03-23,0.818,0.87,0.818,0.856,320479.0,27361455.0
513150,2022-03-24,0.837,0.857,0.837,0.849,269397.0,22915075.0
513150,2022-03-25,0.839,0.85,0.795,0.795,289321.0,23744725.0
513150,2022-03-28,0.797,0.831,0.787,0.814,481977.0,39175013.0
513150,2022-03-29,0.818,0.85,0.783,0.836,251221.0,20976276.0
513150,2022-03-30,0.841,0.88,0.835,0.849,253826.0,21446273.0
513150,2022-03-31,0.886,0.886,0.823,0.827,255716.0,21320582.0
513150,2022-04-01,0.822,0.825,0.796,0.824,116664.0,9460249.0
513150,2022-04-06,0.828,0.855,0.828,0.851,261899.0,22268729.0
513150,2022-04-07,0.83,0.907,0.825,0.826,201259.0,16855774.0
513150,2022-04-08,0.822,0.822,0.805,0.818,177385.0,14426378.0
513150,2022-04-11,0.818,0.818,0.773,0.774,170938.0,13417623.0
513150,2022-04-12,0.775,0.851,0.762,0.795,642538.0,49997731.0
513150,2022-04-13,0.79,0.796,0.775,0.788,203162.0,15913965.0
513150,2022-04-14,0.802,0.806,0.792,0.804,189837.0,15170679.0
513150,2022-04-15,0.801,0.801,0.799,0.799,30101.0,2409284.0
513150,2022-04-18,0.799,0.799,0.791,0.791,23082.0,1835329.0
513150,2022-04-19,0.785,0.785,0.772,0.777,98946.0,7711249.0
513150,2022-04-20,0.783,0.791,0.774,0.777,80949.0,6302572.0
513150,2022-04-21,0.766,0.768,0.744,0.748,199195.0,15076277.0
513150,2022-04-22,0.74,0.762,0.736,0.757,214992.0,16109786.0
513150,2022-04-25,0.739,0.751,0.721,0.725,283984.0,20983057.0
513150,2022-04-26,0.73,0.759,0.73,0.742,233587.0,17466200.0
513150,2022-04-27,0.724,0.759,0.724,0.751,180387.0,13460000.0
513150,2022-04-28,0.759,0.764,0.75,0.764,190019.0,14373797.0
513150,2022-04-29,0.764,0.84,0.764,0.824,246976.0,19511778.0
513150,2022-05-05,0.824,0.824,0.789,0.791,262446.0,20882810.0
513150,2022-05-06,0.786,0.786,0.744,0.754,328978.0,24989834.0
513150,2022-05-09,0.774,0.774,0.74,0.745,23456.0,1749032.0
513150,2022-05-10,0.735,0.745,0.706,0.742,408814.0,30045759.0
513150,2022-05-11,0.747,0.798,0.747,0.773,335263.0,26069190.0
513150,2022-05-12,0.776,0.789,0.753,0.759,262031.0,19968840.0
513150,2022-05-13,0.779,0.789,0.777,0.786,204216.0,16015620.0
513150,2022-05-16,0.79,0.802,0.781,0.787,308939.0,24412478.0
513150,2022-05-17,0.792,0.828,0.787,0.828,212152.0,17222187.0
513150,2022-05-18,0.83,0.909,0.814,0.825,238869.0,19634380.0
513150,2022-05-19,0.817,0.817,0.787,0.803,303487.0,24160257.0
513150,2022-05-20,0.81,0.849,0.81,0.831,333703.0,27686993.0
513150,2022-05-23,0.826,0.828,0.807,0.813,246452.0,20120928.0
513150,2022-05-24,0.813,0.817,0.781,0.783,197206.0,15829849.0
513150,2022-05-25,0.778,0.793,0.77,0.789,149623.0,11763015.0
513150,2022-05-26,0.794,0.805,0.777,0.784,279693.0,22033054.0
513150,2022-05-27,0.805,0.821,0.805,0.813,263026.0,21411297.0
513150,2022-05-30,0.83,0.831,0.815,0.829,206367.0,17020245.0
513150,2022-05-31,0.818,0.857,0.818,0.852,566430.0,47585767.0
513150,2022-06-01,0.872,0.872,0.843,0.849,511232.0,43515739.0
513150,2022-06-02,0.847,0.85,0.839,0.848,419725.0,35428784.0
513150,2022-06-06,0.853,0.88,0.853,0.877,229105.0,19817116.0
513150,2022-06-07,0.888,0.902,0.878,0.886,110398.0,9808526.0
513150,2022-06-08,0.893,0.926,0.893,0.92,395551.0,36306939.0
513150,2022-06-09,0.93,0.944,0.903,0.903,209087.0,19289465.0
513150,2022-06-10,0.889,0.933,0.889,0.925,297078.0,27203276.0
513150,2022-06-13,0.927,0.927,0.886,0.893,302157.0,27260695.0
513150,2022-06-14,0.888,0.898,0.869,0.898,368689.0,32514463.0
513150,2022-06-15,0.906,0.916,0.903,0.904,293702.0,26736857.0
513150,2022-06-16,0.908,0.911,0.876,0.878,328157.0,29330796.0
513150,2022-06-17,0.873,0.895,0.867,0.889,254910.0,22596288.0
513150,2022-06-20,0.893,0.915,0.882,0.905,204382.0,18232563.0
513150,2022-06-21,0.906,0.922,0.895,0.916,178345.0,16206828.0
513150,2022-06-22,0.95,0.95,0.908,0.909,217574.0,20042112.0
513150,2022-06-23,0.909,0.932,0.904,0.93,193806.0,17767161.0
513150,2022-06-24,0.935,0.968,0.935,0.967,150444.0,14294951.0
513150,2022-06-27,0.972,1.014,0.972,0.981,996381.0,98906791.0
513150,2022-06-28,0.986,0.999,0.963,0.995,515102.0,50590184.0
513150,2022-06-29,0.989,0.989,0.949,0.949,182002.0,17637582.0
513150,2022-06-30,0.95,0.966,0.938,0.946,172589.0,16512287.0
513150,2022-07-01,0.951,0.952,0.947,0.947,19137.0,1818772.0
513150,2022-07-04,0.939,0.961,0.937,0.96,401340.0,38088042.0
513150,2022-07-05,0.965,0.978,0.953,0.968,170858.0,16436369.0
513150,2022-07-06,0.972,0.992,0.944,0.955,265330.0,25667568.0
513150,2022-07-07,0.958,0.961,0.938,0.96,313469.0,29841981.0
513150,2022-07-08,0.965,0.978,0.96,0.964,231098.0,22447175.0
513150,2022-07-11,0.95,0.95,0.916,0.918,125044.0,11598457.0
513150,2022-07-12,0.921,0.921,0.898,0.905,169246.0,15362192.0
513150,2022-07-13,0.91,0.919,0.902,0.91,124229.0,11330999.0
513150,2022-07-14,0.91,0.925,0.907,0.92,223833.0,20525063.0
513150,2022-07-15,0.923,0.93,0.908,0.91,150486.0,13843757.0
513150,2022-07-18,0.911,0.927,0.896,0.924,259791.0,23593245.0
513150,2022-07-19,0.931,0.931,0.909,0.916,160584.0,14727867.0
513150,2022-07-20,0.936,0.936,0.926,0.929,130398.0,12142717.0
513150,2022-07-21,0.929,0.936,0.925,0.928,162497.0,15112350.0
513150,2022-07-22,0.938,0.943,0.923,0.929,127470.0,11894013.0
513150,2022-07-25,0.924,0.924,0.896,0.902,165021.0,14916524.0
513150,2022-07-26,0.904,0.921,0.904,0.92,129660.0,11823026.0
513150,2022-07-27,0.902,0.915,0.902,0.903,220809.0,20037651.0
513150,2022-07-28,0.908,0.923,0.904,0.907,173767.0,15800002.0
513150,2022-07-29,0.904,0.906,0.864,0.866,383545.0,33906745.0
513150,2022-08-01,0.87,0.882,0.861,0.879,196836.0,17214613.0
513150,2022-08-02,0.859,0.859,0.842,0.852,287436.0,24511359.0
513150,2022-08-03,0.857,0.878,0.853,0.855,479366.0,41376857.0
513150,2022-08-04,0.86,0.883,0.842,0.878,205383.0,18047240.0
513150,2022-08-05,0.883,0.897,0.883,0.893,229130.0,20461400.0
513150,2022-08-08,0.886,0.893,0.876,0.885,167929.0,14858820.0
513150,2022-08-09,0.884,0.887,0.873,0.879,186223.0,16378987.0
513150,2022-08-10,0.874,0.874,0.837,0.838,340481.0,29016300.0
513150,2022-08-11,0.851,0.873,0.851,0.87,231974.0,20038128.0
513150,2022-08-12,0.875,0.882,0.858,0.875,176710.0,15482752.0
513150,2022-08-15,0.875,0.885,0.869,0.874,168829.0,14794702.0
513150,2022-08-16,0.879,0.882,0.848,0.855,229259.0,19897875.0
513150,2022-08-17,0.86,0.863,0.85,0.858,358515.0,30728157.0
513150,2022-08-18,0.86,0.861,0.851,0.854,171873.0,14700110.0
513150,2022-08-19,0.857,0.866,0.849,0.851,378344.0,32570144.0
513150,2022-08-22,0.847,0.855,0.843,0.851,247246.0,20990964.0
513150,2022-08-23,0.855,0.855,0.836,0.838,223621.0,18905630.0
513150,2022-08-24,0.835,0.835,0.811,0.814,305967.0,25030091.0
513150,2022-08-25,0.822,0.841,0.82,0.841,203698.0,16860064.0
513150,2022-08-26,0.846,0.862,0.846,0.857,274402.0,23554684.0
513150,2022-08-29,0.931,0.931,0.843,0.854,200732.0,17183225.0
513150,2022-08-30,0.846,0.846,0.829,0.84,250334.0,20935024.0
513150,2022-08-31,0.796,0.859,0.796,0.846,368940.0,30946233.0
513150,2022-09-01,0.841,0.845,0.825,0.826,259428.0,21755492.0
513150,2022-09-02,0.829,0.831,0.809,0.813,252440.0,20673995.0
513150,2022-09-05,0.81,0.81,0.791,0.796,249186.0,19843119.0
513150,2022-09-06,0.801,0.805,0.79,0.803,240980.0,19186234.0
513150,2022-09-07,0.798,0.799,0.787,0.799,387533.0,30661106.0
513150,2022-09-08,0.803,0.803,0.784,0.784,188049.0,14926080.0
513150,2022-09-09,0.785,0.807,0.785,0.805,231278.0,18472846.0
513150,2022-09-13,0.806,0.806,0.786,0.787,192717.0,15214833.0
513150,2022-09-14,0.77,0.78,0.766,0.769,260602.0,20100005.0
513150,2022-09-15,0.773,0.779,0.766,0.772,246212.0,19040069.0
513150,2022-09-16,0.771,0.771,0.758,0.758,428779.0,32766408.0
513150,2022-09-19,0.753,0.753,0.735,0.737,299562.0,22160610.0
513150,2022-09-20,0.742,0.757,0.742,0.753,172470.0,12992346.0
513150,2022-09-21,0.75,0.75,0.732,0.733,353695.0,26055889.0
513150,2022-09-22,0.723,0.742,0.71,0.714,304006.0,21813023.0
513150,2022-09-23,0.714,0.718,0.705,0.708,141586.0,10060304.0
513150,2022-09-26,0.703,0.731,0.695,0.715,242124.0,17479376.0
513150,2022-09-27,0.715,0.732,0.713,0.731,279102.0,20137748.0
513150,2022-09-28,0.729,0.729,0.711,0.712,257750.0,18566234.0
513150,2022-09-29,0.718,0.721,0.688,0.695,209916.0,14824173.0
513150,2022-09-30,0.69,0.695,0.673,0.682,264258.0,18022003.0
513150,2022-10-10,0.687,0.687,0.662,0.664,254828.0,17129299.0
513150,2022-10-11,0.659,0.661,0.647,0.657,286066.0,18744458.0
513150,2022-10-12,0.657,0.676,0.633,0.67,314192.0,20293065.0
513150,2022-10-13,0.669,0.673,0.653,0.656,218548.0,14420089.0
513150,2022-10-14,0.661,0.691,0.661,0.678,192715.0,13064661.0
513150,2022-10-17,0.679,0.679,0.655,0.669,289871.0,19209089.0
513150,2022-10-18,0.685,0.696,0.678,0.693,217213.0,14927799.0
513150,2022-10-19,0.69,0.695,0.675,0.675,246791.0,16853731.0
513150,2022-10-20,0.67,0.67,0.64,0.654,528328.0,34510176.0
513150,2022-10-21,0.659,0.667,0.652,0.659,366345.0,24159704.0
513150,2022-10-24,0.654,0.654,0.604,0.606,621105.0,38964877.0
513150,2022-10-25,0.609,0.639,0.581,0.618,521478.0,32095132.0
513150,2022-10-26,0.615,0.658,0.615,0.639,424708.0,27392379.0
513150,2022-10-27,0.659,0.666,0.639,0.639,325943.0,21226784.0
513150,2022-10-28,0.637,0.641,0.604,0.605,364363.0,22679167.0
513150,2022-10-31,0.62,0.635,0.602,0.618,642955.0,39998770.0
513150,2022-11-01,0.613,0.672,0.613,0.664,927779.0,60206685.0
513150,2022-11-02,0.659,0.682,0.65,0.674,661441.0,44190934.0
513150,2022-11-03,0.665,0.679,0.663,0.665,660674.0,44288268.0
513150,2022-11-04,0.679,0.727,0.677,0.714,937492.0,66333686.0
513150,2022-11-07,0.711,0.754,0.701,0.73,1059596.0,76799767.0
513150,2022-11-08,0.738,0.738,0.717,0.723,609049.0,44063772.0
513150,2022-11-09,0.726,0.732,0.698,0.699,411228.0,29307329.0
513150,2022-11-10,0.689,0.697,0.684,0.685,426078.0,29418468.0
513150,2022-11-11,0.735,0.742,0.719,0.731,648673.0,47372201.0
513150,2022-11-14,0.76,0.76,0.739,0.743,573485.0,43021007.0
513150,2022-11-15,0.75,0.79,0.735,0.781,648970.0,49826499.0
513150,2022-11-16,0.781,0.798,0.768,0.772,967045.0,75650563.0
513150,2022-11-17,0.777,0.777,0.747,0.767,628641.0,47589578.0
513150,2022-11-18,0.842,0.842,0.761,0.765,905744.0,70588165.0
513150,2022-11-21,0.777,0.777,0.74,0.755,672065.0,50402281.0
513150,2022-11-22,0.755,0.76,0.721,0.725,708039.0,52389126.0
513150,2022-11-23,0.727,0.732,0.71,0.728,581632.0,41942233.0
513150,2022-11-24,0.731,0.738,0.72,0.725,400823.0,29234522.0
513150,2022-11-25,0.73,0.73,0.711,0.716,188513.0,13498904.0
513150,2022-11-28,0.702,0.709,0.66,0.706,468430.0,32776706.0
513150,2022-11-29,0.72,0.743,0.718,0.742,269977.0,19846581.0
513150,2022-11-30,0.742,0.759,0.74,0.756,259910.0,19482056.0
513150,2022-12-01,0.788,0.805,0.769,0.78,466813.0,36434589.0
513150,2022-12-02,0.771,0.788,0.768,0.773,316235.0,24601820.0
513150,2022-12-05,0.796,0.815,0.788,0.814,386489.0,31045234.0
513150,2022-12-06,0.801,0.829,0.79,0.802,270026.0,21915845.0
513150,2022-12-07,0.807,0.837,0.799,0.8,325535.0,26721270.0
513150,2022-12-08,0.792,0.827,0.792,0.825,404452.0,32893145.0
513150,2022-12-09,0.835,0.9,0.819,0.839,306059.0,25531008.0
513150,2022-12-12,0.825,0.839,0.813,0.813,173155.0,14297534.0
513150,2022-12-13,0.818,0.832,0.814,0.821,157673.0,12995041.0
513150,2022-12-14,0.825,0.833,0.812,0.823,286804.0,23607558.0
513150,2022-12-15,0.823,0.823,0.802,0.806,159661.0,12884661.0
513150,2022-12-16,0.807,0.82,0.794,0.812,302398.0,24438295.0
513150,2022-12-19,0.817,0.829,0.796,0.8,225125.0,18166746.0
513150,2022-12-20,0.8,0.8,0.774,0.78,169189.0,13287709.0
513150,2022-12-21,0.786,0.792,0.783,0.783,122002.0,9614017.0
513150,2022-12-22,0.796,0.821,0.795,0.818,127556.0,10364899.0
513150,2022-12-23,0.812,0.818,0.804,0.811,145933.0,11832734.0
513150,2022-12-26,0.808,0.809,0.802,0.802,8831.0,713084.0
513150,2022-12-27,0.805,0.814,0.804,0.814,53322.0,4312475.0
513150,2022-12-28,0.815,0.842,0.812,0.819,161213.0,13243474.0
513150,2022-12-29,0.814,0.824,0.797,0.816,309927.0,25293855.0
513150,2022-12-30,0.826,0.834,0.818,0.82,124264.0,10264161.0
513150,2023-01-03,0.815,0.837,0.797,0.833,178937.0,14662487.0
513150,2023-01-04,0.839,0.854,0.838,0.854,170261.0,14405071.0
513150,2023-01-05,0.871,0.89,0.868,0.869,197725.0,17296336.0
513150,2023-01-06,0.874,0.879,0.85,0.853,154982.0,13431089.0
513150,2023-01-09,0.859,0.869,0.85,0.864,131784.0,11355194.0
513150,2023-01-10,0.864,0.88,0.85,0.865,120919.0,10389536.0
513150,2023-01-11,0.865,0.885,0.865,0.871,306186.0,26897640.0
513150,2023-01-12,0.876,0.881,0.852,0.853,254814.0,22143097.0
513150,2023-01-13,0.854,0.876,0.853,0.876,276101.0,23754847.0
513150,2023-01-16,0.876,0.884,0.863,0.866,223626.0,19556952.0
513150,2023-01-17,0.865,0.878,0.857,0.861,96808.0,8368027.0
513150,2023-01-18,0.858,0.871,0.853,0.865,86042.0,7449356.0
513150,2023-01-19,0.861,0.871,0.853,0.867,123083.0,10606329.0
513150,2023-01-20,0.874,0.885,0.87,0.882,106279.0,9317780.0
513150,2023-01-30,0.902,0.92,0.885,0.887,169809.0,15380074.0
513150,2023-01-31,0.889,0.893,0.862,0.863,111034.0,9743178.0
513150,2023-02-01,0.875,0.905,0.873,0.903,172426.0,15311307.0
513150,2023-02-02,0.908,0.977,0.905,0.911,127706.0,11669529.0
513150,2023-02-03,0.907,0.909,0.888,0.901,140947.0,12630764.0
513150,2023-02-06,0.885,0.885,0.858,0.862,177866.0,15444152.0
513150,2023-02-07,0.867,0.88,0.866,0.869,136653.0,11938966.0
513150,2023-02-08,0.868,0.877,0.852,0.857,314176.0,26983749.0
513150,2023-02-09,0.857,0.878,0.853,0.877,189633.0,16400832.0
513150,2023-02-10,0.87,0.877,0.842,0.847,351328.0,30037315.0
513150,2023-02-13,0.842,0.854,0.801,0.851,300672.0,25497549.0
513150,2023-02-14,0.856,0.858,0.84,0.845,186844.0,15801031.0
513150,2023-02-15,0.85,0.85,0.828,0.832,146888.0,12267550.0
513150,2023-02-16,0.841,0.858,0.83,0.839,142368.0,12047549.0
513150,2023-02-17,0.837,0.844,0.825,0.826,105786.0,8802181.0
513150,2023-02-20,0.823,0.839,0.817,0.838,160477.0,13270177.0
513150,2023-02-21,0.835,0.839,0.814,0.819,119009.0,9792196.0
513150,2023-02-22,0.81,0.815,0.8,0.805,158130.0,12743737.0
513150,2023-02-23,0.805,0.817,0.804,0.807,124568.0,10100892.0
513150,2023-02-24,0.804,0.809,0.798,0.802,112721.0,9035078.0
513150,2023-02-27,0.796,0.802,0.786,0.79,119251.0,9492728.0
513150,2023-02-28,0.796,0.801,0.779,0.788,164081.0,12974302.0
513150,2023-03-01,0.792,0.826,0.788,0.826,260032.0,21015053.0
513150,2023-03-02,0.825,0.825,0.815,0.818,171351.0,14029118.0
513150,2023-03-03,0.831,0.839,0.822,0.835,128960.0,10699340.0
513150,2023-03-06,0.835,0.835,0.82,0.83,164833.0,13642736.0
513150,2023-03-07,0.834,0.842,0.81,0.813,220325.0,18257686.0
513150,2023-03-08,0.813,0.813,0.789,0.794,205457.0,16364713.0
513150,2023-03-09,0.791,0.8,0.787,0.791,94151.0,7483672.0
513150,2023-03-10,0.781,0.781,0.758,0.76,259960.0,19838922.0
513150,2023-03-13,0.763,0.771,0.758,0.763,172706.0,13177007.0
513150,2023-03-14,0.759,0.77,0.748,0.753,158711.0,12062767.0
513150,2023-03-15,0.762,0.777,0.761,0.764,157960.0,12158782.0
513150,2023-03-16,0.757,0.77,0.75,0.752,223377.0,16986591.0
513150,2023-03-17,0.765,0.773,0.764,0.771,171955.0,13220502.0
513150,2023-03-20,0.767,0.77,0.742,0.745,223822.0,16839682.0
513150,2023-03-21,0.751,0.77,0.751,0.77,106994.0,8128421.0
513150,2023-03-22,0.776,0.791,0.776,0.78,105745.0,8295788.0
513150,2023-03-23,0.777,0.797,0.772,0.796,133926.0,10481378.0
513150,2023-03-24,0.793,0.815,0.793,0.798,119998.0,9650918.0
513150,2023-03-27,0.797,0.8,0.788,0.796,264777.0,21035738.0
513150,2023-03-28,0.796,0.8,0.784,0.794,147913.0,11701281.0
513150,2023-03-29,0.811,0.818,0.804,0.807,138444.0,11196897.0
513150,2023-03-30,0.814,0.819,0.802,0.811,184178.0,14931151.0
513150,2023-03-31,0.817,0.821,0.805,0.812,62202.0,5063222.0
513150,2023-04-03,0.812,0.812,0.801,0.809,99200.0,7999394.0
513150,2023-04-04,0.807,0.807,0.792,0.804,170588.0,13588610.0
513150,2023-04-06,0.794,0.807,0.792,0.804,106706.0,8551564.0
513150,2023-04-07,0.809,0.816,0.809,0.815,17702.0,1438493.0
513150,2023-04-10,0.815,0.816,0.813,0.815,4793.0,390419.0
513150,2023-04-11,0.822,0.834,0.811,0.818,146600.0,12069128.0
513150,2023-04-12,0.822,0.823,0.809,0.812,104556.0,8548104.0
513150,2023-04-13,0.803,0.819,0.794,0.816,94944.0,7690400.0
513150,2023-04-14,0.823,0.836,0.818,0.827,102869.0,8501319.0
513150,2023-04-17,0.827,0.84,0.824,0.84,142564.0,11868484.0
513150,2023-04-18,0.842,0.842,0.829,0.832,113821.0,9520806.0
513150,2023-04-19,0.83,0.83,0.818,0.824,104996.0,8650623.0
513150,2023-04-20,0.821,0.824,0.812,0.816,170242.0,13942445.0
513150,2023-04-21,0.815,0.815,0.792,0.794,151376.0,12120062.0
513150,2023-04-24,0.793,0.802,0.782,0.786,149799.0,11939535.0
513150,2023-04-25,0.792,0.792,0.761,0.767,301937.0,23284924.0
513150,2023-04-26,0.771,0.787,0.771,0.78,237132.0,18383185.0
513150,2023-04-27,0.777,0.784,0.774,0.779,183044.0,14239977.0
513150,2023-04-28,0.787,0.796,0.783,0.79,109643.0,8664765.0
513150,2023-05-04,0.782,0.785,0.772,0.778,159116.0,12407544.0
513150,2023-05-05,0.782,0.792,0.782,0.785,123743.0,9748500.0
513150,2023-05-08,0.791,0.795,0.783,0.788,101129.0,7975738.0
513150,2023-05-09,0.785,0.785,0.762,0.763,143416.0,11134950.0
513150,2023-05-10,0.764,0.772,0.76,0.772,108865.0,8333380.0
513150,2023-05-11,0.78,0.786,0.771,0.771,83453.0,6506775.0
513150,2023-05-12,0.783,0.79,0.774,0.777,179429.0,14070991.0
513150,2023-05-15,0.773,0.79,0.77,0.787,107703.0,8391669.0
513150,2023-05-16,0.793,0.798,0.79,0.792,77783.0,6186529.0
513150,2023-05-17,0.793,0.795,0.782,0.784,84851.0,6715288.0
513150,2023-05-18,0.783,0.789,0.778,0.779,126183.0,9889365.0
513150,2023-05-19,0.779,0.781,0.771,0.774,117925.0,9142338.0
513150,2023-05-22,0.778,0.795,0.773,0.793,157681.0,12381558.0
513150,2023-05-23,0.797,0.802,0.784,0.785,89907.0,7169842.0
513150,2023-05-24,0.786,0.793,0.776,0.778,67555.0,5265877.0
513150,2023-05-25,0.772,0.776,0.755,0.76,78639.0,5988667.0
513150,2023-05-26,0.752,0.757,0.75,0.757,30315.0,2281301.0
513150,2023-05-29,0.762,0.767,0.741,0.747,147300.0,11160046.0
513150,2023-05-30,0.735,0.755,0.735,0.754,122969.0,9222542.0
513150,2023-05-31,0.747,0.747,0.731,0.736,135715.0,10055121.0
513150,2023-06-01,0.742,0.76,0.741,0.746,169576.0,12724471.0
513150,2023-06-02,0.757,0.783,0.757,0.78,129927.0,9963372.0
513150,2023-06-05,0.778,0.784,0.771,0.78,143183.0,11182804.0
513150,2023-06-06,0.782,0.788,0.769,0.769,177777.0,13906597.0
513150,2023-06-07,0.79,0.793,0.783,0.791,223495.0,17643093.0
513150,2023-06-08,0.791,0.791,0.777,0.781,187324.0,14621321.0
513150,2023-06-09,0.789,0.797,0.781,0.795,210090.0,16525454.0
513150,2023-06-12,0.796,0.796,0.786,0.794,235628.0,18641985.0
513150,2023-06-13,0.798,0.813,0.795,0.81,147597.0,11795657.0
513150,2023-06-14,0.817,0.824,0.807,0.807,72278.0,5892209.0
513150,2023-06-15,0.815,0.829,0.815,0.827,61720.0,5089424.0
513150,2023-06-16,0.832,0.844,0.832,0.839,67670.0,5662372.0
513150,2023-06-19,0.834,0.839,0.82,0.827,152904.0,12698463.0
513150,2023-06-20,0.826,0.832,0.802,0.805,157084.0,12788196.0
513150,2023-06-21,0.801,0.802,0.783,0.785,188555.0,14939476.0
513150,2023-06-26,0.782,0.783,0.769,0.777,258497.0,20066829.0
513150,2023-06-27,0.775,0.791,0.775,0.788,126893.0,9944464.0
513150,2023-06-28,0.786,0.79,0.773,0.79,129300.0,10125976.0
513150,2023-06-29,0.785,0.793,0.78,0.783,123978.0,9760118.0
513150,2023-06-30,0.776,0.792,0.776,0.787,259918.0,20430050.0
513150,2023-07-03,0.784,0.813,0.784,0.812,142016.0,11372150.0
513150,2023-07-04,0.803,0.821,0.802,0.815,247219.0,20000185.0
513150,2023-07-05,0.819,0.819,0.803,0.806,190716.0,15472076.0
513150,2023-07-06,0.801,0.813,0.79,0.794,164459.0,13231620.0
513150,2023-07-07,0.789,0.792,0.777,0.783,233829.0,18359676.0
513150,2023-07-10,0.792,0.798,0.783,0.786,145544.0,11507317.0
513150,2023-07-11,0.797,0.802,0.791,0.795,112370.0,8931045.0
513150,2023-07-12,0.797,0.808,0.794,0.796,34626.0,2775701.0
513150,2023-07-13,0.806,0.828,0.806,0.824,78554.0,6459747.0
513150,2023-07-14,0.829,0.83,0.815,0.819,88262.0,7235810.0
513150,2023-07-17,0.815,0.817,0.805,0.805,21358.0,1734698.0
513150,2023-07-18,0.818,0.821,0.806,0.81,235332.0,19082147.0
513150,2023-07-19,0.802,0.812,0.798,0.809,264463.0,21236800.0
513150,2023-07-20,0.812,0.821,0.799,0.8,99260.0,8076983.0
513150,2023-07-21,0.801,0.814,0.797,0.807,113119.0,9131386.0
513150,2023-07-24,0.8,0.81,0.793,0.794,193146.0,15503725.0
513150,2023-07-25,0.811,0.825,0.811,0.824,244979.0,20123415.0
513150,2023-07-26,0.824,0.825,0.818,0.822,128257.0,10543145.0
513150,2023-07-27,0.829,0.847,0.829,0.839,129394.0,10874923.0
513150,2023-07-28,0.835,0.877,0.835,0.873,195619.0,16841990.0
513150,2023-07-31,0.888,0.908,0.882,0.887,295149.0,26483383.0
513150,2023-08-01,0.889,0.902,0.872,0.873,291040.0,25881506.0
513150,2023-08-02,0.872,0.881,0.852,0.852,208068.0,18042190.0
513150,2023-08-03,0.853,0.872,0.853,0.867,141967.0,12228308.0
513150,2023-08-04,0.87,0.883,0.863,0.869,249059.0,21731692.0
513150,2023-08-07,0.867,0.868,0.852,0.861,203469.0,17511906.0
513150,2023-08-08,0.851,0.856,0.844,0.847,222939.0,18936253.0
513150,2023-08-09,0.842,0.852,0.836,0.843,206264.0,17347788.0
513150,2023-08-10,0.852,0.852,0.836,0.846,163030.0,13739222.0
513150,2023-08-11,0.852,0.852,0.826,0.826,447811.0,37335075.0
513150,2023-08-14,0.825,0.825,0.8,0.81,487954.0,39306755.0
513150,2023-08-15,0.811,0.818,0.803,0.812,274013.0,22163229.0
513150,2023-08-16,0.804,0.81,0.798,0.798,148378.0,11947358.0
513150,2023-08-17,0.793,0.813,0.783,0.813,142902.0,11384866.0
513150,2023-08-18,0.809,0.809,0.78,0.782,196260.0,15574619.0
513150,2023-08-21,0.782,0.782,0.763,0.764,266933.0,20592041.0
513150,2023-08-22,0.771,0.783,0.759,0.777,203820.0,15673056.0
513150,2023-08-23,0.777,0.781,0.764,0.774,139161.0,10730191.0
513150,2023-08-24,0.78,0.812,0.78,0.804,162644.0,12929840.0
513150,2023-08-25,0.8,0.802,0.791,0.792,114740.0,9121405.0
513150,2023-08-28,0.83,0.835,0.804,0.805,192648.0,15660828.0
513150,2023-08-29,0.809,0.845,0.809,0.828,320097.0,26355489.0
513150,2023-08-30,0.838,0.842,0.826,0.827,253155.0,21133287.0
513150,2023-08-31,0.827,0.829,0.813,0.813,199605.0,16446167.0
513150,2023-09-01,0.813,0.817,0.812,0.814,26030.0,2123178.0
513150,2023-09-04,0.822,0.832,0.82,0.827,180383.0,14905676.0
513150,2023-09-05,0.824,0.826,0.813,0.816,91103.0,7473258.0
513150,2023-09-06,0.812,0.812,0.802,0.807,135853.0,10979787.0
513150,2023-09-07,0.81,0.81,0.796,0.798,191544.0,15355754.0
513150,2023-09-08,0.792,0.8,0.788,0.791,50364.0,3977050.0
513150,2023-09-11,0.785,0.803,0.782,0.8,70526.0,5611263.0
513150,2023-09-12,0.8,0.81,0.794,0.805,144934.0,11624965.0
513150,2023-09-13,0.803,0.806,0.795,0.798,131696.0,10544699.0
513150,2023-09-14,0.794,0.8,0.79,0.798,118746.0,9429910.0
513150,2023-09-15,0.798,0.811,0.791,0.805,126515.0,10133453.0
513150,2023-09-18,0.799,0.807,0.79,0.794,192661.0,15363107.0
513150,2023-09-19,0.792,0.793,0.785,0.789,98902.0,7807349.0
513150,2023-09-20,0.787,0.787,0.775,0.777,216511.0,16912128.0
513150,2023-09-21,0.772,0.772,0.756,0.76,125662.0,9600275.0
513150,2023-09-22,0.759,0.784,0.753,0.781,129684.0,9917401.0
513150,2023-09-25,0.781,0.784,0.773,0.775,124530.0,9669663.0
513150,2023-09-26,0.772,0.772,0.759,0.759,130502.0,9958140.0
513150,2023-09-27,0.759,0.773,0.759,0.768,308449.0,23634826.0
513150,2023-09-28,0.768,0.769,0.754,0.756,162321.0,12391096.0
513150,2023-10-09,0.754,0.764,0.75,0.759,110807.0,8401658.0
513150,2023-10-10,0.772,0.773,0.759,0.76,139870.0,10744287.0
513150,2023-10-11,0.771,0.79,0.761,0.786,197830.0,15513615.0
513150,2023-10-12,0.794,0.805,0.794,0.802,155975.0,12478586.0
513150,2023-10-13,0.798,0.799,0.784,0.788,118079.0,9316950.0
513150,2023-10-16,0.786,0.787,0.769,0.773,168016.0,13079310.0
513150,2023-10-17,0.779,0.783,0.774,0.78,159669.0,12440716.0
513150,2023-10-18,0.784,0.791,0.77,0.772,212656.0,16480957.0
513150,2023-10-19,0.764,0.766,0.756,0.757,150549.0,11453990.0
513150,2023-10-20,0.749,0.765,0.746,0.754,230305.0,17412204.0
513150,2023-10-23,0.75,0.754,0.745,0.745,41147.0,3087765.0
513150,2023-10-24,0.748,0.75,0.736,0.745,214131.0,15916269.0
513150,2023-10-25,0.77,0.775,0.754,0.755,169413.0,13039323.0
513150,2023-10-26,0.754,0.759,0.743,0.748,263478.0,19825243.0
513150,2023-10-27,0.753,0.778,0.752,0.774,207071.0,15848482.0
513150,2023-10-30,0.767,0.792,0.767,0.789,227288.0,17867936.0
513150,2023-10-31,0.779,0.783,0.768,0.773,170160.0,13241776.0
513150,2023-11-01,0.773,0.781,0.76,0.768,160341.0,12289010.0
513150,2023-11-02,0.773,0.787,0.773,0.773,212078.0,16556035.0
513150,2023-11-03,0.783,0.8,0.782,0.797,232335.0,18324129.0
513150,2023-11-06,0.811,0.838,0.81,0.833,259388.0,21536611.0
513150,2023-11-07,0.827,0.837,0.822,0.827,211134.0,17502522.0
513150,2023-11-08,0.831,0.837,0.821,0.825,238596.0,19825109.0
513150,2023-11-09,0.828,0.837,0.823,0.829,230068.0,19045775.0
513150,2023-11-10,0.813,0.828,0.802,0.803,235617.0,19039780.0
513150,2023-11-13,0.808,0.817,0.799,0.808,175245.0,14160467.0
513150,2023-11-14,0.814,0.824,0.809,0.814,212647.0,17385121.0
513150,2023-11-15,0.826,0.839,0.825,0.837,301737.0,25108526.0
513150,2023-11-16,0.838,0.842,0.815,0.827,253639.0,20941752.0
513150,2023-11-17,0.816,0.825,0.812,0.822,311013.0,25389039.0
513150,2023-11-20,0.823,0.828,0.814,0.825,168660.0,13798459.0
513150,2023-11-21,0.828,0.834,0.817,0.82,199546.0,16554071.0
513150,2023-11-22,0.816,0.816,0.804,0.805,113347.0,9189415.0
513150,2023-11-23,0.808,0.817,0.804,0.815,133640.0,10820447.0
513150,2023-11-24,0.815,0.82,0.8,0.801,149707.0,12086283.0
513150,2023-11-27,0.804,0.805,0.791,0.802,162430.0,12925790.0
513150,2023-11-28,0.802,0.806,0.791,0.798,144086.0,11531503.0
513150,2023-11-29,0.8,0.8,0.767,0.771,244929.0,19155024.0
513150,2023-11-30,0.776,0.776,0.761,0.77,153299.0,11741425.0
513150,2023-12-01,0.764,0.765,0.755,0.762,180787.0,13772897.0
513150,2023-12-04,0.76,0.76,0.733,0.734,155060.0,11537733.0
513150,2023-12-05,0.739,0.739,0.713,0.713,177919.0,12891844.0
513150,2023-12-06,0.712,0.736,0.712,0.73,247080.0,18004027.0
513150,2023-12-07,0.729,0.73,0.714,0.718,215755.0,15499791.0
513150,2023-12-08,0.721,0.727,0.711,0.716,161075.0,11584436.0
513150,2023-12-11,0.712,0.717,0.701,0.715,232171.0,16472599.0
513150,2023-12-12,0.714,0.727,0.708,0.725,199237.0,14380589.0
513150,2023-12-13,0.72,0.722,0.712,0.713,153207.0,11004018.0
513150,2023-12-14,0.72,0.732,0.72,0.721,164332.0,11954104.0
513150,2023-12-15,0.731,0.741,0.722,0.73,174940.0,12826342.0
513150,2023-12-18,0.723,0.73,0.713,0.715,105608.0,7616896.0
513150,2023-12-19,0.716,0.718,0.709,0.713,137570.0,9801074.0
513150,2023-12-20,0.719,0.722,0.711,0.713,135471.0,9734583.0
513150,2023-12-21,0.709,0.71,0.698,0.707,148667.0,10459711.0
513150,2023-12-22,0.709,0.713,0.681,0.683,218571.0,15283970.0
513150,2023-12-25,0.69,0.703,0.683,0.685,4487.0,308194.0
513150,2023-12-26,0.685,0.688,0.682,0.683,6255.0,428557.0
513150,2023-12-27,0.69,0.701,0.688,0.698,147147.0,10200180.0
513150,2023-12-28,0.698,0.726,0.695,0.72,137346.0,9745981.0
513150,2023-12-29,0.721,0.727,0.712,0.715,117453.0,8415379.0
513150,2024-01-02,0.722,0.727,0.702,0.704,136619.0,9697187.0
513150,2024-01-03,0.701,0.712,0.693,0.696,117635.0,8218042.0
513150,2024-01-04,0.699,0.7,0.692,0.698,120742.0,8390574.0
513150,2024-01-05,0.698,0.698,0.68,0.683,219599.0,15229868.0
513150,2024-01-08,0.682,0.683,0.66,0.661,116319.0,7761726.0
513150,2024-01-09,0.67,0.679,0.666,0.667,132278.0,8912119.0
513150,2024-01-10,0.662,0.672,0.625,0.663,131165.0,8736556.0
513150,2024-01-11,0.671,0.687,0.67,0.685,170803.0,11579789.0
513150,2024-01-12,0.678,0.681,0.67,0.672,197685.0,13387916.0
513150,2024-01-15,0.666,0.675,0.663,0.666,155635.0,10412134.0
513150,2024-01-16,0.662,0.67,0.651,0.656,152388.0,10134803.0
513150,2024-01-17,0.644,0.656,0.619,0.62,234567.0,14850788.0
513150,2024-01-18,0.62,0.632,0.617,0.626,209039.0,13059890.0
513150,2024-01-19,0.626,0.634,0.612,0.612,308935.0,19316640.0
513150,2024-01-22,0.615,0.616,0.585,0.589,189294.0,11423500.0
513150,2024-01-23,0.595,0.622,0.592,0.612,467528.0,28613519.0
513150,2024-01-24,0.618,0.625,0.603,0.618,166871.0,10302268.0
513150,2024-01-25,0.625,0.63,0.611,0.629,231900.0,14358437.0
513150,2024-01-26,0.627,0.627,0.591,0.599,206505.0,12713754.0
513150,2024-01-29,0.611,0.611,0.591,0.594,195059.0,11759469.0
513150,2024-01-30,0.585,0.587,0.576,0.576,162429.0,9469416.0
513150,2024-01-31,0.576,0.583,0.555,0.556,339756.0,19207504.0
513150,2024-02-01,0.557,0.578,0.557,0.568,265883.0,15163778.0
513150,2024-02-02,0.574,0.585,0.551,0.56,228786.0,13169889.0
513150,2024-02-05,0.554,0.568,0.549,0.558,517004.0,28811771.0
513150,2024-02-06,0.563,0.594,0.558,0.592,125097.0,7337211.0
513150,2024-02-07,0.593,0.65,0.584,0.587,373982.0,22431206.0
513150,2024-02-08,0.587,0.595,0.583,0.586,157122.0,9262611.0
513150,2024-02-19,0.6,0.607,0.595,0.599,174807.0,10463577.0
513150,2024-02-20,0.601,0.602,0.59,0.597,170513.0,10126522.0
513150,2024-02-21,0.595,0.63,0.594,0.618,290674.0,17960704.0
513150,2024-02-22,0.615,0.623,0.61,0.622,216082.0,13311372.0
513150,2024-02-23,0.623,0.631,0.617,0.626,185181.0,11564939.0
513150,2024-02-26,0.624,0.637,0.623,0.628,119229.0,7521744.0
513150,2024-02-27,0.63,0.646,0.628,0.645,355559.0,22632644.0
513150,2024-02-28,0.648,0.664,0.636,0.637,230506.0,15070858.0
513150,2024-02-29,0.635,0.653,0.635,0.651,282090.0,18195546.0
513150,2024-03-01,0.649,0.656,0.64,0.653,281518.0,18194718.0
513150,2024-03-04,0.655,0.658,0.645,0.652,236606.0,15425030.0
513150,2024-03-05,0.65,0.65,0.631,0.632,300805.0,19230533.0
513150,2024-03-06,0.631,0.652,0.628,0.642,158106.0,10041366.0
513150,2024-03-07,0.644,0.646,0.621,0.622,200322.0,12743146.0
513150,2024-03-08,0.623,0.638,0.623,0.635,287735.0,18258593.0
513150,2024-03-11,0.633,0.649,0.633,0.648,163637.0,10507732.0
513150,2024-03-12,0.65,0.681,0.65,0.681,320108.0,21301124.0
513150,2024-03-13,0.685,0.692,0.68,0.681,272582.0,18733335.0
513150,2024-03-14,0.688,0.7,0.667,0.669,159716.0,10901532.0
513150,2024-03-15,0.669,0.669,0.653,0.663,167024.0,11052864.0
513150,2024-03-18,0.662,0.674,0.658,0.674,266990.0,17728718.0
513150,2024-03-19,0.668,0.668,0.657,0.658,148488.0,9812344.0
513150,2024-03-20,0.656,0.663,0.652,0.66,220537.0,14543521.0
513150,2024-03-21,0.67,0.675,0.663,0.666,202960.0,13549676.0
513150,2024-03-22,0.662,0.662,0.639,0.645,174930.0,11325136.0
513150,2024-03-25,0.647,0.653,0.641,0.643,142702.0,9247205.0
513150,2024-03-26,0.648,0.654,0.642,0.651,256410.0,16587520.0
513150,2024-03-27,0.649,0.65,0.638,0.638,180181.0,11612220.0
513150,2024-03-28,0.638,0.659,0.636,0.65,193322.0,12434649.0
513150,2024-03-29,0.715,0.715,0.65,0.654,65028.0,4254858.0
513150,2024-04-01,0.658,0.663,0.654,0.662,39754.0,2618504.0
513150,2024-04-02,0.665,0.671,0.657,0.658,302449.0,20086296.0
513150,2024-04-03,0.657,0.657,0.642,0.645,251515.0,16334580.0
513150,2024-04-08,0.641,0.65,0.636,0.645,108942.0,7009581.0
513150,2024-04-09,0.649,0.659,0.649,0.656,152983.0,9987476.0
513150,2024-04-10,0.659,0.669,0.659,0.663,163923.0,10865463.0
513150,2024-04-11,0.66,0.663,0.653,0.658,296332.0,19488095.0
513150,2024-04-12,0.659,0.662,0.651,0.653,410352.0,26915068.0
513150,2024-04-15,0.649,0.649,0.638,0.642,283508.0,18194423.0
513150,2024-04-16,0.64,0.64,0.622,0.623,183338.0,11597150.0
513150,2024-04-17,0.626,0.632,0.62,0.625,132618.0,8305560.0
513150,2024-04-18,0.622,0.634,0.618,0.628,201820.0,12623212.0
513150,2024-04-19,0.625,0.625,0.602,0.609,207175.0,12626956.0
513150,2024-04-22,0.614,0.625,0.609,0.62,123356.0,7645516.0
513150,2024-04-23,0.622,0.637,0.622,0.636,221597.0,13955258.0
513150,2024-04-24,0.64,0.658,0.64,0.658,168760.0,10961292.0
513150,2024-04-25,0.655,0.667,0.652,0.654,157365.0,10362341.0
513150,2024-04-26,0.658,0.689,0.658,0.685,260340.0,17630787.0
513150,2024-04-29,0.705,0.705,0.688,0.69,165996.0,11536096.0
513150,2024-04-30,0.696,0.696,0.681,0.684,219976.0,15126507.0
513150,2024-05-06,0.707,0.732,0.707,0.732,187883.0,13582103.0
513150,2024-05-07,0.775,0.775,0.716,0.72,162468.0,11794719.0
513150,2024-05-08,0.715,0.724,0.708,0.709,161848.0,11629986.0
513150,2024-05-09,0.708,0.73,0.708,0.726,153831.0,11151029.0
513150,2024-05-10,0.73,0.735,0.716,0.726,174908.0,12633338.0
513150,2024-05-13,0.724,0.736,0.718,0.733,307755.0,22415561.0
513150,2024-05-14,0.738,0.751,0.738,0.741,188690.0,14064942.0
513150,2024-05-15,0.745,0.745,0.737,0.741,25719.0,1904271.0
513150,2024-05-16,0.748,0.757,0.736,0.744,229536.0,17010693.0
513150,2024-05-17,0.748,0.757,0.74,0.743,155922.0,11689209.0
513150,2024-05-20,0.741,0.753,0.741,0.752,191490.0,14357793.0
513150,2024-05-21,0.743,0.743,0.717,0.721,215923.0,15821472.0
513150,2024-05-22,0.717,0.733,0.717,0.728,188875.0,13715993.0
513150,2024-05-23,0.724,0.726,0.711,0.716,153004.0,10983873.0
513150,2024-05-24,0.717,0.718,0.673,0.694,203836.0,14329552.0
513150,2024-05-27,0.692,0.706,0.685,0.705,232127.0,16136629.0
513150,2024-05-28,0.705,0.716,0.699,0.703,133754.0,9403918.0
513150,2024-05-29,0.7,0.701,0.689,0.694,186233.0,12920173.0
513150,2024-05-30,0.688,0.7,0.685,0.688,226819.0,15715334.0
513150,2024-05-31,0.692,0.706,0.686,0.687,114620.0,8040841.0
513150,2024-06-03,0.685,0.701,0.685,0.696,136028.0,9445445.0
513150,2024-06-04,0.694,0.704,0.694,0.704,164402.0,11465799.0
513150,2024-06-05,0.701,0.715,0.7,0.701,202578.0,14405559.0
513150,2024-06-06,0.708,0.715,0.7,0.703,154566.0,10952328.0
513150,2024-06-07,0.704,0.706,0.69,0.692,161631.0,11319286.0
513150,2024-06-11,0.69,0.696,0.68,0.693,138851.0,9560188.0
513150,2024-06-12,0.692,0.693,0.683,0.686,173240.0,11885638.0
513150,2024-06-13,0.687,0.7,0.687,0.698,222395.0,15492391.0
513150,2024-06-14,0.695,0.7,0.693,0.696,171056.0,11910899.0
513150,2024-06-17,0.695,0.704,0.691,0.698,164676.0,11471925.0
513150,2024-06-18,0.698,0.706,0.694,0.695,109811.0,7700699.0
513150,2024-06-19,0.696,0.718,0.696,0.716,170165.0,12039480.0
513150,2024-06-20,0.713,0.724,0.707,0.71,157726.0,11283102.0
513150,2024-06-21,0.707,0.707,0.694,0.698,131559.0,9226405.0
513150,2024-06-24,0.695,0.696,0.685,0.688,165881.0,11493691.0
513150,2024-06-25,0.688,0.7,0.686,0.688,166834.0,11604855.0
513150,2024-06-26,0.688,0.701,0.687,0.699,227114.0,15749139.0
513150,2024-06-27,0.697,0.697,0.676,0.678,172018.0,11788415.0
513150,2024-06-28,0.676,0.685,0.672,0.675,127780.0,8650344.0
513150,2024-07-01,0.675,0.676,0.669,0.676,38780.0,2610905.0
513150,2024-07-02,0.679,0.684,0.668,0.671,175220.0,11877976.0
513150,2024-07-03,0.671,0.688,0.671,0.685,147340.0,10002326.0
513150,2024-07-04,0.686,0.699,0.686,0.689,152582.0,10561432.0
513150,2024-07-05,0.686,0.686,0.675,0.683,106100.0,7250522.0
513150,2024-07-08,0.68,0.686,0.671,0.673,81139.0,5504359.0
513150,2024-07-09,0.67,0.685,0.67,0.683,183935.0,12504388.0
513150,2024-07-10,0.683,0.691,0.676,0.677,257090.0,17603330.0
513150,2024-07-11,0.678,0.694,0.678,0.693,256649.0,17721680.0
513150,2024-07-12,0.693,0.708,0.693,0.707,168033.0,11846514.0
513150,2024-07-15,0.707,0.707,0.692,0.693,138497.0,9666979.0
513150,2024-07-16,0.691,0.692,0.683,0.687,175113.0,12035364.0
513150,2024-07-17,0.685,0.695,0.685,0.689,208570.0,14416678.0
513150,2024-07-18,0.688,0.693,0.68,0.691,100873.0,6904448.0
513150,2024-07-19,0.688,0.688,0.679,0.683,63375.0,4314991.0
513150,2024-07-22,0.682,0.695,0.681,0.693,95591.0,6587745.0
513150,2024-07-23,0.703,0.703,0.678,0.68,103275.0,7084444.0
513150,2024-07-24,0.677,0.68,0.659,0.66,101908.0,6799427.0
513150,2024-07-25,0.658,0.658,0.646,0.647,73364.0,4789401.0
513150,2024-07-26,0.652,0.657,0.649,0.653,80433.0,5256333.0
513150,2024-07-29,0.657,0.661,0.654,0.656,82649.0,5427881.0
513150,2024-07-30,0.653,0.653,0.639,0.641,48899.0,3142932.0
513150,2024-07-31,0.643,0.665,0.64,0.664,111793.0,7336960.0
513150,2024-08-01,0.662,0.664,0.654,0.661,85839.0,5643414.0
513150,2024-08-02,0.656,0.656,0.635,0.639,65772.0,4242274.0
513150,2024-08-05,0.635,0.646,0.619,0.624,296662.0,18802624.0
513150,2024-08-06,0.63,0.64,0.627,0.633,114402.0,7250758.0
513150,2024-08-07,0.634,0.644,0.632,0.638,128651.0,8218190.0
513150,2024-08-08,0.638,0.646,0.629,0.64,104635.0,6668300.0
513150,2024-08-09,0.643,0.656,0.643,0.647,114278.0,7451245.0
513150,2024-08-12,0.65,0.651,0.644,0.649,150970.0,9788849.0
513150,2024-08-13,0.646,0.653,0.645,0.651,60008.0,3894509.0
513150,2024-08-14,0.652,0.653,0.642,0.642,117715.0,7582673.0
513150,2024-08-15,0.643,0.654,0.636,0.644,148914.0,9609357.0
513150,2024-08-16,0.649,0.66,0.649,0.656,91369.0,5989151.0
513150,2024-08-19,0.658,0.673,0.658,0.664,152960.0,10187862.0
513150,2024-08-20,0.666,0.667,0.657,0.658,92524.0,6117514.0
513150,2024-08-21,0.654,0.658,0.644,0.655,123431.0,8051011.0
513150,2024-08-22,0.661,0.664,0.655,0.663,109491.0,7218033.0
513150,2024-08-23,0.661,0.663,0.656,0.66,83256.0,5497478.0
513150,2024-08-26,0.662,0.671,0.662,0.669,57194.0,3812649.0
513150,2024-08-27,0.665,0.669,0.659,0.669,89550.0,5949257.0
513150,2024-08-28,0.665,0.666,0.655,0.661,86953.0,5745825.0
513150,2024-08-29,0.659,0.666,0.647,0.666,145549.0,9588096.0
513150,2024-08-30,0.665,0.693,0.665,0.687,283711.0,19445451.0
513150,2024-09-02,0.687,0.687,0.667,0.669,180825.0,12145620.0
513150,2024-09-03,0.666,0.68,0.666,0.673,106599.0,7188264.0
513150,2024-09-04,0.671,0.671,0.661,0.667,71626.0,4768220.0
513150,2024-09-05,0.665,0.675,0.665,0.669,139219.0,9334914.0
513150,2024-09-06,0.665,0.671,0.665,0.665,22843.0,1528464.0
513150,2024-09-09,0.664,0.668,0.66,0.662,32187.0,2129635.0
513150,2024-09-10,0.664,0.669,0.66,0.667,118317.0,7884599.0
513150,2024-09-11,0.665,0.675,0.665,0.673,121464.0,8155600.0
513150,2024-09-12,0.682,0.685,0.676,0.676,75869.0,5163950.0
513150,2024-09-13,0.68,0.684,0.677,0.678,80903.0,5503219.0
513150,2024-09-18,0.682,0.692,0.682,0.689,55010.0,3794878.0
513150,2024-09-19,0.691,0.705,0.686,0.702,267171.0,18706671.0
513150,2024-09-20,0.708,0.715,0.701,0.706,130770.0,9278578.0
513150,2024-09-23,0.709,0.718,0.704,0.705,212593.0,15104051.0
513150,2024-09-24,0.712,0.731,0.71,0.73,252602.0,18247742.0
513150,2024-09-25,0.749,0.753,0.729,0.732,206519.0,15395124.0
513150,2024-09-26,0.734,0.769,0.734,0.768,323830.0,24466614.0
513150,2024-09-27,0.799,0.815,0.775,0.812,41042.0,3266757.0
513150,2024-09-30,0.832,0.883,0.83,0.879,475918.0,40851226.0
513150,2024-10-08,0.967,0.967,0.87,0.911,355073.0,32655060.0
513150,2024-10-09,0.912,0.92,0.843,0.865,466310.0,41050445.0
513150,2024-10-10,0.878,0.908,0.878,0.891,370637.0,33139574.0
513150,2024-10-11,0.892,0.892,0.858,0.863,99817.0,8745692.0
513150,2024-10-14,0.868,0.879,0.841,0.869,891510.0,76635859.0
513150,2024-10-15,0.869,0.874,0.83,0.831,679985.0,58411091.0
513150,2024-10-16,0.817,0.842,0.817,0.829,709828.0,59112679.0
513150,2024-10-17,0.836,0.859,0.828,0.828,246265.0,20859302.0
513150,2024-10-18,0.826,0.883,0.825,0.868,835005.0,71115459.0
513150,2024-10-21,0.869,0.89,0.861,0.862,669424.0,58492851.0
513150,2024-10-22,0.864,0.876,0.86,0.868,371664.0,32308218.0
513150,2024-10-23,0.868,0.9,0.868,0.886,404743.0,35832456.0
513150,2024-10-24,0.878,0.884,0.866,0.869,268209.0,23407112.0
513150,2024-10-25,0.875,0.89,0.87,0.877,359910.0,31656408.0
513150,2024-10-28,0.881,0.887,0.874,0.885,217155.0,19171677.0
513150,2024-10-29,0.92,0.92,0.884,0.885,343655.0,30791657.0
513150,2024-10-30,0.884,0.894,0.864,0.866,286484.0,25120689.0
513150,2024-10-31,0.866,0.876,0.86,0.865,246017.0,21356497.0
513150,2024-11-01,0.86,0.868,0.851,0.858,205723.0,17630640.0
513150,2024-11-04,0.864,0.876,0.864,0.868,141455.0,12323759.0
513150,2024-11-05,0.867,0.891,0.865,0.89,233100.0,20536109.0
513150,2024-11-06,0.89,0.899,0.876,0.877,406682.0,36011022.0
513150,2024-11-07,0.875,0.898,0.875,0.896,298051.0,26470716.0
513150,2024-11-08,0.951,0.951,0.9,0.904,325412.0,29728249.0
513150,2024-11-11,0.904,0.905,0.883,0.901,192139.0,17196224.0
513150,2024-11-12,0.901,0.913,0.869,0.872,274158.0,24531572.0
513150,2024-11-13,0.872,0.872,0.854,0.866,191533.0,16516063.0
513150,2024-11-14,0.867,0.878,0.848,0.848,196639.0,16927503.0
513150,2024-11-15,0.851,0.861,0.843,0.845,233406.0,19880073.0
513150,2024-11-18,0.855,0.858,0.841,0.844,129123.0,10942140.0
513150,2024-11-19,0.848,0.854,0.841,0.852,574826.0,48750596.0
513150,2024-11-20,0.852,0.861,0.85,0.857,468733.0,40120149.0
513150,2024-11-21,0.856,0.864,0.851,0.853,290166.0,24827110.0
513150,2024-11-22,0.854,0.861,0.826,0.827,176922.0,14889652.0
513150,2024-11-25,0.834,0.839,0.824,0.827,454715.0,37720189.0
513150,2024-11-26,0.828,0.833,0.824,0.824,304513.0,25248228.0
513150,2024-11-27,0.824,0.845,0.82,0.845,559458.0,46511939.0
513150,2024-11-28,0.845,0.854,0.839,0.84,279477.0,23610982.0
513150,2024-11-29,0.843,0.86,0.838,0.844,462462.0,39311356.0
513150,2024-12-02,0.842,0.864,0.842,0.855,253572.0,21698967.0
513150,2024-12-03,0.858,0.868,0.855,0.863,529935.0,45724111.0
513150,2024-12-04,0.862,0.869,0.857,0.86,177949.0,15373800.0
513150,2024-12-05,0.86,0.86,0.85,0.851,299057.0,25500387.0
513150,2024-12-06,0.849,0.872,0.849,0.868,281199.0,24280414.0
513150,2024-12-09,0.868,0.88,0.866,0.871,352266.0,30772646.0
513150,2024-12-10,0.915,0.939,0.888,0.892,433017.0,39235101.0
513150,2024-12-11,0.887,0.896,0.876,0.879,215776.0,19124564.0
513150,2024-12-12,0.883,0.897,0.876,0.897,258526.0,22977915.0
513150,2024-12-13,0.894,0.894,0.869,0.872,254949.0,22357105.0
513150,2024-12-16,0.875,0.875,0.85,0.851,181654.0,15599512.0
513150,2024-12-17,0.85,0.867,0.847,0.854,286393.0,24552532.0
513150,2024-12-18,0.858,0.87,0.858,0.866,211102.0,18259061.0
513150,2024-12-19,0.861,0.87,0.855,0.869,202349.0,17442398.0
513150,2024-12-20,0.864,0.877,0.864,0.871,166012.0,14444951.0
513150,2024-12-23,0.877,0.878,0.866,0.87,194815.0,16965965.0
513150,2024-12-24,0.871,0.886,0.871,0.883,156851.0,13794405.0
513150,2024-12-25,0.883,0.888,0.883,0.885,6422.0,569279.0
513150,2024-12-26,0.885,0.887,0.883,0.885,2927.0,258928.0
513150,2024-12-27,0.885,0.9,0.885,0.89,70463.0,6287928.0
513150,2024-12-30,0.892,0.894,0.885,0.892,175606.0,15619677.0
513150,2024-12-31,0.884,0.89,0.875,0.877,142114.0,12591223.0
513150,2025-01-02,0.875,0.879,0.858,0.862,254646.0,22128662.0
513150,2025-01-03,0.866,0.88,0.86,0.868,160363.0,13939752.0
513150,2025-01-06,0.868,0.881,0.867,0.869,112904.0,9828266.0
513150,2025-01-07,0.868,0.87,0.844,0.852,203867.0,17430160.0
513150,2025-01-08,0.854,0.858,0.835,0.841,316696.0,26735063.0
513150,2025-01-09,0.849,0.859,0.843,0.848,299708.0,25542028.0
513150,2025-01-10,0.854,0.857,0.838,0.839,196914.0,16730920.0
513150,2025-01-13,0.844,0.844,0.823,0.827,129743.0,10736841.0
513150,2025-01-14,0.833,0.87,0.833,0.861,693673.0,59492337.0
513150,2025-01-15,0.895,0.895,0.851,0.856,378560.0,32493860.0
513150,2025-01-16,0.862,0.884,0.856,0.864,212749.0,18536926.0
513150,2025-01-17,0.864,0.879,0.864,0.876,327981.0,28570286.0
513150,2025-01-20,0.881,0.907,0.881,0.899,241855.0,21780405.0
513150,2025-01-21,0.91,0.919,0.897,0.911,254966.0,23126258.0
513150,2025-01-22,0.908,0.908,0.89,0.892,134522.0,12034014.0
513150,2025-01-23,0.902,0.908,0.878,0.88,370818.0,33071390.0
513150,2025-01-24,0.881,0.906,0.881,0.902,304663.0,27433345.0
513150,2025-01-27,0.909,0.92,0.908,0.909,188232.0,17189126.0
513150,2025-02-05,0.945,0.97,0.943,0.962,256107.0,24551992.0
513150,2025-02-06,0.963,0.996,0.962,0.993,237562.0,23349208.0
513150,2025-02-07,0.994,1.092,0.994,1.021,3911651.0,402906959.0
513150,2025-02-10,1.028,1.048,1.027,1.041,1121021.0,116465740.0
513150,2025-02-11,1.041,1.052,1.02,1.023,360670.0,37184319.0
513150,2025-02-12,1.025,1.054,1.02,1.05,462767.0,48157952.0
513150,2025-02-13,1.053,1.086,1.053,1.058,391959.0,41929912.0
513150,2025-02-14,1.057,1.087,1.046,1.087,321593.0,34550974.0
513150,2025-02-17,1.123,1.123,1.076,1.1,423161.0,46485573.0
513150,2025-02-18,1.1,1.142,1.1,1.12,508037.0,57127594.0
513150,2025-02-19,1.114,1.145,1.11,1.143,267090.0,30311591.0
513150,2025-02-20,1.14,1.145,1.106,1.121,197707.0,22224325.0
513150,2025-02-21,1.143,1.186,1.143,1.186,405497.0,47316068.0
513150,2025-02-24,1.189,1.202,1.163,1.182,1001658.0,118573940.0
513150,2025-02-25,1.135,1.189,1.13,1.164,590741.0,68809777.0
513150,2025-02-26,1.183,1.223,1.174,1.222,968535.0,116318210.0
513150,2025-02-27,1.245,1.246,1.178,1.211,788188.0,95791707.0
513150,2025-02-28,1.224,1.224,1.135,1.136,915492.0,107038631.0
513150,2025-03-03,1.153,1.169,1.122,1.13,999920.0,114955675.0
513150,2025-03-04,1.11,1.135,1.092,1.126,886594.0,98599116.0
513150,2025-03-05,1.135,1.163,1.132,1.161,1027347.0,117598002.0
513150,2025-03-06,1.191,1.217,1.191,1.208,1137033.0,137119349.0
513150,2025-03-07,1.205,1.237,1.196,1.204,1367689.0,166177438.0
513150,2025-03-10,1.201,1.218,1.168,1.179,1216927.0,144282475.0
513150,2025-03-11,1.156,1.196,1.151,1.183,1621447.0,191151255.0
513150,2025-03-12,1.213,1.216,1.171,1.175,932281.0,111476456.0
513150,2025-03-13,1.182,1.19,1.147,1.163,598765.0,70024684.0
513150,2025-03-14,1.178,1.208,1.168,1.204,1519890.0,181106274.0
513150,2025-03-17,1.211,1.213,1.189,1.201,588567.0,70661815.0
513150,2025-03-18,1.226,1.242,1.225,1.239,386228.0,47683860.0
513150,2025-03-19,1.239,1.251,1.222,1.243,400369.0,49594083.0
513150,2025-03-20,1.241,1.241,1.214,1.217,501385.0,61451722.0
513150,2025-03-21,1.218,1.225,1.162,1.17,732994.0,87212741.0
513150,2025-03-24,1.171,1.178,1.159,1.173,468989.0,54843321.0
513150,2025-03-25,1.172,1.172,1.138,1.139,388240.0,44776181.0
513150,2025-03-26,1.142,1.162,1.142,1.153,370209.0,42692838.0
513150,2025-03-27,1.154,1.185,1.139,1.17,500825.0,58264951.0
513150,2025-03-28,1.17,1.181,1.142,1.153,411432.0,47883872.0
513150,2025-03-31,1.132,1.15,1.118,1.129,509574.0,57762289.0
513150,2025-04-01,1.138,1.159,1.133,1.144,647898.0,74287492.0
513150,2025-04-02,1.132,1.153,1.122,1.136,525636.0,59779086.0
513150,2025-04-03,1.11,1.13,1.102,1.114,714620.0,79892954.0
513150,2025-04-07,1.003,1.069,1.003,1.003,93106.0,9356731.0
513150,2025-04-08,0.995,0.995,0.92,0.944,670027.0,63793258.0
513150,2025-04-09,0.917,0.977,0.894,0.963,1325851.0,125807761.0
513150,2025-04-10,1.016,1.049,1.006,1.007,1157278.0,118686062.0
513150,2025-04-11,0.998,1.048,0.987,1.034,1038461.0,106390235.0
513150,2025-04-14,1.058,1.08,1.048,1.05,367374.0,38938643.0
513150,2025-04-15,1.059,1.068,1.04,1.046,621339.0,65099303.0
513150,2025-04-16,1.037,1.041,1.001,1.012,327586.0,33176314.0
513150,2025-04-17,1.007,1.029,1.006,1.02,325131.0,33144217.0
513150,2025-04-18,1.015,1.025,1.012,1.016,31128.0,3156681.0
513150,2025-04-21,1.022,1.026,1.011,1.024,87995.0,8971688.0
513150,2025-04-22,1.032,1.051,1.021,1.044,389207.0,40379431.0
513150,2025-04-23,1.08,1.09,1.072,1.088,523562.0,56590802.0
513150,2025-04-24,1.084,1.094,1.062,1.069,446378.0,47985609.0
513150,2025-04-25,1.088,1.095,1.075,1.079,280424.0,30438234.0
513150,2025-04-28,1.078,1.079,1.06,1.074,298735.0,31918525.0
513150,2025-04-29,1.075,1.083,1.066,1.069,303355.0,32634462.0
513150,2025-04-30,1.075,1.085,1.065,1.083,354832.0,38173981.0
513150,2025-05-06,1.123,1.146,1.101,1.113,383166.0,42536187.0
513150,2025-05-07,1.136,1.146,1.094,1.099,534927.0,59681188.0
513150,2025-05-08,1.088,1.11,1.088,1.102,328051.0,36162126.0
513150,2025-05-09,1.106,1.106,1.089,1.096,220843.0,24221144.0
513150,2025-05-12,1.107,1.112,1.094,1.107,197498.0,21778372.0
513150,2025-05-13,1.128,1.129,1.097,1.099,202243.0,22440461.0
513150,2025-05-14,1.102,1.119,1.102,1.118,289819.0,32222259.0
513150,2025-05-15,1.113,1.13,1.106,1.109,321508.0,35811616.0
513150,2025-05-16,1.1,1.114,1.098,1.114,224513.0,24868939.0
513150,2025-05-19,1.114,1.114,1.087,1.106,256683.0,28200501.0
513150,2025-05-20,1.11,1.135,1.11,1.133,242379.0,27342366.0
513150,2025-05-21,1.133,1.149,1.133,1.139,426981.0,48898369.0
513150,2025-05-22,1.14,1.147,1.1,1.126,386092.0,43879219.0
513150,2025-05-23,1.126,1.144,1.121,1.121,262145.0,29711214.0
513150,2025-05-26,1.119,1.121,1.086,1.089,297905.0,32643234.0
513150,2025-05-27,1.089,1.093,1.076,1.091,447248.0,48572878.0
513150,2025-05-28,1.096,1.1,1.083,1.088,148785.0,16217849.0
513150,2025-05-29,1.086,1.111,1.082,1.107,196572.0,21639397.0
513150,2025-05-30,1.095,1.12,1.079,1.082,229776.0,24901921.0
513150,2025-06-03,1.08,1.095,1.08,1.094,217833.0,23730213.0
513150,2025-06-04,1.095,1.119,1.095,1.11,296292.0,32967514.0
513150,2025-06-05,1.118,1.128,1.113,1.122,309747.0,34697255.0
513150,2025-06-06,1.125,1.129,1.114,1.122,202757.0,22673711.0
513150,2025-06-09,1.125,1.15,1.124,1.144,573368.0,65477810.0
513150,2025-06-10,1.149,1.155,1.133,1.144,361963.0,41408044.0
513150,2025-06-11,1.148,1.167,1.148,1.161,305371.0,35425760.0
513150,2025-06-12,1.16,1.16,1.143,1.146,293773.0,33756409.0
513150,2025-06-13,1.136,1.137,1.111,1.114,330752.0,37122757.0
513150,2025-06-16,1.108,1.127,1.108,1.126,261908.0,29363606.0
513150,2025-06-17,1.131,1.136,1.117,1.121,395814.0,44520531.0
513150,2025-06-18,1.112,1.135,1.103,1.11,154796.0,17158325.0
513150,2025-06-19,1.105,1.11,1.08,1.084,137697.0,15062154.0
513150,2025-06-20,1.086,1.094,1.084,1.088,175428.0,19088674.0
513150,2025-06-23,1.079,1.11,1.076,1.109,186598.0,20431438.0
513150,2025-06-24,1.12,1.138,1.116,1.134,220963.0,24956374.0
513150,2025-06-25,1.139,1.146,1.135,1.146,189631.0,21636464.0
513150,2025-06-26,1.136,1.139,1.123,1.128,247023.0,27880127.0
513150,2025-06-27,1.138,1.139,1.128,1.133,209913.0,23764020.0
513150,2025-06-30,1.133,1.136,1.126,1.134,304703.0,34482724.0
513150,2025-07-01,1.132,1.134,1.128,1.134,40151.0,4538779.0
513150,2025-07-02,1.138,1.142,1.119,1.124,319866.0,35992457.0
513150,2025-07-03,1.123,1.123,1.11,1.123,195491.0,21843151.0
513150,2025-07-04,1.118,1.129,1.101,1.114,492771.0,54961961.0
513150,2025-07-07,1.109,1.115,1.103,1.11,967985.0,107301375.0
513150,2025-07-08,1.113,1.129,1.113,1.126,327905.0,36822206.0
513150,2025-07-09,1.124,1.127,1.113,1.117,282492.0,31629181.0
513150,2025-07-10,1.114,1.121,1.109,1.115,235818.0,26268966.0
513150,2025-07-11,1.114,1.137,1.114,1.129,276966.0,31302046.0
513150,2025-07-14,1.134,1.134,1.121,1.131,211667.0,23884199.0
513150,2025-07-15,1.136,1.161,1.134,1.157,311093.0,35728191.0
513150,2025-07-16,1.213,1.213,1.165,1.17,449786.0,52929299.0
513150,2025-07-17,1.168,1.187,1.167,1.185,301061.0,35494562.0
513150,2025-07-18,1.194,1.2,1.186,1.195,300757.0,35871375.0
513150,2025-07-21,1.207,1.208,1.193,1.203,337286.0,40439513.0
513150,2025-07-22,1.203,1.208,1.198,1.204,395764.0,47654527.0
513150,2025-07-23,1.213,1.231,1.206,1.23,661295.0,80778178.0
513150,2025-07-24,1.227,1.245,1.226,1.24,1008166.0,124825503.0
513150,2025-07-25,1.231,1.245,1.221,1.227,517333.0,63590820.0
513150,2025-07-28,1.232,1.236,1.226,1.236,358549.0,44115161.0
513150,2025-07-29,1.238,1.242,1.22,1.239,81744.0,10052073.0
513150,2025-07-30,1.226,1.239,1.206,1.213,156478.0,19148875.0
513150,2025-07-31,1.206,1.222,1.202,1.206,132313.0,16019642.0
513150,2025-08-01,1.205,1.218,1.197,1.207,126039.0,15251113.0
513150,2025-08-04,1.19,1.211,1.18,1.211,105416.0,12600393.0
513150,2025-08-05,1.212,1.219,1.207,1.219,396487.0,48140385.0
513150,2025-08-06,1.219,1.227,1.215,1.224,371281.0,45310447.0
513150,2025-08-07,1.225,1.229,1.211,1.22,317954.0,38782872.0
513150,2025-08-08,1.219,1.219,1.2,1.202,363671.0,43939741.0
513150,2025-08-11,1.204,1.208,1.196,1.205,332539.0,39917861.0
513150,2025-08-12,1.201,1.206,1.192,1.202,462297.0,55434994.0
513150,2025-08-13,1.209,1.237,1.208,1.237,475076.0,57977061.0
513150,2025-08-14,1.25,1.251,1.228,1.232,576535.0,71576285.0
513150,2025-08-15,1.222,1.24,1.222,1.239,285275.0,35087185.0
513150,2025-08-18,1.244,1.27,1.242,1.262,454388.0,56976731.0
513150,2025-08-19,1.261,1.261,1.244,1.248,525545.0,65788088.0
513150,2025-08-20,1.236,1.245,1.226,1.245,796341.0,98355566.0
513150,2025-08-21,1.24,1.245,1.226,1.23,663299.0,81941771.0
513150,2025-08-22,1.24,1.263,1.24,1.261,589930.0,73844660.0
513150,2025-08-25,1.283,1.296,1.274,1.292,430626.0,55442076.0
513150,2025-08-26,1.289,1.292,1.277,1.279,714017.0,91666754.0
513150,2025-08-27,1.29,1.299,1.256,1.259,1129366.0,145142248.0
513150,2025-08-28,1.242,1.257,1.218,1.239,1238893.0,153168642.0
513150,2025-08-29,1.243,1.254,1.227,1.252,688196.0,85297133.0
513150,2025-09-01,1.29,1.29,1.255,1.274,580754.0,73639183.0
513150,2025-09-02,1.279,1.281,1.255,1.263,638891.0,81144852.0
513150,2025-09-03,1.275,1.279,1.254,1.257,385191.0,48755818.0
513150,2025-09-04,1.263,1.267,1.221,1.227,1124970.0,139842302.0
513150,2025-09-05,1.227,1.257,1.227,1.257,420249.0,52138362.0
513150,2025-09-08,1.253,1.263,1.246,1.26,472209.0,59101222.0
513150,2025-09-09,1.261,1.278,1.256,1.269,573841.0,72926009.0
513150,2025-09-10,1.282,1.294,1.276,1.279,1767071.0,227224162.0
513150,2025-09-11,1.255,1.283,1.249,1.283,1443417.0,182846143.0
513150,2025-09-12,1.295,1.305,1.29,1.295,1825557.0,237063649.0
513150,2025-09-15,1.295,1.314,1.292,1.303,934549.0,122239810.0
513150,2025-09-16,1.307,1.319,1.297,1.314,1220853.0,160038431.0
513150,2025-09-17,1.315,1.355,1.315,1.354,2169077.0,289399520.0
513150,2025-09-18,1.353,1.371,1.315,1.331,2266933.0,306936335.0
513150,2025-09-19,1.341,1.354,1.326,1.33,1248612.0,167387618.0
513150,2025-09-22,1.332,1.345,1.328,1.344,1810363.0,241973389.0
513150,2025-09-23,1.343,1.349,1.312,1.324,2193411.0,291116898.0
513150,2025-09-24,1.316,1.359,1.314,1.354,883541.0,118441192.0
513150,2025-09-25,1.362,1.382,1.35,1.371,1964084.0,269025271.0
513150,2025-09-26,1.358,1.369,1.349,1.349,1098848.0,149238543.0
513150,2025-09-29,1.348,1.361,1.342,1.361,854499.0,115627976.0
513150,2025-09-30,1.363,1.395,1.363,1.394,1049533.0,144383559.0
513150,2025-10-09,1.405,1.427,1.392,1.397,1375073.0,194156284.0
513150,2025-10-10,1.4,1.4,1.342,1.348,750505.0,102334579.0
513150,2025-10-13,1.31,1.331,1.281,1.31,431348.0,56739184.0
513150,2025-10-14,1.326,1.335,1.263,1.271,1396630.0,182297054.0
513150,2025-10-15,1.28,1.305,1.271,1.302,721799.0,93034768.0
513150,2025-10-16,1.298,1.311,1.281,1.29,1001467.0,129780302.0
513150,2025-10-17,1.286,1.289,1.243,1.246,940398.0,118759274.0
513150,2025-10-20,1.27,1.28,1.263,1.27,978668.0,124500008.0
513150,2025-10-21,1.285,1.307,1.283,1.298,796348.0,103467235.0
513150,2025-10-22,1.281,1.284,1.263,1.271,818254.0,104166918.0
513150,2025-10-23,1.257,1.28,1.246,1.278,901101.0,113565315.0
513150,2025-10-24,1.286,1.299,1.283,1.29,788140.0,101743415.0
513150,2025-10-27,1.307,1.319,1.303,1.316,620457.0,81346410.0
513150,2025-10-28,1.313,1.318,1.296,1.298,804511.0,105233901.0
513150,2025-10-29,1.302,1.309,1.298,1.308,87512.0,11398751.0
513150,2025-10-30,1.311,1.311,1.277,1.28,971331.0,125539001.0
513150,2025-10-31,1.277,1.286,1.269,1.272,682901.0,87181526.0
513150,2025-11-03,1.274,1.278,1.256,1.273,978665.0,123943055.0
513150,2025-11-04,1.267,1.275,1.239,1.248,759937.0,95584753.0
513150,2025-11-05,1.216,1.241,1.21,1.234,1129327.0,138566204.0
513150,2025-11-06,1.27,1.27,1.237,1.26,902675.0,112779133.0
513150,2025-11-07,1.25,1.253,1.237,1.239,816702.0,101569638.0
513150,2025-11-10,1.24,1.255,1.233,1.254,836525.0,104065377.0
513150,2025-11-11,1.259,1.265,1.245,1.252,698515.0,87549960.0
513150,2025-11-12,1.251,1.266,1.245,1.257,815149.0,102253466.0
513150,2025-11-13,1.249,1.279,1.246,1.276,775839.0,97545648.0
513150,2025-11-14,1.263,1.263,1.244,1.245,736634.0,92370088.0
513150,2025-11-17,1.233,1.248,1.226,1.228,818349.0,101215708.0
513150,2025-11-18,1.229,1.229,1.201,1.205,647836.0,78741221.0
513150,2025-11-19,1.207,1.213,1.192,1.197,875726.0,105134838.0
513150,2025-11-20,1.205,1.212,1.182,1.186,949506.0,113388035.0
513150,2025-11-21,1.163,1.186,1.148,1.16,975708.0,113359220.0
513150,2025-11-24,1.166,1.187,1.154,1.182,994651.0,116489891.0
513150,2025-11-25,1.19,1.211,1.186,1.188,780787.0,93732623.0
513150,2025-11-26,1.198,1.209,1.193,1.199,731408.0,87931296.0
513150,2025-11-27,1.192,1.209,1.188,1.19,984728.0,118011157.0
513150,2025-11-28,1.191,1.195,1.183,1.188,603619.0,71767092.0
513150,2025-12-01,1.185,1.198,1.184,1.194,842786.0,100402472.0
513150,2025-12-02,1.196,1.199,1.183,1.185,531811.0,63351800.0
513150,2025-12-03,1.18,1.184,1.163,1.164,631607.0,73961357.0
513150,2025-12-04,1.165,1.185,1.161,1.185,726565.0,85196074.0
513150,2025-12-05,1.179,1.195,1.175,1.194,757278.0,89658051.0
513150,2025-12-08,1.193,1.199,1.185,1.189,610836.0,72790697.0
513150,2025-12-09,1.189,1.191,1.164,1.169,647890.0,76349210.0
513150,2025-12-10,1.165,1.17,1.155,1.169,800342.0,93031966.0
513150,2025-12-11,1.175,1.179,1.157,1.159,594515.0,69411617.0
513150,2025-12-12,1.165,1.179,1.157,1.176,648977.0,75733411.0
513150,2025-12-15,1.16,1.17,1.144,1.144,476553.0,54860327.0
513150,2025-12-16,1.147,1.147,1.111,1.12,332418.0,37191477.0
513150,2025-12-17,1.117,1.137,1.117,1.132,674034.0,75802612.0
513150,2025-12-18,1.119,1.13,1.115,1.118,490140.0,54932760.0
513150,2025-12-19,1.128,1.142,1.126,1.14,614110.0,69757697.0
513150,2025-12-22,1.143,1.151,1.138,1.14,308780.0,35302055.0
513150,2025-12-23,1.14,1.143,1.132,1.135,449576.0,51191011.0
513150,2025-12-24,1.135,1.142,1.133,1.135,337278.0,38326923.0
513150,2025-12-25,1.132,1.135,1.132,1.134,65925.0,7464475.0
513150,2025-12-26,1.132,1.139,1.13,1.138,140338.0,15941380.0
513150,2025-12-29,1.141,1.153,1.132,1.134,728695.0,83464233.0
513150,2025-12-30,1.126,1.14,1.126,1.139,542640.0,61463327.0
513150,2025-12-31,1.134,1.138,1.122,1.123,224770.0,25348355.0
513150,2026-01-05,1.163,1.171,1.145,1.169,709176.0,82614532.0
513150,2026-01-06,1.17,1.186,1.17,1.184,653443.0,77218866.0
513150,2026-01-07,1.178,1.179,1.16,1.168,420131.0,49029191.0
513150,2026-01-08,1.165,1.17,1.151,1.158,517584.0,60124069.0
513150,2026-01-09,1.16,1.171,1.159,1.168,745173.0,86792504.0
513150,2026-01-12,1.17,1.195,1.168,1.193,261364.0,30841025.0
513150,2026-01-13,1.23,1.23,1.192,1.197,205024.0,24860982.0
513150,2026-01-14,1.204,1.223,1.199,1.215,662526.0,80346366.0
513150,2026-01-15,1.21,1.221,1.2,1.203,782502.0,94578895.0
513150,2026-01-16,1.214,1.219,1.198,1.199,460366.0,55562043.0
513150,2026-01-19,1.191,1.194,1.178,1.18,373518.0,44263135.0
513150,2026-01-20,1.175,1.18,1.16,1.164,428186.0,50000344.0
513150,2026-01-21,1.152,1.174,1.152,1.173,373733.0,43687302.0
513150,2026-01-22,1.183,1.188,1.17,1.173,413078.0,48549583.0
513150,2026-01-23,1.182,1.187,1.18,1.185,491912.0,58249322.0
513150,2026-01-26,1.181,1.184,1.161,1.163,137059.0,15986843.0
513150,2026-01-27,1.17,1.177,1.158,1.177,176508.0,20584353.0
513150,2026-01-28,1.179,1.2,1.176,1.199,293375.0,34724910.0
513150,2026-01-29,1.19,1.201,1.184,1.186,149102.0,17788918.0
513150,2026-01-30,1.178,1.185,1.163,1.166,76163.0,8919941.0
513150,2026-02-02,1.151,1.152,1.115,1.12,451685.0,51040667.0
513150,2026-02-03,1.126,1.134,1.093,1.118,509388.0,56581896.0
513150,2026-02-04,1.103,1.117,1.089,1.11,534589.0,58846389.0
513150,2026-02-05,1.095,1.104,1.082,1.104,702538.0,76706395.0
513150,2026-02-06,1.089,1.109,1.084,1.1,738283.0,81057175.0
513150,2026-02-09,1.113,1.12,1.107,1.117,607655.0,67596458.0
513150,2026-02-10,1.117,1.131,1.114,1.122,589667.0,66308758.0
513150,2026-02-11,1.117,1.133,1.117,1.129,468976.0,52956082.0
513150,2026-02-12,1.13,1.133,1.114,1.115,366878.0,41043367.0
513150,2026-02-13,1.11,1.112,1.099,1.11,342224.0,37797239.0
513150,2026-02-24,1.104,1.107,1.085,1.088,260454.0,28373234.0
513150,2026-02-25,1.094,1.097,1.087,1.09,319169.0,34859888.0
513150,2026-02-26,1.09,1.095,1.061,1.061,273693.0,29306813.0
513150,2026-02-27,1.051,1.066,1.051,1.062,545724.0,57846774.0
513150,2026-03-02,1.039,1.062,1.023,1.031,535651.0,55370223.0
513150,2026-03-03,1.034,1.037,1.0,1.003,789571.0,80359882.0
513150,2026-03-04,0.989,1.009,0.981,0.985,1629626.0,162276951.0
513150,2026-03-05,1.002,1.01,0.983,0.99,1232895.0,123444586.0
513150,2026-03-06,0.989,1.02,0.986,1.017,1253748.0,126330260.0
513150,2026-03-09,0.995,1.016,0.985,1.011,1547003.0,154359066.0
513150,2026-03-10,1.025,1.041,1.022,1.036,1053001.0,108796948.0
513150,2026-03-11,1.046,1.053,1.035,1.039,861731.0,89949147.0
513150,2026-03-12,1.033,1.048,1.021,1.028,842479.0,86889973.0
513150,2026-03-13,1.021,1.034,1.019,1.025,975694.0,100244704.0
513150,2026-03-16,1.021,1.058,1.016,1.056,891174.0,92399485.0
513150,2026-03-17,1.06,1.08,1.053,1.054,1045363.0,111441714.0
513150,2026-03-18,1.058,1.059,1.042,1.058,1114771.0,117112021.0
513150,2026-03-19,1.045,1.048,1.032,1.033,801275.0,83321294.0
513150,2026-03-20,1.031,1.035,1.007,1.008,1058094.0,108289886.0
513150,2026-03-23,0.999,1.002,0.967,0.974,1420523.0,140780228.0
513150,2026-03-24,0.994,1.006,0.979,1.005,1188481.0,117496463.0
513150,2026-03-25,1.016,1.034,1.006,1.022,1317541.0,134282659.0
513150,2026-03-26,1.025,1.027,0.996,1.0,781772.0,78968987.0
513150,2026-03-27,0.991,1.017,0.991,1.012,1438543.0,144429233.0
513150,2026-03-30,0.999,0.999,0.978,0.991,1161675.0,115046483.0
513150,2026-03-31,0.994,1.003,0.979,0.982,1084752.0,107436177.0
513150,2026-04-01,1.003,1.015,0.993,1.012,1160789.0,116215496.0
513150,2026-04-02,1.02,1.02,0.986,0.993,831093.0,82763629.0
513150,2026-04-03,0.996,1.0,0.989,0.99,102668.0,10206255.0
513150,2026-04-07,0.993,0.999,0.991,0.992,65210.0,6490515.0
513150,2026-04-08,1.016,1.04,1.015,1.039,1101460.0,113070589.0
513150,2026-04-09,1.038,1.038,1.021,1.021,820131.0,84186130.0
513150,2026-04-10,1.023,1.103,1.023,1.029,1056207.0,109301469.0
513150,2026-04-13,1.027,1.029,1.018,1.02,651393.0,66636188.0
513150,2026-04-14,1.034,1.035,1.015,1.025,597743.0,61219391.0
513150,2026-04-15,1.04,1.044,1.032,1.035,611953.0,63526976.0
513150,2026-04-16,1.043,1.067,1.036,1.065,777464.0,82080529.0
513150,2026-04-17,1.06,1.067,1.049,1.053,400189.0,42288635.0
513150,2026-04-20,1.057,1.067,1.053,1.06,872220.0,92499253.0
513150,2026-04-21,1.062,1.064,1.048,1.056,654163.0,68864086.0
513150,2026-04-22,1.048,1.051,1.04,1.045,528088.0,55092913.0
513150,2026-04-23,1.043,1.043,1.014,1.016,767896.0,78386848.0
513150,2026-04-24,1.013,1.027,1.0,1.023,931887.0,94445223.0
513150,2026-04-27,1.024,1.036,1.019,1.03,734445.0,75714243.0
513150,2026-04-28,1.023,1.029,1.005,1.008,466635.0,47588332.0
513150,2026-04-29,1.017,1.024,1.013,1.022,592337.0,60390863.0
513150,2026-04-30,1.022,1.022,1.009,1.018,935446.0,94964791.0
513150,2026-05-06,1.027,1.042,1.027,1.033,1005578.0,104265.19
513150,2026-05-07,1.044,1.06,1.044,1.058,1076633.0,113578.7
513150,2026-05-08,1.056,1.058,1.041,1.052,790865.0,82699.26
513150,2026-05-11,1.046,1.057,1.041,1.055,962651.0,100838.37
513150,2026-05-12,1.055,1.06,1.044,1.046,828177.0,87172.48
513150,2026-05-13,1.046,1.051,1.032,1.044,1009433.0,104998.71
513150,2026-05-14,1.067,1.075,1.035,1.04,756669.0,79268.91
513150,2026-05-15,1.037,1.037,1.007,1.012,636960.0,65133.34
513150,2026-05-18,1.013,1.013,0.99,0.994,895593.0,89388.13
513150,2026-05-19,0.99,1.0,0.988,1.0,950789.0,94342.0
513150,2026-05-20,1.003,1.003,0.989,0.997,1133460.0,112845.55
513150,2026-05-21,1.0,1.016,0.983,0.983,939319.0,94090.46
513150,2026-05-22,0.984,1.003,0.984,1.002,906281.0,90148.34
513150,2026-05-25,0.993,0.999,0.992,0.998,133829.0,13343.17
513150,2026-05-26,1.006,1.021,0.999,1.02,783430.98,79260.03
513150,2026-05-27,1.02,1.023,0.999,1.0,840901.0,85145.13
513150,2026-05-28,1.0,1.001,0.982,0.994,955031.0,94930.39
513150,2026-05-29,0.999,1.014,0.994,1.006,1262329.0,126480.53
513150,2026-06-01,1.008,1.027,1.007,1.015,1180021.0,119864.49
513150,2026-06-02,1.016,1.049,1.016,1.047,1219550.0,126132.86
513150,2026-06-03,1.047,1.047,1.021,1.026,880285.0,90642.24
513150,2026-06-04,1.02,1.02,1.003,1.007,734180.0,74144.61
513150,2026-06-05,1.008,1.009,0.99,0.995,745050.0,74447.99
513150,2026-06-08,0.989,0.989,0.952,0.957,938068.0,90453.8
513150,2026-06-09,0.958,0.976,0.954,0.973,1358234.02,131294.94
513150,2026-06-10,0.966,0.966,0.942,0.953,1369656.0,130147.57
513150,2026-06-11,0.947,0.958,0.929,0.939,1689751.0,158670.81
513150,2026-06-12,0.958,0.96,0.95,0.951,813588.0,77791.7
513150,2026-06-15,0.966,0.969,0.96,0.965,807643.0,77940.76
513150,2026-06-16,0.965,0.967,0.942,0.943,723353.0,68682.44
513150,2026-06-17,0.943,0.947,0.935,0.941,862570.0,81163.07
513150,2026-06-18,0.938,0.94,0.925,0.927,1075626.0,100355.67
513150,2026-06-22,0.928,0.937,0.914,0.936,720450.0,66325.1
513150,2026-06-23,0.936,0.936,0.896,0.9,1027660.0,94600.41
513150,2026-06-24,0.902,0.932,0.902,0.922,1080906.0,99101.99
513150,2026-06-25,0.923,0.923,0.901,0.911,772515.0,70228.79
513150,2026-06-26,0.901,0.901,0.871,0.877,869034.0,76610.21
513150,2026-06-29,0.882,0.907,0.882,0.907,938578.0,84134.72
513150,2026-06-30,0.909,0.919,0.902,0.913,1325274.0,120508.63
513150,2026-07-01,0.912,0.925,0.91,0.911,223126.0,20412.08
513150,2026-07-02,0.915,0.933,0.906,0.906,1408723.0,129672.92
513150,2026-07-03,0.909,0.927,0.909,0.922,1126535.0,103786.25
513150,2026-07-06,0.923,0.936,0.914,0.926,1536810.0,142320.74
513150,2026-07-07,0.921,0.949,0.918,0.921,1246042.0,116323.71
513150,2026-07-08,0.921,0.965,0.921,0.954,1557525.0,147331.43
513150,2026-07-09,0.971,0.979,0.949,0.962,1592542.0,153556.01
513150,2026-07-10,0.963,0.988,0.96,0.97,1356707.0,132766.86
513150,2026-07-13,0.96,0.973,0.943,0.944,2251562.0,216061.61
513150,2026-07-14,0.944,0.957,0.928,0.953,1682778.0,158790.64
513150,2026-07-15,0.959,0.979,0.955,0.972,1337148.0,129466.54
513150,2026-07-16,0.992,1.003,0.977,0.987,1713592.0,170358.43
513150,2026-07-17,0.985,0.988,0.925,0.935,1638229.33,155172.45
513150,2026-07-20,0.954,0.972,0.945,0.967,1297776.0,125261.69
513150,2026-07-21,0.967,0.979,0.959,0.977,1115744.0,107779.43
513150,2026-07-22,0.978,0.978,0.949,0.951,1085366.0,104314.78
513150,2026-07-23,0.95,0.966,0.943,0.96,875622.0,83922.01
513150,2026-07-24,0.958,0.958,0.942,0.942,640851.0,60735.73
513150,2026-07-27,0.942,0.963,0.942,0.963,401578.0,38366.89
513150,2026-07-28,0.962,0.971,0.948,0.952,787234.0,75440.33
513150,2026-07-29,0.952,0.983,0.952,0.979,1195829.0,116623.5
513150,2026-07-30,0.986,0.989,0.957,0.962,1068184.0,103279.17
513150,2026-07-31,0.978,0.979,0.958,0.966,1138479.0,110059.22
513150,2026-08-03,0.976,0.98,0.967,0.973,1248650.0,121456.62
513150,2026-08-04,0.98,0.989,0.973,0.983,1011482.0,98877.95
513150,2026-08-05,0.987,1.002,0.981,1.002,805878.0,80109.86
513150,2026-08-06,1.003,1.003,0.975,0.976,659480.0,65067.18
513150,2026-08-07,0.975,0.991,0.97,0.991,800129.0,78308.71
513150,2026-08-10,0.995,1.006,0.995,1.003,662546.0,66303.81
513150,2026-08-11,1.003,1.01,0.989,0.989,499755.0,50125.16
513150,2026-08-12,0.982,0.985,0.977,0.984,350503.0,34387.67
513150,2026-08-13,0.985,0.997,0.982,0.986,394820.0,39058.78
513150,2026-08-14,0.984,0.985,0.967,0.973,574113.0,56028.04
513150,2026-08-17,0.978,0.997,0.978,0.995,349789.0,34564.24
513150,2026-08-18,0.99,0.997,0.974,0.988,522042.0,51284.39
513150,2026-08-19,0.988,0.988,0.973,0.977,495050.0,48530.56
513150,2026-08-20,0.993,0.998,0.985,0.989,384059.0,38095.93
513150,2026-08-21,0.987,0.992,0.981,0.992,476868.0,47000.48
513150,2026-08-24,0.98,0.985,0.955,0.957,538710.0,51684.12
513150,2026-08-25,0.952,0.964,0.95,0.962,378243.0,36132.56
513150,2026-08-26,0.965,0.981,0.965,0.976,303626.0,29682.88
513150,2026-08-27,0.977,0.979,0.97,0.973,603349.0,58638.07
513150,2026-08-28,0.97,0.976,0.963,0.967,269516.0,26208.4
513150,2026-08-31,0.965,0.965,0.947,0.963,383685.0,36615.61
513150,2026-09-01,0.959,0.963,0.95,0.956,312240.0,29826.45
513150,2026-09-02,0.953,0.953,0.935,0.945,378564.0,35580.04
513150,2026-09-03,0.953,0.957,0.938,0.941,257256.0,24358.94
513150,2026-09-04,0.944,0.964,0.944,0.953,499440.0,47936.07
513150,2026-09-07,0.952,0.956,0.946,0.949,309484.0,29402.58
513150,2026-09-08,0.949,0.951,0.936,0.937,941896.0,88521.45
513150,2026-09-09,0.937,0.94,0.927,0.931,320579.0,29916.91
513150,2026-09-10,0.923,0.924,0.908,0.911,329965.0,30110.92
513150,2026-09-11,0.903,0.911,0.895,0.91,360879.0,32536.67
513150,2026-09-14,0.9,0.917,0.899,0.913,310022.0,28197.76
513150,2026-09-15,0.913,0.921,0.906,0.908,380915.0,34856.83
513150,2026-09-16,0.911,0.913,0.899,0.911,2131483.0,193307.66
513150,2026-09-17,0.898,0.909,0.896,0.906,255519.0,23094.21
513150,2026-09-18,0.912,0.927,0.912,0.926,317604.0,29279.9
