symbol,datetime,open,high,low,close,volume,amount
600908.SH,2016-09-23,5.36,6.44,5.36,6.44,690.16,440.04
600908.SH,2016-09-26,7.08,7.08,7.08,7.08,499.16,353.41
600908.SH,2016-09-27,7.79,7.79,7.79,7.79,500.25,389.7
600908.SH,2016-09-28,8.57,8.57,8.57,8.57,1311.17,1123.67
600908.SH,2016-09-29,9.43,9.43,9.43,9.43,3807.25,3590.24
600908.SH,2016-09-30,10.37,10.37,10.37,10.37,14001.13,14519.17
600908.SH,2016-10-10,11.41,11.41,11.41,11.41,11296.04,12888.78
600908.SH,2016-10-11,12.55,12.55,12.55,12.55,9202.82,11549.54
600908.SH,2016-10-12,13.81,13.81,13.11,13.77,1257450.81,1690421.54
600908.SH,2016-10-13,13.38,13.47,12.86,12.97,763095.98,1006216.92
600908.SH,2016-10-14,13.0,13.97,12.83,13.25,791640.62,1061258.9
600908.SH,2016-10-17,13.0,13.05,12.43,12.55,532899.35,674576.76
600908.SH,2016-10-18,12.45,12.47,12.02,12.45,445247.41,546452.29
600908.SH,2016-10-19,12.35,12.47,12.12,12.29,240123.46,294383.52
600908.SH,2016-10-20,12.33,12.34,11.85,11.87,295790.4,356633.08
600908.SH,2016-10-21,11.8,11.95,11.4,11.51,303125.16,352609.88
600908.SH,2016-10-24,11.5,12.39,11.43,12.01,518358.26,620261.0
600908.SH,2016-10-25,11.87,12.2,11.62,12.01,358945.05,428391.8
600908.SH,2016-10-26,11.96,11.98,11.69,11.78,181156.92,214706.69
600908.SH,2016-10-27,11.77,12.07,11.77,11.89,175686.59,208944.57
600908.SH,2016-10-28,11.92,13.08,11.8,13.07,1006682.41,1304221.47
600908.SH,2016-10-31,13.0,13.95,12.17,13.59,1104850.4,1442102.39
600908.SH,2016-11-01,13.19,13.25,12.88,13.15,570720.6,746265.4
600908.SH,2016-11-02,13.0,13.13,12.62,12.91,411958.81,528187.85
600908.SH,2016-11-03,12.75,13.26,12.58,12.9,411607.07,534713.6
600908.SH,2016-11-04,12.8,13.1,12.72,12.81,258629.48,333399.99
600908.SH,2016-11-07,12.73,13.03,12.66,12.85,189500.35,243515.36
600908.SH,2016-11-08,12.96,13.65,12.8,13.24,501366.4,666370.68
600908.SH,2016-11-09,13.11,13.13,12.61,12.78,355866.3,457390.94
600908.SH,2016-11-10,12.95,14.06,12.84,13.62,674106.77,921483.39
600908.SH,2016-11-11,13.69,14.8,13.4,14.13,654864.38,916364.66
600908.SH,2016-11-14,13.8,15.18,13.69,14.46,598113.75,860297.14
600908.SH,2016-11-15,14.26,14.46,14.05,14.12,292430.76,415657.18
600908.SH,2016-11-16,14.15,14.54,14.05,14.15,234154.91,333102.42
600908.SH,2016-11-17,14.03,14.04,13.62,13.93,236729.53,326323.53
600908.SH,2016-11-18,13.86,13.91,13.35,13.43,198119.3,270314.13
600908.SH,2016-11-21,13.4,13.98,13.32,13.68,219199.31,301072.47
600908.SH,2016-11-22,13.59,13.9,13.5,13.84,191303.76,262344.4
600908.SH,2016-11-23,13.82,14.2,13.6,13.69,279954.14,389620.72
600908.SH,2016-11-24,13.55,13.68,13.36,13.42,181447.39,245220.92
600908.SH,2016-11-25,13.43,13.65,13.26,13.53,136659.68,183675.45
600908.SH,2016-11-28,13.57,13.74,13.49,13.54,137646.75,187160.94
600908.SH,2016-11-29,13.48,13.5,12.8,12.84,225255.67,295741.42
600908.SH,2016-11-30,12.75,12.81,12.53,12.58,140639.98,178188.42
600908.SH,2016-12-01,12.65,12.76,12.57,12.7,90956.19,115178.69
600908.SH,2016-12-02,12.67,12.69,12.38,12.4,111073.59,139063.9
600908.SH,2016-12-05,12.27,12.48,12.2,12.45,64348.46,79611.9
600908.SH,2016-12-06,12.46,12.63,12.46,12.51,62965.0,78999.43
600908.SH,2016-12-07,12.5,12.67,12.47,12.65,67096.68,84409.1
600908.SH,2016-12-08,12.62,13.35,12.61,12.93,195706.57,253333.04
600908.SH,2016-12-09,12.89,13.15,12.68,12.76,169493.75,218366.06
600908.SH,2016-12-12,12.72,12.88,11.85,11.94,160580.88,198882.93
600908.SH,2016-12-13,11.88,11.97,11.6,11.85,95283.59,112711.08
600908.SH,2016-12-14,11.8,11.96,11.66,11.76,75016.29,88726.81
600908.SH,2016-12-15,11.68,11.91,11.64,11.8,65705.02,77574.1
600908.SH,2016-12-16,11.78,11.85,11.69,11.8,46828.47,55199.13
600908.SH,2016-12-19,11.8,11.8,11.6,11.62,56765.27,66325.9
600908.SH,2016-12-20,11.61,11.65,11.37,11.43,67897.74,77902.7
600908.SH,2016-12-21,11.48,11.63,11.46,11.58,57041.33,65902.24
600908.SH,2016-12-22,11.52,11.6,11.4,11.45,48143.86,55163.64
600908.SH,2016-12-23,11.44,11.46,11.06,11.08,74721.0,83884.59
600908.SH,2016-12-26,10.97,11.18,10.77,11.16,73430.18,80456.66
600908.SH,2016-12-27,11.1,11.16,11.0,11.02,45946.71,50862.44
600908.SH,2016-12-28,11.0,11.08,10.88,10.93,31801.98,34912.13
600908.SH,2016-12-29,10.95,11.11,10.92,10.96,41561.86,45756.3
600908.SH,2016-12-30,10.95,11.09,10.92,10.93,31478.9,34561.13
600908.SH,2017-01-03,11.01,11.14,10.97,11.07,48352.67,53508.43
600908.SH,2017-01-04,11.08,11.13,10.87,11.12,46817.33,51778.98
600908.SH,2017-01-05,11.11,11.16,11.08,11.09,51819.43,57638.6
600908.SH,2017-01-06,11.07,11.13,10.87,10.88,58867.86,64509.41
600908.SH,2017-01-09,10.87,10.88,10.72,10.8,45086.07,48704.19
600908.SH,2017-01-10,10.8,10.82,10.63,10.65,47849.74,51366.77
600908.SH,2017-01-11,10.64,10.76,10.46,10.62,90496.52,96295.27
600908.SH,2017-01-12,10.54,10.69,10.42,10.45,45126.98,47591.73
600908.SH,2017-01-13,10.44,10.46,10.19,10.22,69363.01,71524.57
600908.SH,2017-01-16,10.2,10.21,9.51,9.78,105999.69,104557.0
600908.SH,2017-01-17,9.66,9.84,9.41,9.76,82496.12,79591.31
600908.SH,2017-01-18,9.71,9.74,9.51,9.52,61601.0,59169.9
600908.SH,2017-01-19,9.52,9.59,9.3,9.46,66898.33,63305.54
600908.SH,2017-01-20,9.42,9.82,9.42,9.7,83539.29,80677.03
600908.SH,2017-01-23,9.71,9.81,9.67,9.75,55251.29,53864.78
600908.SH,2017-01-24,9.75,9.82,9.7,9.71,32329.08,31508.88
600908.SH,2017-01-25,9.7,9.76,9.68,9.73,32470.97,31576.85
600908.SH,2017-01-26,9.75,9.89,9.74,9.87,45750.8,44974.36
600908.SH,2017-02-03,9.86,9.87,9.67,9.68,33314.48,32427.3
600908.SH,2017-02-06,9.68,9.95,9.53,9.94,72734.48,71343.94
600908.SH,2017-02-07,9.87,10.09,9.83,9.88,71972.08,71635.15
600908.SH,2017-02-08,9.83,10.27,9.69,10.24,158512.82,158830.91
600908.SH,2017-02-09,10.1,10.26,10.08,10.18,96097.17,97846.69
600908.SH,2017-02-10,10.17,11.14,10.15,10.67,271442.8,291555.49
600908.SH,2017-02-13,10.85,11.74,10.85,11.48,454643.25,522818.0
600908.SH,2017-02-14,11.58,11.74,11.01,11.47,375837.91,430814.5
600908.SH,2017-02-15,11.35,12.62,11.35,12.18,529204.28,640830.86
600908.SH,2017-02-16,11.99,12.8,11.82,12.32,447168.31,552799.68
600908.SH,2017-02-17,12.2,12.6,11.71,11.74,326613.07,396453.29
600908.SH,2017-02-20,11.6,12.91,11.42,12.91,507540.93,635317.22
600908.SH,2017-02-21,13.77,14.1,12.73,13.0,641205.44,854592.34
600908.SH,2017-02-22,12.56,12.75,12.24,12.45,375497.73,468090.87
600908.SH,2017-02-23,12.43,12.59,12.2,12.29,228876.91,282958.8
600908.SH,2017-02-24,12.29,12.85,12.21,12.67,265460.26,331435.41
600908.SH,2017-02-27,12.5,12.87,12.15,12.55,294659.67,369324.29
600908.SH,2017-02-28,12.49,13.81,12.45,13.81,249609.48,338071.25
600908.SH,2017-03-01,14.4,14.88,13.67,13.86,785848.14,1125070.3
600908.SH,2017-03-02,13.91,14.85,13.85,14.47,666853.66,954602.3
600908.SH,2017-03-03,14.17,14.27,13.66,13.78,381758.23,534603.99
600908.SH,2017-03-06,13.6,15.16,13.41,14.41,423713.84,608532.04
600908.SH,2017-03-07,14.2,14.85,14.12,14.66,414962.98,605148.61
600908.SH,2017-03-08,14.45,14.99,14.3,14.52,364154.64,530964.66
600908.SH,2017-03-09,14.4,14.85,14.31,14.49,292619.0,426424.58
600908.SH,2017-03-10,14.35,14.5,13.83,13.93,272454.17,383578.77
600908.SH,2017-03-13,13.98,14.09,13.67,13.92,153208.0,212666.78
600908.SH,2017-03-14,13.92,14.05,13.71,13.81,157452.67,217767.11
600908.SH,2017-03-15,13.86,14.04,13.7,13.77,143864.35,199074.77
600908.SH,2017-03-16,13.75,14.9,13.75,14.47,415925.01,600020.56
600908.SH,2017-03-17,14.32,14.37,13.64,13.66,339340.22,474922.37
600908.SH,2017-03-20,13.56,13.89,13.35,13.58,181767.69,246834.74
600908.SH,2017-03-21,13.5,13.5,13.21,13.34,136785.53,182566.29
600908.SH,2017-03-22,13.28,13.32,12.92,13.11,141935.84,186045.18
600908.SH,2017-03-23,13.18,13.36,12.94,13.21,142556.7,188016.38
600908.SH,2017-03-24,13.19,13.19,12.92,13.07,103333.56,134443.13
600908.SH,2017-03-27,13.08,13.44,12.93,13.2,122413.96,161446.09
600908.SH,2017-03-28,13.16,13.35,13.1,13.27,96778.02,127974.41
600908.SH,2017-03-29,13.26,13.3,12.72,12.73,130178.0,168521.47
600908.SH,2017-03-30,12.65,12.95,12.25,12.74,169668.64,212889.93
600908.SH,2017-03-31,12.72,14.01,12.53,14.01,670767.37,926206.17
600908.SH,2017-04-05,13.39,13.66,12.93,13.33,537281.15,711893.9
600908.SH,2017-04-06,13.09,13.24,13.01,13.15,189381.21,248459.03
600908.SH,2017-04-07,13.1,13.38,13.04,13.07,184440.62,243492.59
600908.SH,2017-04-10,12.87,13.6,12.59,13.38,366441.61,484280.59
600908.SH,2017-04-11,13.31,14.72,13.15,14.5,773479.54,1104145.2
600908.SH,2017-04-12,14.49,14.89,14.35,14.71,365901.99,536856.48
600908.SH,2017-04-13,14.81,15.15,14.66,14.75,185672.1,275646.52
600908.SH,2017-04-14,14.63,14.87,14.61,14.77,163345.6,240737.48
600908.SH,2017-04-17,14.5,15.72,13.29,15.6,539154.86,798321.32
600908.SH,2017-04-18,15.35,16.22,15.3,16.19,400020.97,633236.87
600908.SH,2017-04-19,16.2,16.47,15.8,16.37,233794.3,378798.49
600908.SH,2017-04-20,16.08,16.29,15.71,15.89,168063.94,267535.9
600908.SH,2017-04-21,15.8,16.19,15.02,16.09,242915.38,381914.44
600908.SH,2017-04-24,16.1,17.7,15.6,17.7,348369.72,593055.81
600908.SH,2017-04-25,17.86,19.43,17.5,19.15,390101.46,726949.79
600908.SH,2017-04-26,18.41,18.93,17.43,18.5,321485.44,578666.03
600908.SH,2017-04-27,17.7,17.7,16.65,16.65,411465.26,690657.27
600908.SH,2017-04-28,16.06,16.71,16.02,16.29,200025.53,327706.74
600908.SH,2017-05-02,16.49,17.92,16.38,17.92,379375.08,661061.62
600908.SH,2017-05-03,18.49,19.71,18.45,19.71,516753.2,1006634.16
600908.SH,2017-05-05,19.9,21.68,18.62,21.67,452442.35,954242.55
600908.SH,2017-05-08,21.4,23.84,20.25,23.8,326706.62,713783.72
600908.SH,2017-05-15,21.42,21.9,21.42,21.42,216376.0,463494.28
600908.SH,2017-05-16,20.7,20.7,19.28,20.05,451803.78,879847.54
600908.SH,2017-05-17,19.32,19.32,18.05,18.05,655165.6,1192400.72
600908.SH,2017-05-18,16.91,17.08,16.25,16.25,859658.52,1414160.97
600908.SH,2017-05-19,15.59,16.12,15.11,15.58,718500.48,1121923.23
600908.SH,2017-05-22,15.45,15.62,14.81,14.9,516606.65,785749.95
600908.SH,2017-05-23,14.81,15.33,14.36,14.49,566307.51,843301.73
600908.SH,2017-05-24,14.33,14.45,13.81,14.29,411830.42,582899.77
600908.SH,2017-05-25,14.36,14.95,14.21,14.65,555656.86,812035.2
600908.SH,2017-05-26,14.37,14.46,13.8,13.83,463552.86,651762.9
600908.SH,2017-05-31,14.05,14.15,13.43,13.54,347102.19,478384.04
600908.SH,2017-06-01,13.43,13.68,12.58,12.67,372871.27,492704.01
600908.SH,2017-06-02,12.45,12.82,12.01,12.72,302475.97,375677.75
600908.SH,2017-06-05,12.63,12.9,12.56,12.74,182572.63,232126.53
600908.SH,2017-06-06,12.6,12.68,12.28,12.42,234461.02,291439.09
600908.SH,2017-06-07,12.39,13.59,12.38,13.41,524337.46,684673.35
600908.SH,2017-06-08,13.25,13.34,13.03,13.13,309271.21,406339.72
600908.SH,2017-06-09,13.05,13.21,12.83,13.05,201767.34,262701.83
600908.SH,2017-06-12,12.83,13.16,12.54,12.64,226043.93,290251.05
600908.SH,2017-06-13,12.6,12.88,12.51,12.8,190084.35,241775.94
600908.SH,2017-06-14,12.75,12.85,12.56,12.65,158908.81,201516.36
600908.SH,2017-06-15,12.6,13.39,12.6,13.15,408100.17,535380.58
600908.SH,2017-06-16,13.05,13.11,12.87,13.01,236791.36,307129.87
600908.SH,2017-06-19,13.04,13.25,12.97,13.1,192526.12,252295.29
600908.SH,2017-06-20,13.1,13.31,13.03,13.29,245578.19,323532.28
600908.SH,2017-06-21,13.42,13.55,13.02,13.16,222931.03,293736.02
600908.SH,2017-06-22,13.05,13.67,13.0,13.26,427114.38,571343.59
600908.SH,2017-06-23,13.13,13.18,12.61,12.88,269857.57,347246.27
600908.SH,2017-06-26,12.8,12.96,12.73,12.87,140490.73,180207.66
600908.SH,2017-06-27,12.86,13.15,12.8,12.94,173633.4,225156.11
600908.SH,2017-06-28,12.9,13.27,12.76,13.15,269168.73,352096.52
600908.SH,2017-06-29,13.15,13.3,13.03,13.07,218742.19,287164.89
600908.SH,2017-06-30,12.95,13.01,12.7,12.84,163091.66,209487.63
600908.SH,2017-07-03,12.8,12.99,12.73,12.98,146754.77,188470.78
600908.SH,2017-07-04,12.95,13.14,12.87,12.95,185890.79,241361.26
600908.SH,2017-07-05,12.9,12.97,12.76,12.89,153389.19,196916.53
600908.SH,2017-07-06,12.9,12.99,12.78,12.87,142215.69,183208.23
600908.SH,2017-07-07,12.96,13.1,12.78,12.84,190561.67,245648.52
600908.SH,2017-07-10,12.7,12.73,12.35,12.39,234568.78,293031.8
600908.SH,2017-07-11,12.34,12.49,12.29,12.34,116311.99,144359.81
600908.SH,2017-07-12,12.37,12.38,12.02,12.12,139682.0,170062.56
600908.SH,2017-07-13,12.12,12.32,11.94,12.22,174427.69,211602.06
600908.SH,2017-07-14,12.2,12.2,12.0,12.03,111512.67,134461.43
600908.SH,2017-07-17,12.03,12.32,11.25,11.53,247927.0,294401.6
600908.SH,2017-07-18,11.31,11.72,11.3,11.57,116934.0,134660.45
600908.SH,2017-07-19,11.61,11.74,11.46,11.66,142823.69,165799.88
600908.SH,2017-07-20,11.65,11.72,11.53,11.63,121254.02,141098.39
600908.SH,2017-07-21,11.58,11.58,11.25,11.29,141568.02,161417.1
600908.SH,2017-07-24,11.19,11.37,11.14,11.3,78688.0,88629.69
600908.SH,2017-07-25,11.3,11.39,11.18,11.24,83400.0,94079.36
600908.SH,2017-07-26,11.2,11.31,10.95,11.03,108468.0,120557.32
600908.SH,2017-07-27,11.03,11.13,10.71,11.1,149630.12,163670.3
600908.SH,2017-07-28,11.0,11.04,10.93,10.94,85166.0,93488.98
600908.SH,2017-07-31,10.94,10.97,10.8,10.87,79566.0,86597.47
600908.SH,2017-08-01,10.84,11.8,10.84,11.64,351977.67,405967.71
600908.SH,2017-08-02,11.43,12.49,11.39,12.22,477448.21,566544.27
600908.SH,2017-08-03,12.15,12.15,11.8,11.87,242621.02,289562.39
600908.SH,2017-08-04,11.81,12.04,11.73,11.74,140055.5,165842.43
600908.SH,2017-08-07,11.62,11.66,11.48,11.64,89759.78,103979.48
600908.SH,2017-08-08,11.56,11.74,11.5,11.63,98703.02,114463.16
600908.SH,2017-08-09,11.58,11.6,11.36,11.4,106340.45,121819.21
600908.SH,2017-08-10,11.4,11.86,11.37,11.64,183811.52,214861.33
600908.SH,2017-08-11,11.5,11.58,11.08,11.16,148816.5,168398.97
600908.SH,2017-08-14,11.19,11.32,11.14,11.27,66961.0,75246.23
600908.SH,2017-08-15,11.26,11.63,11.24,11.44,123073.0,141385.44
600908.SH,2017-08-16,11.33,11.45,11.2,11.4,99861.0,112929.75
600908.SH,2017-08-17,11.39,11.5,11.3,11.44,80856.0,92214.72
600908.SH,2017-08-18,11.39,11.44,11.3,11.32,70015.0,79415.89
600908.SH,2017-08-21,11.3,11.38,11.28,11.36,65104.79,73681.32
600908.SH,2017-08-22,11.36,11.58,11.31,11.44,115209.0,131781.84
600908.SH,2017-08-23,11.43,11.73,11.33,11.56,167795.63,193338.45
600908.SH,2017-08-24,11.5,11.68,11.33,11.36,120912.3,139004.6
600908.SH,2017-08-25,11.3,11.55,11.27,11.53,127574.82,145958.73
600908.SH,2017-08-28,11.5,12.34,11.5,11.97,358340.95,426411.91
600908.SH,2017-08-29,11.89,11.94,11.67,11.79,184457.15,217206.44
600908.SH,2017-08-30,11.71,11.85,11.6,11.66,121732.02,142616.04
600908.SH,2017-08-31,11.66,11.85,11.62,11.73,120797.33,141732.16
600908.SH,2017-09-01,11.68,11.72,11.57,11.67,116702.0,135677.73
600908.SH,2017-09-04,11.56,11.56,11.35,11.4,136835.44,156146.58
600908.SH,2017-09-05,11.35,11.45,11.31,11.35,92168.0,104854.56
600908.SH,2017-09-06,11.35,11.36,11.15,11.22,104930.33,117879.63
600908.SH,2017-09-07,11.22,11.32,11.18,11.29,71139.31,80115.24
600908.SH,2017-09-08,11.25,11.33,11.16,11.2,72621.81,81603.81
600908.SH,2017-09-11,11.15,11.22,11.12,11.19,70846.16,79090.96
600908.SH,2017-09-12,11.23,11.29,11.12,11.16,76724.3,85831.97
600908.SH,2017-09-13,11.13,11.67,11.12,11.42,188953.06,215418.04
600908.SH,2017-09-14,11.3,11.36,11.16,11.18,122394.3,137763.75
600908.SH,2017-09-15,11.12,11.25,11.12,11.2,78915.06,88104.19
600908.SH,2017-09-18,11.16,11.22,11.16,11.2,62360.3,69741.41
600908.SH,2017-09-19,11.18,11.52,11.16,11.4,219302.99,250015.51
600908.SH,2017-09-20,11.24,11.28,11.15,11.23,137163.27,153509.2
600908.SH,2017-09-21,11.18,11.31,11.15,11.16,104041.77,116579.05
600908.SH,2017-09-22,11.15,11.17,10.8,10.84,147579.0,162078.24
600908.SH,2017-09-25,9.81,10.04,9.76,9.76,609570.35,601226.58
600908.SH,2017-09-26,9.4,9.46,9.12,9.26,580414.93,539440.83
600908.SH,2017-09-27,9.2,9.38,9.14,9.3,254858.04,236789.21
600908.SH,2017-09-28,9.27,9.3,9.14,9.15,193164.1,177999.53
600908.SH,2017-09-29,9.15,9.28,9.14,9.19,183889.49,169155.07
600908.SH,2017-10-09,9.4,9.44,9.28,9.35,242009.04,226248.72
600908.SH,2017-10-10,9.29,9.38,9.28,9.38,187887.46,175513.56
600908.SH,2017-10-11,9.39,9.41,9.33,9.34,161149.41,150902.73
600908.SH,2017-10-12,9.32,9.36,9.2,9.25,139383.44,129325.86
600908.SH,2017-10-13,9.24,9.3,9.2,9.26,131093.52,121184.54
600908.SH,2017-10-16,9.26,9.28,9.13,9.17,155907.43,143700.58
600908.SH,2017-10-17,9.19,9.19,9.05,9.08,115437.26,104995.89
600908.SH,2017-10-18,9.08,9.18,9.05,9.07,145389.64,132334.23
600908.SH,2017-10-19,9.05,9.05,8.76,8.78,212002.04,188034.45
600908.SH,2017-10-20,8.75,8.83,8.68,8.83,159973.08,139768.1
600908.SH,2017-10-23,8.79,8.87,8.76,8.83,111681.65,98390.13
600908.SH,2017-10-24,8.84,8.85,8.67,8.74,132297.41,115579.14
600908.SH,2017-10-25,8.72,9.04,8.71,8.95,263862.35,235068.91
600908.SH,2017-10-26,8.9,8.97,8.85,8.94,148361.0,132270.85
600908.SH,2017-10-27,8.94,9.1,8.92,8.99,207101.68,186953.18
600908.SH,2017-10-30,8.96,8.96,8.53,8.58,240749.55,208832.71
600908.SH,2017-10-31,8.63,8.66,8.56,8.64,90313.53,77754.3
600908.SH,2017-11-01,8.6,8.69,8.6,8.65,82754.76,71513.63
600908.SH,2017-11-02,8.68,8.68,8.55,8.61,88061.38,75664.61
600908.SH,2017-11-03,8.59,8.59,8.35,8.39,138233.25,116637.53
600908.SH,2017-11-06,8.37,8.42,8.22,8.38,98405.03,81770.53
600908.SH,2017-11-07,8.38,8.55,8.29,8.5,133832.03,113051.76
600908.SH,2017-11-08,8.54,8.6,8.42,8.52,129602.69,110373.87
600908.SH,2017-11-09,8.46,8.57,8.45,8.5,79803.2,67908.66
600908.SH,2017-11-10,8.49,8.5,8.35,8.38,140512.48,117904.66
600908.SH,2017-11-13,8.38,9.1,8.37,8.79,442914.14,389250.96
600908.SH,2017-11-14,8.7,8.75,8.57,8.62,201005.94,173441.88
600908.SH,2017-11-15,8.57,8.73,8.56,8.63,152912.59,132098.78
600908.SH,2017-11-16,8.57,8.57,8.36,8.37,172747.1,145702.33
600908.SH,2017-11-17,8.34,8.56,8.25,8.28,167989.87,141284.53
600908.SH,2017-11-20,8.08,8.14,7.71,8.11,146228.07,116661.45
600908.SH,2017-11-21,8.07,8.24,8.01,8.11,117964.8,95991.39
600908.SH,2017-11-22,8.15,8.29,8.09,8.13,124418.35,101839.26
600908.SH,2017-11-23,8.1,8.16,7.86,7.88,127244.38,101946.35
600908.SH,2017-11-24,7.86,7.95,7.76,7.8,103987.95,81417.11
600908.SH,2017-11-27,7.77,7.8,7.61,7.64,110368.67,84732.43
600908.SH,2017-11-28,7.62,7.74,7.58,7.71,77633.89,59710.19
600908.SH,2017-11-29,7.71,8.2,7.69,7.94,220529.27,174075.23
600908.SH,2017-11-30,7.86,8.44,7.85,8.21,328966.86,267380.4
600908.SH,2017-12-01,8.13,8.2,8.06,8.09,196805.94,159993.37
600908.SH,2017-12-04,8.05,8.1,7.94,8.02,112098.63,89820.2
600908.SH,2017-12-05,7.99,8.06,7.86,7.86,115412.0,91750.76
600908.SH,2017-12-06,7.86,7.95,7.8,7.92,90583.22,71315.96
600908.SH,2017-12-07,7.91,8.01,7.82,7.87,86468.42,68551.22
600908.SH,2017-12-08,7.84,7.96,7.79,7.95,99532.9,78544.17
600908.SH,2017-12-11,7.95,8.04,7.9,8.02,94689.93,75565.21
600908.SH,2017-12-12,8.02,8.02,7.8,7.83,103332.68,81543.8
600908.SH,2017-12-13,7.8,7.9,7.8,7.87,47517.05,37335.37
600908.SH,2017-12-14,7.87,8.02,7.83,7.89,66459.87,52656.59
600908.SH,2017-12-15,7.85,7.89,7.77,7.82,68039.57,53235.4
600908.SH,2017-12-18,7.79,7.85,7.71,7.75,54436.0,42348.49
600908.SH,2017-12-19,7.75,8.1,7.75,8.0,191676.18,152651.51
600908.SH,2017-12-20,7.93,7.98,7.79,7.81,110105.28,86684.26
600908.SH,2017-12-21,7.76,7.92,7.74,7.81,93368.05,73202.94
600908.SH,2017-12-22,7.78,7.8,7.72,7.75,66791.06,51809.86
600908.SH,2017-12-25,7.75,7.79,7.69,7.72,67841.47,52491.72
600908.SH,2017-12-26,7.7,7.9,7.66,7.81,117392.1,91427.08
600908.SH,2017-12-27,7.79,7.82,7.7,7.73,93482.71,72566.53
600908.SH,2017-12-28,7.73,8.05,7.71,7.87,190966.05,150911.4
600908.SH,2017-12-29,7.84,7.91,7.8,7.87,103073.33,80973.89
600908.SH,2018-01-02,7.9,7.96,7.88,7.92,107752.69,85344.75
600908.SH,2018-01-03,7.92,8.08,7.86,8.07,222724.6,177892.43
600908.SH,2018-01-04,8.05,8.54,8.02,8.31,433326.25,358797.82
600908.SH,2018-01-05,8.24,8.27,8.14,8.17,205514.64,168229.23
600908.SH,2018-01-08,8.15,8.24,8.13,8.2,130470.05,106753.0
600908.SH,2018-01-09,8.18,8.27,8.14,8.16,114974.7,94141.62
600908.SH,2018-01-10,8.2,8.24,8.13,8.19,127072.91,103959.79
600908.SH,2018-01-11,8.16,8.22,8.06,8.12,112445.14,91441.45
600908.SH,2018-01-12,8.11,8.14,8.01,8.03,88580.48,71487.76
600908.SH,2018-01-15,8.03,8.09,7.9,7.91,130340.99,104219.11
600908.SH,2018-01-16,7.9,8.02,7.87,8.0,83830.0,66614.13
600908.SH,2018-01-17,8.01,8.54,8.01,8.26,375496.06,311266.09
600908.SH,2018-01-18,8.26,8.69,8.22,8.64,571471.93,487552.16
600908.SH,2018-01-19,8.66,9.5,8.55,9.5,1266403.48,1170809.1
600908.SH,2018-01-22,9.3,9.3,8.9,8.92,797184.25,723304.35
600908.SH,2018-01-23,8.8,9.47,8.56,9.24,830432.16,754726.17
600908.SH,2018-01-24,9.19,9.34,8.92,9.13,557721.84,508095.77
600908.SH,2018-01-25,9.0,9.04,8.78,8.93,330665.66,294246.88
600908.SH,2018-01-26,8.9,9.13,8.88,9.0,346926.64,313335.28
600908.SH,2018-01-29,8.95,9.14,8.77,8.9,401770.22,360219.75
600908.SH,2018-01-30,8.8,8.9,8.57,8.73,311081.29,271994.35
600908.SH,2018-01-31,8.7,8.87,8.64,8.8,257013.6,225251.55
600908.SH,2018-02-01,8.75,8.84,8.05,8.07,371700.47,311725.13
600908.SH,2018-02-02,8.04,8.16,7.73,8.09,212217.75,169766.66
600908.SH,2018-02-05,7.9,8.36,7.87,8.31,229931.33,189234.92
600908.SH,2018-02-06,8.15,8.52,7.99,8.0,298945.63,247279.15
600908.SH,2018-02-07,8.15,8.47,8.11,8.24,321954.94,265829.82
600908.SH,2018-02-08,8.17,8.23,7.95,8.09,214762.38,173365.39
600908.SH,2018-02-09,7.92,7.94,7.47,7.64,258747.64,199325.3
600908.SH,2018-02-12,7.67,7.85,7.62,7.75,109572.53,84657.69
600908.SH,2018-02-13,7.78,7.87,7.67,7.7,109902.91,85678.98
600908.SH,2018-02-14,7.73,7.75,7.58,7.65,78950.93,60377.68
600908.SH,2018-02-22,7.72,7.82,7.72,7.81,92075.55,71630.82
600908.SH,2018-02-23,7.79,7.87,7.74,7.84,94005.0,73387.95
600908.SH,2018-02-26,7.87,8.02,7.79,8.01,148650.5,117802.24
600908.SH,2018-02-27,7.97,8.02,7.89,7.95,130804.31,103895.73
600908.SH,2018-02-28,7.87,7.91,7.78,7.86,130620.12,102370.4
600908.SH,2018-03-01,7.79,7.91,7.74,7.89,100219.01,78712.67
600908.SH,2018-03-02,7.81,7.99,7.79,7.9,158132.12,124796.79
600908.SH,2018-03-05,7.86,7.91,7.79,7.82,105941.21,82880.38
600908.SH,2018-03-06,7.84,7.93,7.78,7.93,136032.88,106954.85
600908.SH,2018-03-07,8.02,8.06,7.86,7.87,172940.55,138141.5
600908.SH,2018-03-08,7.83,7.88,7.82,7.87,94734.33,74348.72
600908.SH,2018-03-09,7.85,7.93,7.82,7.91,101978.12,80245.75
600908.SH,2018-03-12,7.95,8.02,7.88,8.01,166436.18,132330.2
600908.SH,2018-03-13,8.0,8.13,7.94,7.96,170223.89,136674.14
600908.SH,2018-03-14,7.91,7.94,7.81,7.82,123651.94,97205.6
600908.SH,2018-03-15,7.78,7.78,7.62,7.68,149375.51,114610.55
600908.SH,2018-03-16,7.66,7.7,7.62,7.63,68151.33,52222.8
600908.SH,2018-03-19,7.63,7.69,7.61,7.65,55089.54,42104.38
600908.SH,2018-03-20,7.61,7.65,7.56,7.62,87480.88,66427.1
600908.SH,2018-03-21,7.62,7.71,7.59,7.61,90134.93,68955.58
600908.SH,2018-03-22,7.6,7.62,7.51,7.53,81446.57,61452.34
600908.SH,2018-03-23,7.37,7.37,6.93,7.03,163819.41,117606.97
600908.SH,2018-03-26,6.9,7.07,6.75,7.06,99984.61,69540.9
600908.SH,2018-03-27,7.1,7.18,7.08,7.13,95329.61,67906.49
600908.SH,2018-03-28,7.06,7.48,7.03,7.22,147881.42,107744.88
600908.SH,2018-03-29,7.17,7.3,7.1,7.26,141663.0,102053.6
600908.SH,2018-03-30,7.24,7.26,7.17,7.18,93754.35,67567.65
600908.SH,2018-04-02,7.21,7.25,7.11,7.12,82545.71,59281.93
600908.SH,2018-04-03,7.01,7.08,6.96,7.03,76482.21,53680.44
600908.SH,2018-04-04,7.05,7.19,7.04,7.06,83183.43,59140.6
600908.SH,2018-04-09,7.02,7.09,6.97,7.05,62338.29,43842.6
600908.SH,2018-04-10,7.07,7.24,7.05,7.19,129197.13,92136.12
600908.SH,2018-04-11,7.19,7.26,7.14,7.2,129769.36,93373.93
600908.SH,2018-04-12,7.15,7.18,7.06,7.12,87026.81,62010.0
600908.SH,2018-04-13,7.15,7.17,7.06,7.07,57824.04,41046.52
600908.SH,2018-04-16,7.04,7.05,6.93,6.94,77318.0,53977.84
600908.SH,2018-04-17,6.95,7.01,6.86,6.87,71413.72,49569.3
600908.SH,2018-04-18,7.0,7.03,6.88,6.96,72944.16,50698.14
600908.SH,2018-04-19,6.95,7.01,6.9,6.95,58915.46,40970.45
600908.SH,2018-04-20,6.94,6.95,6.77,6.79,75504.32,51694.72
600908.SH,2018-04-23,6.79,6.83,6.71,6.78,56940.59,38500.34
600908.SH,2018-04-24,6.77,6.99,6.76,6.9,99133.71,68340.7
600908.SH,2018-04-25,6.86,6.87,6.81,6.85,64804.41,44261.47
600908.SH,2018-04-26,6.84,6.85,6.72,6.73,60388.39,40871.9
600908.SH,2018-04-27,6.74,6.82,6.74,6.79,45091.38,30576.74
600908.SH,2018-05-02,6.8,6.85,6.74,6.81,49174.8,33387.76
600908.SH,2018-05-03,6.8,6.83,6.72,6.82,73021.68,49476.59
600908.SH,2018-05-04,6.81,6.82,6.75,6.77,48608.14,32956.89
600908.SH,2018-05-07,6.77,6.84,6.77,6.83,64875.81,44163.74
600908.SH,2018-05-08,6.84,6.89,6.8,6.88,86464.43,59341.13
600908.SH,2018-05-09,6.87,6.87,6.8,6.85,63079.64,43082.26
600908.SH,2018-05-10,6.86,6.89,6.83,6.88,70661.15,48491.83
600908.SH,2018-05-11,6.88,6.93,6.85,6.86,62049.27,42734.85
600908.SH,2018-05-14,6.85,6.97,6.82,6.89,88583.49,61028.78
600908.SH,2018-05-15,6.9,6.91,6.83,6.89,64385.0,44138.25
600908.SH,2018-05-16,6.88,6.91,6.84,6.85,51931.9,35637.25
600908.SH,2018-05-17,6.86,6.87,6.82,6.84,36871.0,25225.63
600908.SH,2018-05-18,6.83,6.9,6.82,6.89,49739.38,34122.25
600908.SH,2018-05-21,6.9,6.98,6.88,6.95,90523.2,62756.75
600908.SH,2018-05-22,6.94,7.01,6.9,7.01,95698.8,66540.32
600908.SH,2018-05-23,7.0,7.01,6.87,6.87,58662.3,40703.46
600908.SH,2018-05-24,6.88,6.92,6.83,6.84,40759.0,28001.95
600908.SH,2018-05-25,6.84,6.86,6.8,6.81,38375.04,26183.82
600908.SH,2018-05-28,6.8,6.84,6.72,6.73,45786.0,30924.45
600908.SH,2018-05-29,6.73,6.76,6.65,6.7,56823.36,38066.52
600908.SH,2018-05-30,6.63,6.74,6.55,6.57,77845.43,51481.93
600908.SH,2018-05-31,6.61,6.68,6.58,6.64,48460.84,32105.6
600908.SH,2018-06-01,6.63,6.66,6.56,6.6,53334.41,35224.55
600908.SH,2018-06-04,6.64,6.66,6.59,6.62,56453.79,37351.82
600908.SH,2018-06-05,6.47,6.51,6.4,6.48,70236.48,45289.5
600908.SH,2018-06-06,6.46,6.48,6.41,6.47,45388.77,29249.6
600908.SH,2018-06-07,6.48,6.52,6.44,6.45,50182.95,32543.82
600908.SH,2018-06-08,6.45,6.45,6.25,6.27,65548.0,41480.45
600908.SH,2018-06-11,6.21,6.29,6.2,6.26,59638.5,37221.23
600908.SH,2018-06-12,6.26,6.31,6.19,6.27,47838.62,29927.07
600908.SH,2018-06-13,6.27,6.32,6.18,6.19,37931.18,23724.54
600908.SH,2018-06-14,6.17,6.25,6.17,6.18,36763.92,22799.14
600908.SH,2018-06-15,6.19,6.24,6.14,6.15,45232.0,27958.04
600908.SH,2018-06-19,6.09,6.09,5.59,5.67,94980.09,55517.03
600908.SH,2018-06-20,5.67,5.82,5.67,5.76,67790.2,38978.79
600908.SH,2018-06-21,5.78,5.85,5.68,5.69,72121.64,41573.8
600908.SH,2018-06-22,5.65,5.77,5.63,5.77,49916.04,28570.54
600908.SH,2018-06-25,5.86,5.91,5.76,5.78,59445.09,34676.29
600908.SH,2018-06-26,5.67,5.76,5.63,5.75,48635.18,27780.36
600908.SH,2018-06-27,5.75,5.98,5.75,5.8,103240.56,60468.35
600908.SH,2018-06-28,5.78,5.86,5.69,5.76,50118.03,28935.0
600908.SH,2018-06-29,5.75,5.92,5.73,5.89,65811.47,38412.71
600908.SH,2018-07-02,5.86,5.92,5.74,5.78,54396.54,31699.11
600908.SH,2018-07-03,5.77,5.86,5.74,5.85,52952.97,30772.64
600908.SH,2018-07-04,5.82,5.9,5.79,5.8,47769.32,27827.65
600908.SH,2018-07-05,5.77,5.81,5.61,5.64,59254.09,33765.68
600908.SH,2018-07-06,5.63,5.72,5.53,5.66,48228.96,27199.12
600908.SH,2018-07-09,5.66,5.79,5.65,5.78,52194.0,29971.33
600908.SH,2018-07-10,5.77,5.79,5.71,5.76,39017.99,22422.17
600908.SH,2018-07-11,5.7,5.7,5.55,5.59,54939.29,30844.82
600908.SH,2018-07-12,5.6,5.72,5.6,5.71,58375.47,33206.34
600908.SH,2018-07-13,5.75,5.75,5.67,5.7,40229.0,22947.32
600908.SH,2018-07-16,5.69,5.7,5.64,5.67,27172.0,15383.43
600908.SH,2018-07-17,5.67,5.69,5.63,5.68,27091.0,15330.02
600908.SH,2018-07-18,5.69,5.72,5.64,5.66,27048.93,15375.56
600908.SH,2018-07-19,5.65,5.68,5.58,5.59,39569.0,22271.66
600908.SH,2018-07-20,5.59,6.14,5.53,6.04,258603.59,153539.08
600908.SH,2018-07-23,5.91,6.15,5.86,6.04,260713.86,156706.69
600908.SH,2018-07-24,5.96,6.09,5.95,5.99,160409.93,96404.01
600908.SH,2018-07-25,5.97,6.04,5.94,5.99,78802.55,47165.11
600908.SH,2018-07-26,6.0,6.02,5.91,5.91,67109.76,39923.92
600908.SH,2018-07-27,5.9,5.95,5.85,5.88,53485.53,31552.12
600908.SH,2018-07-30,5.88,5.96,5.85,5.88,45493.01,26835.97
600908.SH,2018-07-31,5.89,6.22,5.86,6.04,142587.3,85909.6
600908.SH,2018-08-01,6.01,6.04,5.83,5.85,110181.7,65377.0
600908.SH,2018-08-02,5.83,5.84,5.6,5.7,87235.38,49844.28
600908.SH,2018-08-03,5.66,5.75,5.65,5.66,52116.31,29698.76
600908.SH,2018-08-06,5.62,5.76,5.62,5.64,57669.98,32835.44
600908.SH,2018-08-07,5.67,5.81,5.64,5.8,73129.49,41933.64
600908.SH,2018-08-08,5.79,5.79,5.68,5.69,54705.3,31326.72
600908.SH,2018-08-09,5.68,5.82,5.67,5.78,69013.48,39799.42
600908.SH,2018-08-10,5.77,5.8,5.73,5.77,37423.98,21554.63
600908.SH,2018-08-13,5.7,5.75,5.65,5.73,46923.58,26707.04
600908.SH,2018-08-14,5.71,5.75,5.69,5.73,30760.3,17608.81
600908.SH,2018-08-15,5.73,5.74,5.61,5.64,51429.5,29079.18
600908.SH,2018-08-16,5.61,5.7,5.56,5.64,53729.22,30192.59
600908.SH,2018-08-17,5.65,5.68,5.54,5.55,37509.55,21026.38
600908.SH,2018-08-20,5.56,5.61,5.54,5.61,33707.63,18805.06
600908.SH,2018-08-21,5.6,5.68,5.59,5.63,37690.08,21249.05
600908.SH,2018-08-22,5.62,5.63,5.57,5.59,26569.92,14865.98
600908.SH,2018-08-23,5.59,5.66,5.57,5.61,31358.01,17616.72
600908.SH,2018-08-24,5.6,5.92,5.59,5.73,134905.11,77555.18
600908.SH,2018-08-27,5.69,5.77,5.68,5.76,87948.58,50345.73
600908.SH,2018-08-28,5.76,5.77,5.71,5.74,45178.75,25900.74
600908.SH,2018-08-29,5.74,5.79,5.72,5.75,40024.09,23044.77
600908.SH,2018-08-30,5.75,5.81,5.7,5.78,67800.39,39028.18
600908.SH,2018-08-31,5.77,5.81,5.71,5.75,55059.73,31744.39
600908.SH,2018-09-03,5.72,5.76,5.68,5.74,34063.57,19470.92
600908.SH,2018-09-04,5.72,5.82,5.7,5.8,67834.34,39203.4
600908.SH,2018-09-05,5.79,5.8,5.68,5.68,52930.6,30426.22
600908.SH,2018-09-06,5.68,5.72,5.64,5.65,33439.03,18963.68
600908.SH,2018-09-07,5.68,5.77,5.66,5.69,42817.97,24496.44
600908.SH,2018-09-10,5.69,5.72,5.65,5.66,31690.01,17983.71
600908.SH,2018-09-11,5.66,5.74,5.64,5.68,46995.57,26732.44
600908.SH,2018-09-12,5.69,5.74,5.67,5.71,47513.72,27116.03
600908.SH,2018-09-13,5.74,5.77,5.67,5.75,52867.49,30211.3
600908.SH,2018-09-14,5.74,5.74,5.67,5.69,45048.0,25712.5
600908.SH,2018-09-17,5.66,5.66,5.59,5.61,46746.82,26285.56
600908.SH,2018-09-18,5.61,5.68,5.57,5.67,48367.05,27254.65
600908.SH,2018-09-19,5.65,5.73,5.63,5.7,58249.89,33171.0
600908.SH,2018-09-20,5.7,5.73,5.68,5.71,40846.75,23316.02
600908.SH,2018-09-21,5.73,5.9,5.68,5.85,146328.47,84974.74
600908.SH,2018-09-25,5.81,5.82,5.77,5.81,71615.82,41538.7
600908.SH,2018-09-26,5.81,5.88,5.8,5.82,73232.23,42764.43
600908.SH,2018-09-27,5.8,5.81,5.73,5.73,50103.14,28896.61
600908.SH,2018-09-28,5.75,5.92,5.73,5.88,130253.35,76157.7
600908.SH,2018-10-08,5.8,5.82,5.69,5.71,83039.24,47857.16
600908.SH,2018-10-09,5.74,5.74,5.66,5.68,57256.27,32585.83
600908.SH,2018-10-10,5.67,5.72,5.62,5.67,45435.15,25756.73
600908.SH,2018-10-11,5.56,5.57,5.16,5.2,143163.13,76583.81
600908.SH,2018-10-12,5.16,5.25,5.11,5.2,100520.44,52125.81
600908.SH,2018-10-15,5.2,5.2,5.05,5.08,81689.41,41912.93
600908.SH,2018-10-16,5.07,5.13,5.0,5.04,62087.13,31385.17
600908.SH,2018-10-17,5.07,5.09,5.0,5.07,47375.15,23951.87
600908.SH,2018-10-18,5.06,5.06,4.88,4.88,61109.89,30231.87
600908.SH,2018-10-19,4.84,4.99,4.82,4.97,53703.91,26445.65
600908.SH,2018-10-22,4.98,5.37,4.98,5.31,175407.43,91773.4
600908.SH,2018-10-23,5.28,5.31,5.16,5.18,96234.95,50297.14
600908.SH,2018-10-24,5.14,5.7,5.12,5.53,384183.58,212695.64
600908.SH,2018-10-25,5.34,5.9,5.3,5.82,349178.2,195135.62
600908.SH,2018-10-26,5.75,5.77,5.54,5.63,257420.4,145314.78
600908.SH,2018-10-29,5.6,5.67,5.43,5.46,121340.92,67115.51
600908.SH,2018-10-30,5.46,5.77,5.44,5.67,223787.47,126063.12
600908.SH,2018-10-31,5.64,5.71,5.56,5.61,149137.83,84011.35
600908.SH,2018-11-01,5.65,5.95,5.62,5.68,223494.8,128895.44
600908.SH,2018-11-02,5.75,6.03,5.69,5.91,300714.48,176592.82
600908.SH,2018-11-05,5.89,5.9,5.75,5.84,175480.49,102092.94
600908.SH,2018-11-06,5.82,5.82,5.7,5.77,92596.42,53169.5
600908.SH,2018-11-07,5.77,5.82,5.63,5.66,119487.95,68365.37
600908.SH,2018-11-08,5.73,5.75,5.63,5.67,93002.9,52951.31
600908.SH,2018-11-09,5.64,5.67,5.58,5.62,70089.96,39380.55
600908.SH,2018-11-12,5.59,5.72,5.59,5.72,65815.16,37335.65
600908.SH,2018-11-13,5.64,5.9,5.62,5.84,158402.55,91380.43
600908.SH,2018-11-14,5.82,5.85,5.72,5.72,110578.02,63911.32
600908.SH,2018-11-15,5.69,5.87,5.69,5.87,156683.17,91066.23
600908.SH,2018-11-16,5.88,6.05,5.77,5.94,253054.07,149907.6
600908.SH,2018-11-19,5.91,6.19,5.9,6.15,311547.47,189222.82
600908.SH,2018-11-20,6.05,6.1,5.83,5.84,206072.63,122891.17
600908.SH,2018-11-21,5.78,5.9,5.76,5.88,99381.94,58086.37
600908.SH,2018-11-22,5.88,5.88,5.77,5.78,77043.21,44773.5
600908.SH,2018-11-23,5.75,5.82,5.58,5.58,118513.43,67252.06
600908.SH,2018-11-26,5.58,5.74,5.56,5.65,81730.11,46334.96
600908.SH,2018-11-27,5.68,5.71,5.57,5.6,56093.7,31651.31
600908.SH,2018-11-28,5.6,5.76,5.59,5.74,102243.2,58266.71
600908.SH,2018-11-29,5.74,5.77,5.59,5.61,82800.0,47026.87
600908.SH,2018-11-30,5.6,5.65,5.51,5.6,64948.77,36295.12
600908.SH,2018-12-03,5.71,5.8,5.68,5.77,114705.47,65930.19
600908.SH,2018-12-04,5.73,5.8,5.73,5.8,71286.27,41066.5
600908.SH,2018-12-05,5.7,5.74,5.66,5.7,57481.87,32781.07
600908.SH,2018-12-06,5.66,5.68,5.6,5.62,52702.0,29669.91
600908.SH,2018-12-07,5.64,5.65,5.58,5.6,29717.18,16686.12
600908.SH,2018-12-10,5.58,5.59,5.53,5.55,34526.15,19191.84
600908.SH,2018-12-11,5.56,5.69,5.56,5.64,45063.82,25371.84
600908.SH,2018-12-12,5.65,5.72,5.64,5.67,52643.34,29877.25
600908.SH,2018-12-13,5.7,5.82,5.63,5.75,99999.56,57450.55
600908.SH,2018-12-14,5.74,5.77,5.6,5.61,73304.49,41601.28
600908.SH,2018-12-17,5.55,5.67,5.55,5.66,45575.8,25608.85
600908.SH,2018-12-18,5.65,5.7,5.55,5.61,39948.26,22412.77
600908.SH,2018-12-19,5.61,5.64,5.51,5.52,45278.45,25191.44
600908.SH,2018-12-20,5.52,5.55,5.37,5.4,79896.95,43355.81
600908.SH,2018-12-21,5.39,5.4,5.28,5.32,59625.29,31776.71
600908.SH,2018-12-24,5.32,5.37,5.28,5.36,35561.28,19001.52
600908.SH,2018-12-25,5.3,5.31,5.17,5.28,59497.65,31157.41
600908.SH,2018-12-26,5.28,5.32,5.23,5.24,31833.33,16750.98
600908.SH,2018-12-27,5.32,5.33,5.22,5.23,33748.85,17861.0
600908.SH,2018-12-28,5.22,5.32,5.22,5.24,30987.96,16313.07
600908.SH,2019-01-02,5.27,5.27,5.2,5.22,26880.04,14053.04
600908.SH,2019-01-03,5.21,5.37,5.21,5.29,68523.59,36372.53
600908.SH,2019-01-04,5.25,5.58,5.23,5.5,129135.21,70352.12
600908.SH,2019-01-07,5.52,5.56,5.44,5.5,74648.66,40900.18
600908.SH,2019-01-08,5.46,5.5,5.42,5.44,51241.01,27959.78
600908.SH,2019-01-09,5.47,5.55,5.45,5.46,81164.31,44733.95
600908.SH,2019-01-10,5.44,5.45,5.38,5.41,57700.0,31202.49
600908.SH,2019-01-11,5.39,5.46,5.39,5.44,46529.91,25239.5
600908.SH,2019-01-14,5.42,5.45,5.35,5.38,36393.0,19613.91
600908.SH,2019-01-15,5.38,5.47,5.36,5.46,53390.55,28974.91
600908.SH,2019-01-16,5.44,5.46,5.42,5.44,40874.0,22229.97
600908.SH,2019-01-17,5.46,5.47,5.39,5.4,37450.0,20306.56
600908.SH,2019-01-18,5.4,5.49,5.4,5.47,50762.45,27690.55
600908.SH,2019-01-21,5.49,5.51,5.43,5.44,55685.76,30417.23
600908.SH,2019-01-22,5.44,5.45,5.35,5.38,39980.38,21575.54
600908.SH,2019-01-23,5.36,5.42,5.36,5.38,24875.65,13405.69
600908.SH,2019-01-24,5.4,5.45,5.36,5.43,39430.8,21364.49
600908.SH,2019-01-25,5.49,5.5,5.44,5.45,71163.74,39007.08
600908.SH,2019-01-28,5.46,5.51,5.38,5.39,62641.34,34154.34
600908.SH,2019-01-29,5.4,5.41,5.27,5.39,57403.32,30700.13
600908.SH,2019-01-30,5.35,5.48,5.33,5.4,67252.04,36442.96
600908.SH,2019-01-31,5.4,5.54,5.37,5.45,98883.67,54002.74
600908.SH,2019-02-01,5.45,5.5,5.41,5.5,68515.0,37421.1
600908.SH,2019-02-11,5.49,5.58,5.46,5.58,86962.28,47995.9
600908.SH,2019-02-12,5.58,5.62,5.52,5.58,97944.49,54568.61
600908.SH,2019-02-13,5.58,5.7,5.52,5.66,166259.72,93447.44
600908.SH,2019-02-14,5.63,5.65,5.58,5.6,83096.78,46659.27
600908.SH,2019-02-15,5.6,5.62,5.54,5.55,90402.03,50433.63
600908.SH,2019-02-18,5.57,5.77,5.56,5.71,178385.3,100921.11
600908.SH,2019-02-19,5.7,5.89,5.67,5.76,254545.77,146690.49
600908.SH,2019-02-20,5.75,5.77,5.66,5.71,121113.82,69086.14
600908.SH,2019-02-21,5.71,5.8,5.63,5.65,133380.68,76180.49
600908.SH,2019-02-22,5.63,6.09,5.61,5.99,316370.21,184994.37
600908.SH,2019-02-25,6.08,6.59,6.07,6.59,682922.74,433876.04
600908.SH,2019-02-26,6.76,6.8,6.36,6.39,601699.73,395919.5
600908.SH,2019-02-27,6.36,7.01,6.3,6.78,653926.65,436515.58
600908.SH,2019-02-28,6.65,6.78,6.5,6.57,334521.59,221487.03
600908.SH,2019-03-01,6.58,6.68,6.4,6.66,301747.15,197398.36
600908.SH,2019-03-04,6.72,7.16,6.6,6.78,586195.03,401166.0
600908.SH,2019-03-05,6.7,6.82,6.65,6.79,246212.18,165430.74
600908.SH,2019-03-06,6.82,6.96,6.74,6.94,391496.05,268649.45
600908.SH,2019-03-07,6.93,7.28,6.84,7.1,587512.3,416890.6
600908.SH,2019-03-08,6.83,6.89,6.4,6.41,454592.53,304477.2
600908.SH,2019-03-11,6.44,6.65,6.36,6.59,267936.79,174825.32
600908.SH,2019-03-12,6.63,6.76,6.57,6.68,253815.16,169337.1
600908.SH,2019-03-13,6.67,6.67,6.47,6.52,202915.35,132989.38
600908.SH,2019-03-14,6.54,6.85,6.54,6.62,361893.17,241442.39
600908.SH,2019-03-15,6.7,6.75,6.58,6.67,210538.35,140373.9
600908.SH,2019-03-18,6.69,6.85,6.6,6.82,248086.8,167211.36
600908.SH,2019-03-19,6.82,6.83,6.72,6.77,181492.44,122913.28
600908.SH,2019-03-20,6.73,6.8,6.63,6.76,202592.03,136093.77
600908.SH,2019-03-21,6.77,6.84,6.71,6.75,205805.59,139405.75
600908.SH,2019-03-22,6.74,6.76,6.57,6.65,152983.69,101864.46
600908.SH,2019-03-25,6.49,6.6,6.44,6.45,195599.26,127219.5
600908.SH,2019-03-26,6.47,6.51,6.27,6.29,138911.98,88770.46
600908.SH,2019-03-27,6.34,6.37,6.26,6.33,91319.53,57733.37
600908.SH,2019-03-28,6.34,6.35,6.23,6.24,84999.49,53490.95
600908.SH,2019-03-29,6.27,6.59,6.26,6.52,206151.58,133421.18
600908.SH,2019-04-01,6.5,6.74,6.47,6.71,258572.69,171863.81
600908.SH,2019-04-02,6.74,6.78,6.63,6.66,200131.65,133935.69
600908.SH,2019-04-03,6.52,6.73,6.52,6.7,165074.27,109289.68
600908.SH,2019-04-04,6.7,6.93,6.7,6.82,355260.73,242636.23
600908.SH,2019-04-08,6.9,6.97,6.71,6.81,298483.26,205139.6
600908.SH,2019-04-09,6.84,6.95,6.81,6.88,206884.46,142347.65
600908.SH,2019-04-10,6.8,6.85,6.72,6.8,160228.07,108483.47
600908.SH,2019-04-11,6.82,6.91,6.73,6.74,140266.61,95499.67
600908.SH,2019-04-12,6.71,6.76,6.59,6.64,115796.28,77162.72
600908.SH,2019-04-15,6.72,6.85,6.63,6.63,180708.8,122243.14
600908.SH,2019-04-16,6.6,6.87,6.53,6.87,258352.75,174784.24
600908.SH,2019-04-17,6.87,6.91,6.8,6.86,182445.4,125064.72
600908.SH,2019-04-18,6.96,6.99,6.8,6.81,162804.81,111927.49
600908.SH,2019-04-19,6.78,6.87,6.71,6.85,115415.11,78294.17
600908.SH,2019-04-22,6.86,6.86,6.66,6.68,141132.8,95119.59
600908.SH,2019-04-23,6.7,6.73,6.6,6.63,88447.41,58901.58
600908.SH,2019-04-24,6.65,6.68,6.55,6.62,79117.75,52296.86
600908.SH,2019-04-25,6.6,6.68,6.41,6.44,111999.29,73391.19
600908.SH,2019-04-26,6.4,6.51,6.39,6.41,81065.47,52285.75
600908.SH,2019-04-29,6.4,6.5,6.31,6.37,109374.98,70258.89
600908.SH,2019-04-30,6.36,6.42,6.33,6.41,87575.84,55852.92
600908.SH,2019-05-06,6.29,6.41,6.02,6.14,184142.38,114444.35
600908.SH,2019-05-07,6.17,6.19,6.04,6.16,103650.55,63526.47
600908.SH,2019-05-08,6.08,6.15,6.03,6.11,72476.59,44192.14
600908.SH,2019-05-09,6.07,6.14,6.03,6.07,76633.5,46535.16
600908.SH,2019-05-10,6.1,6.21,6.03,6.18,133091.86,81753.56
600908.SH,2019-05-13,6.1,6.13,6.06,6.07,64254.0,39160.82
600908.SH,2019-05-14,6.0,6.09,5.98,6.03,53217.0,32156.81
600908.SH,2019-05-15,6.06,6.11,6.05,6.1,63613.02,38671.31
600908.SH,2019-05-16,6.09,6.12,6.07,6.1,54111.89,32968.1
600908.SH,2019-05-17,6.1,6.12,5.85,5.88,95146.0,57032.01
600908.SH,2019-05-20,5.75,5.86,5.68,5.75,81335.32,46709.2
600908.SH,2019-05-21,5.75,5.87,5.75,5.81,59749.78,34727.11
600908.SH,2019-05-22,5.82,5.84,5.69,5.71,52547.05,30247.64
600908.SH,2019-05-23,5.71,5.75,5.62,5.64,48716.85,27721.34
600908.SH,2019-05-24,5.65,5.73,5.62,5.7,66613.77,37919.92
600908.SH,2019-05-27,5.7,5.84,5.67,5.82,81088.52,46835.26
600908.SH,2019-05-28,5.8,5.88,5.78,5.8,51089.86,29777.71
600908.SH,2019-05-29,5.79,5.88,5.78,5.86,50516.96,29505.33
600908.SH,2019-05-30,5.8,5.87,5.75,5.81,62110.79,36002.42
600908.SH,2019-05-31,5.69,5.69,5.59,5.61,57112.03,32095.78
600908.SH,2019-06-03,5.6,5.64,5.46,5.53,73389.87,40603.19
600908.SH,2019-06-04,5.51,5.59,5.51,5.53,52218.9,29032.65
600908.SH,2019-06-05,5.58,5.61,5.55,5.55,51961.02,28954.19
600908.SH,2019-06-06,5.57,5.57,5.47,5.49,45258.98,24921.16
600908.SH,2019-06-10,5.5,5.57,5.49,5.55,51560.34,28533.36
600908.SH,2019-06-11,5.54,5.73,5.53,5.69,96400.21,54298.89
600908.SH,2019-06-12,5.66,5.68,5.59,5.62,73671.01,41469.82
600908.SH,2019-06-13,5.63,5.65,5.59,5.62,49002.97,27521.19
600908.SH,2019-06-14,5.64,5.64,5.55,5.56,49612.08,27769.36
600908.SH,2019-06-17,5.56,5.63,5.55,5.59,47814.93,26699.17
600908.SH,2019-06-18,5.57,5.62,5.57,5.59,46280.84,25895.41
600908.SH,2019-06-19,5.69,5.71,5.63,5.64,84080.73,47612.89
600908.SH,2019-06-20,5.62,5.85,5.62,5.78,142347.22,81927.63
600908.SH,2019-06-21,5.78,5.85,5.76,5.79,98870.54,57414.83
600908.SH,2019-06-24,5.8,5.81,5.73,5.77,63757.64,36752.77
600908.SH,2019-06-25,5.78,5.78,5.63,5.7,84981.87,48297.59
600908.SH,2019-06-26,5.68,5.71,5.66,5.68,37120.0,21094.32
600908.SH,2019-06-27,5.7,5.76,5.67,5.69,59421.53,33928.5
600908.SH,2019-06-28,5.68,5.69,5.61,5.64,45995.15,25953.0
600908.SH,2019-07-01,5.72,5.74,5.67,5.73,91274.25,52133.38
600908.SH,2019-07-02,5.72,5.73,5.68,5.73,58452.04,33360.27
600908.SH,2019-07-03,5.72,5.73,5.65,5.68,55470.82,31450.33
600908.SH,2019-07-04,5.67,5.71,5.66,5.69,54684.54,31110.85
600908.SH,2019-07-05,5.7,5.72,5.66,5.71,52146.09,29662.66
600908.SH,2019-07-08,5.69,5.7,5.52,5.53,82991.5,46325.81
600908.SH,2019-07-09,5.53,5.55,5.51,5.54,31536.71,17450.5
600908.SH,2019-07-10,5.54,5.56,5.52,5.53,28815.98,15966.56
600908.SH,2019-07-11,5.55,5.6,5.52,5.53,32732.74,18177.84
600908.SH,2019-07-12,5.53,5.63,5.53,5.62,57032.36,31883.86
600908.SH,2019-07-15,5.6,5.7,5.54,5.68,68939.68,38861.47
600908.SH,2019-07-16,5.65,5.71,5.64,5.68,55322.9,31447.32
600908.SH,2019-07-17,5.69,5.74,5.66,5.71,57321.43,32727.24
600908.SH,2019-07-18,5.67,5.69,5.61,5.62,44998.82,25410.91
600908.SH,2019-07-19,5.62,5.73,5.62,5.69,50231.98,28593.07
600908.SH,2019-07-22,5.68,5.72,5.6,5.61,45981.27,25917.21
600908.SH,2019-07-23,5.6,5.68,5.6,5.68,34542.56,19505.17
600908.SH,2019-07-24,5.69,5.72,5.66,5.68,46843.67,26648.47
600908.SH,2019-07-25,5.66,5.76,5.66,5.76,78725.16,45059.34
600908.SH,2019-07-26,5.74,5.75,5.71,5.74,44090.41,25275.87
600908.SH,2019-07-29,5.73,5.73,5.67,5.71,46617.52,26542.65
600908.SH,2019-07-30,5.71,5.78,5.7,5.74,72773.8,41802.85
600908.SH,2019-07-31,5.73,5.73,5.67,5.69,50249.16,28603.34
600908.SH,2019-08-01,5.65,5.7,5.59,5.6,63932.56,35973.6
600908.SH,2019-08-02,5.56,5.58,5.48,5.52,83972.71,46381.8
600908.SH,2019-08-05,5.5,5.53,5.45,5.47,49555.16,27176.89
600908.SH,2019-08-06,5.42,5.45,5.2,5.32,94820.05,50560.26
600908.SH,2019-08-07,5.33,5.37,5.27,5.29,40635.06,21563.43
600908.SH,2019-08-08,5.33,5.44,5.3,5.37,69971.59,37500.7
600908.SH,2019-08-09,5.38,5.4,5.26,5.29,60710.59,32337.78
600908.SH,2019-08-12,5.3,5.35,5.26,5.34,36955.76,19644.74
600908.SH,2019-08-13,5.3,5.32,5.27,5.3,28312.0,14986.82
600908.SH,2019-08-14,5.35,5.36,5.29,5.31,33992.39,18083.56
600908.SH,2019-08-15,5.22,5.27,5.2,5.25,66069.0,34516.31
600908.SH,2019-08-16,5.27,5.27,5.22,5.24,53124.82,27891.1
600908.SH,2019-08-19,5.25,5.36,5.22,5.36,86485.95,45798.5
600908.SH,2019-08-20,5.34,5.36,5.28,5.3,75091.65,39947.85
600908.SH,2019-08-21,5.29,5.31,5.27,5.29,37052.0,19602.62
600908.SH,2019-08-22,5.3,5.31,5.25,5.29,36474.08,19228.35
600908.SH,2019-08-23,5.29,5.33,5.27,5.29,53479.08,28338.63
600908.SH,2019-08-26,5.22,5.23,5.19,5.22,50980.0,26583.33
600908.SH,2019-08-27,5.22,5.32,5.22,5.28,70376.8,37148.94
600908.SH,2019-08-28,5.29,5.29,5.24,5.24,41236.86,21680.27
600908.SH,2019-08-29,5.27,5.28,5.24,5.27,35315.98,18564.68
600908.SH,2019-08-30,5.29,5.31,5.21,5.21,46091.6,24223.38
600908.SH,2019-09-02,5.2,5.29,5.2,5.28,65062.89,34166.83
600908.SH,2019-09-03,5.27,5.28,5.24,5.26,44863.0,23583.12
600908.SH,2019-09-04,5.26,5.37,5.25,5.35,119681.32,63845.67
600908.SH,2019-09-05,5.41,5.57,5.4,5.42,188712.8,103299.93
600908.SH,2019-09-06,5.46,5.47,5.41,5.46,100397.92,54614.09
600908.SH,2019-09-09,5.57,5.58,5.46,5.5,140623.97,77435.19
600908.SH,2019-09-10,5.51,5.54,5.45,5.53,104338.37,57335.19
600908.SH,2019-09-11,5.55,5.57,5.48,5.49,80636.66,44476.07
600908.SH,2019-09-12,5.51,5.52,5.47,5.51,65681.0,36085.08
600908.SH,2019-09-16,5.51,5.52,5.43,5.45,79555.0,43538.29
600908.SH,2019-09-17,5.45,5.46,5.34,5.36,83497.94,44948.41
600908.SH,2019-09-18,5.34,5.37,5.33,5.35,59115.44,31622.05
600908.SH,2019-09-19,5.34,5.35,5.29,5.34,75734.37,40301.34
600908.SH,2019-09-20,5.34,5.35,5.31,5.33,53112.96,28314.42
600908.SH,2019-09-23,5.29,5.31,5.2,5.22,175198.84,91643.84
600908.SH,2019-09-24,5.23,5.27,5.21,5.22,128084.41,67041.21
600908.SH,2019-09-25,5.2,5.26,5.19,5.22,85905.37,44885.65
600908.SH,2019-09-26,5.23,5.33,5.21,5.28,227411.91,119969.51
600908.SH,2019-09-27,5.28,5.42,5.27,5.35,279003.74,149101.56
600908.SH,2019-09-30,5.34,5.34,5.22,5.24,128229.28,67619.27
600908.SH,2019-10-08,5.23,5.36,5.22,5.27,108384.36,57271.49
600908.SH,2019-10-09,5.24,5.42,5.23,5.4,213705.28,114638.79
600908.SH,2019-10-10,5.42,5.43,5.34,5.38,118502.1,63705.69
600908.SH,2019-10-11,5.38,5.47,5.36,5.47,191392.8,103947.36
600908.SH,2019-10-14,5.49,5.72,5.46,5.62,389365.92,218753.5
600908.SH,2019-10-15,5.6,5.71,5.56,5.71,235814.18,133210.4
600908.SH,2019-10-16,5.72,5.76,5.54,5.57,275227.38,155307.12
600908.SH,2019-10-17,5.57,5.6,5.5,5.52,144601.1,80171.56
600908.SH,2019-10-18,5.55,5.56,5.4,5.42,180981.14,98930.74
600908.SH,2019-10-21,5.4,5.49,5.36,5.49,153126.37,83201.02
600908.SH,2019-10-22,5.47,5.48,5.42,5.46,102540.19,55899.33
600908.SH,2019-10-23,5.47,5.58,5.43,5.53,178802.06,98596.92
600908.SH,2019-10-24,5.51,5.79,5.51,5.68,320945.99,181664.73
600908.SH,2019-10-25,5.68,5.72,5.62,5.65,173839.18,98451.21
600908.SH,2019-10-28,5.63,5.66,5.53,5.58,237584.25,132376.93
600908.SH,2019-10-29,5.58,5.59,5.51,5.51,129050.85,71538.92
600908.SH,2019-10-30,5.51,5.57,5.48,5.55,136453.91,75450.22
600908.SH,2019-10-31,5.55,5.55,5.41,5.42,134265.81,73125.99
600908.SH,2019-11-01,5.42,5.57,5.39,5.54,174322.38,95610.21
600908.SH,2019-11-04,5.53,5.6,5.52,5.52,121290.07,67334.38
600908.SH,2019-11-05,5.53,5.64,5.51,5.58,199689.46,111505.35
600908.SH,2019-11-06,5.57,5.63,5.51,5.55,147906.0,82405.35
600908.SH,2019-11-07,5.55,5.6,5.52,5.56,149827.5,83246.47
600908.SH,2019-11-08,5.58,5.59,5.45,5.46,131093.6,72188.31
600908.SH,2019-11-11,5.43,5.44,5.34,5.35,139295.93,75065.14
600908.SH,2019-11-12,5.37,5.39,5.34,5.37,73677.86,39539.94
600908.SH,2019-11-13,5.37,5.37,5.3,5.32,69797.0,37208.49
600908.SH,2019-11-14,5.33,5.34,5.28,5.3,89386.44,47416.91
600908.SH,2019-11-15,5.29,5.33,5.26,5.27,62364.8,33015.1
600908.SH,2019-11-18,5.28,5.35,5.26,5.33,63446.18,33722.25
600908.SH,2019-11-19,5.29,5.35,5.28,5.34,65944.32,35143.48
600908.SH,2019-11-20,5.34,5.36,5.31,5.31,65024.23,34670.58
600908.SH,2019-11-21,5.3,5.34,5.3,5.32,47521.25,25245.06
600908.SH,2019-11-22,5.31,5.36,5.24,5.27,80828.92,42808.51
600908.SH,2019-11-25,5.28,5.33,5.24,5.32,81498.79,43129.68
600908.SH,2019-11-26,5.32,5.32,5.28,5.28,55431.73,29348.81
600908.SH,2019-11-27,5.28,5.29,5.23,5.24,57231.0,30093.23
600908.SH,2019-11-28,5.24,5.26,5.2,5.21,68990.46,36016.95
600908.SH,2019-11-29,5.22,5.24,5.19,5.23,59574.72,31058.39
600908.SH,2019-12-02,5.23,5.25,5.21,5.25,47119.54,24636.01
600908.SH,2019-12-03,5.24,5.24,5.2,5.24,57831.42,30186.81
600908.SH,2019-12-04,5.23,5.24,5.21,5.23,52408.73,27365.21
600908.SH,2019-12-05,5.23,5.27,5.23,5.27,68022.34,35715.37
600908.SH,2019-12-06,5.29,5.3,5.25,5.29,54226.83,28615.63
600908.SH,2019-12-09,5.28,5.3,5.26,5.27,47992.05,25299.54
600908.SH,2019-12-10,5.26,5.3,5.24,5.27,53386.94,28084.0
600908.SH,2019-12-11,5.26,5.31,5.25,5.3,74279.54,39268.69
600908.SH,2019-12-12,5.29,5.32,5.27,5.29,57394.3,30414.66
600908.SH,2019-12-13,5.32,5.39,5.31,5.38,130261.41,69682.01
600908.SH,2019-12-16,5.37,5.43,5.33,5.42,113234.0,60855.58
600908.SH,2019-12-17,5.41,5.62,5.38,5.53,268236.09,147711.09
600908.SH,2019-12-18,5.49,5.56,5.46,5.46,191637.57,105273.36
600908.SH,2019-12-19,5.46,5.52,5.46,5.49,151134.42,82961.9
600908.SH,2019-12-20,5.49,5.62,5.47,5.52,220280.47,121878.5
600908.SH,2019-12-23,5.53,5.56,5.34,5.36,184586.76,100485.05
600908.SH,2019-12-24,5.38,5.4,5.34,5.39,93172.44,50039.9
600908.SH,2019-12-25,5.38,5.41,5.34,5.37,95182.83,51090.6
600908.SH,2019-12-26,5.37,5.42,5.36,5.42,80629.42,43447.88
600908.SH,2019-12-27,5.41,5.54,5.4,5.42,154190.75,84182.27
600908.SH,2019-12-30,5.4,5.54,5.34,5.54,179193.77,97910.79
600908.SH,2019-12-31,5.5,5.56,5.48,5.55,131515.89,72651.22
600908.SH,2020-01-02,5.61,5.66,5.56,5.57,289335.28,162517.26
600908.SH,2020-01-03,5.56,5.57,5.51,5.55,140730.86,77979.07
600908.SH,2020-01-06,5.5,5.57,5.49,5.52,172945.13,95577.03
600908.SH,2020-01-07,5.53,5.58,5.51,5.56,117432.6,65030.41
600908.SH,2020-01-08,5.53,5.53,5.44,5.45,123790.61,67866.69
600908.SH,2020-01-09,5.48,5.49,5.46,5.48,105973.09,58026.79
600908.SH,2020-01-10,5.49,5.51,5.44,5.47,106835.76,58499.97
600908.SH,2020-01-13,5.46,5.52,5.43,5.52,103060.79,56389.04
600908.SH,2020-01-14,5.52,5.54,5.46,5.47,140465.84,77073.45
600908.SH,2020-01-15,5.47,5.48,5.42,5.44,75974.16,41337.74
600908.SH,2020-01-16,5.44,5.45,5.38,5.41,95442.28,51634.49
600908.SH,2020-01-17,5.41,5.44,5.35,5.37,101556.06,54767.68
600908.SH,2020-01-20,5.37,5.41,5.36,5.4,61942.23,33371.24
600908.SH,2020-01-21,5.41,5.41,5.35,5.36,83221.23,44733.61
600908.SH,2020-01-22,5.37,5.4,5.32,5.39,88197.55,47244.52
600908.SH,2020-01-23,5.36,5.42,5.27,5.29,143038.27,76394.29
600908.SH,2020-02-03,4.76,4.9,4.76,4.76,271500.76,130256.39
600908.SH,2020-02-04,4.8,4.92,4.8,4.89,246448.94,119819.62
600908.SH,2020-02-05,4.88,5.0,4.86,4.94,170576.5,84144.92
600908.SH,2020-02-06,4.94,5.03,4.9,4.99,162610.5,80633.81
600908.SH,2020-02-07,4.96,5.0,4.93,4.98,129501.93,64255.41
600908.SH,2020-02-10,4.94,5.01,4.94,5.0,111258.64,55427.62
600908.SH,2020-02-11,5.0,5.07,4.99,5.02,132445.5,66636.78
600908.SH,2020-02-12,5.01,5.1,5.0,5.06,128198.6,64720.17
600908.SH,2020-02-13,5.06,5.07,4.98,5.0,136437.78,68545.06
600908.SH,2020-02-14,4.99,5.05,4.98,5.04,88510.5,44454.07
600908.SH,2020-02-17,5.04,5.21,5.03,5.19,186169.48,95159.51
600908.SH,2020-02-18,5.17,5.18,5.12,5.15,127371.98,65509.31
600908.SH,2020-02-19,5.14,5.2,5.13,5.14,119632.08,61862.61
600908.SH,2020-02-20,5.15,5.28,5.12,5.25,181373.93,94479.69
600908.SH,2020-02-21,5.25,5.35,5.22,5.28,198296.6,104512.34
600908.SH,2020-02-24,5.29,5.32,5.2,5.26,175635.22,92252.42
600908.SH,2020-02-25,5.17,5.23,5.13,5.22,152694.66,79066.28
600908.SH,2020-02-26,5.18,5.35,5.16,5.27,199800.93,105510.51
600908.SH,2020-02-27,5.27,5.34,5.22,5.28,134394.84,70836.34
600908.SH,2020-02-28,5.19,5.26,5.13,5.13,161965.73,83932.63
600908.SH,2020-03-02,5.14,5.3,5.14,5.28,158915.33,83415.74
600908.SH,2020-03-03,5.29,5.41,5.29,5.37,254468.58,136427.34
600908.SH,2020-03-04,5.35,5.45,5.34,5.42,181546.8,97890.24
600908.SH,2020-03-05,5.45,5.73,5.4,5.62,474868.94,265409.85
600908.SH,2020-03-06,5.53,5.57,5.46,5.47,270322.58,148620.6
600908.SH,2020-03-09,5.35,5.38,5.27,5.27,207689.54,110319.34
600908.SH,2020-03-10,5.24,5.41,5.21,5.38,204873.42,109283.74
600908.SH,2020-03-11,5.37,5.39,5.29,5.29,140919.0,75082.2
600908.SH,2020-03-12,5.29,5.38,5.26,5.29,138062.65,73264.39
600908.SH,2020-03-13,5.09,5.36,5.04,5.36,196756.64,102762.37
600908.SH,2020-03-16,5.31,5.31,5.11,5.12,192483.04,100429.19
600908.SH,2020-03-17,5.13,5.21,5.08,5.14,117959.9,60652.16
600908.SH,2020-03-18,5.17,5.19,5.03,5.04,127753.0,65489.63
600908.SH,2020-03-19,5.02,5.09,4.96,5.06,104590.79,52587.56
600908.SH,2020-03-20,5.08,5.14,5.04,5.12,70748.74,35971.05
600908.SH,2020-03-23,5.04,5.06,4.99,5.01,70798.42,35571.71
600908.SH,2020-03-24,5.04,5.12,5.04,5.11,83545.2,42468.99
600908.SH,2020-03-25,5.18,5.2,5.12,5.16,78406.61,40478.12
600908.SH,2020-03-26,5.13,5.18,5.04,5.05,136632.0,69763.91
600908.SH,2020-03-27,5.1,5.11,5.02,5.03,162018.71,81812.14
600908.SH,2020-03-30,4.98,5.06,4.94,5.01,121184.23,60744.3
600908.SH,2020-03-31,5.04,5.06,4.97,4.98,90916.4,45589.74
600908.SH,2020-04-01,4.99,5.05,4.98,5.0,81278.09,40811.15
600908.SH,2020-04-02,4.98,5.04,4.97,5.04,56180.12,28184.84
600908.SH,2020-04-03,5.01,5.05,4.99,5.0,71524.0,35840.52
600908.SH,2020-04-07,5.07,5.09,5.05,5.06,77561.64,39314.23
600908.SH,2020-04-08,5.08,5.08,5.03,5.05,67240.94,33952.25
600908.SH,2020-04-09,5.06,5.07,5.04,5.04,56153.71,28386.52
600908.SH,2020-04-10,5.04,5.09,5.04,5.05,80946.9,40988.5
600908.SH,2020-04-13,5.04,5.04,4.98,4.99,57676.7,28902.89
600908.SH,2020-04-14,5.01,5.07,5.0,5.04,68715.81,34683.38
600908.SH,2020-04-15,5.05,5.06,5.02,5.02,58552.0,29467.46
600908.SH,2020-04-16,5.03,5.04,4.99,5.04,62158.87,31189.77
600908.SH,2020-04-17,5.05,5.05,5.0,5.01,82289.27,41313.0
600908.SH,2020-04-20,5.01,5.01,4.98,5.01,58082.15,29016.33
600908.SH,2020-04-21,4.98,5.03,4.97,5.03,74373.8,37167.95
600908.SH,2020-04-22,5.01,5.01,4.96,4.98,81115.84,40354.7
600908.SH,2020-04-23,4.98,4.99,4.96,4.96,54119.94,26945.2
600908.SH,2020-04-24,4.96,4.98,4.88,4.9,59996.92,29554.73
600908.SH,2020-04-27,4.87,4.99,4.87,4.95,102064.62,50562.19
600908.SH,2020-04-28,4.94,4.97,4.82,4.95,90111.21,44236.98
600908.SH,2020-04-29,4.93,5.02,4.93,5.02,84138.5,42010.44
600908.SH,2020-04-30,5.03,5.08,5.03,5.06,94564.64,47819.0
600908.SH,2020-05-06,5.01,5.09,5.0,5.08,67897.13,34312.33
600908.SH,2020-05-07,5.07,5.1,5.03,5.04,51302.12,25922.75
600908.SH,2020-05-08,5.06,5.11,5.04,5.09,71357.42,36284.21
600908.SH,2020-05-11,5.1,5.11,5.05,5.09,67445.2,34241.57
600908.SH,2020-05-12,5.09,5.1,5.04,5.07,56253.0,28493.71
600908.SH,2020-05-13,5.07,5.07,5.03,5.05,60885.14,30705.11
600908.SH,2020-05-14,5.02,5.04,5.0,5.01,48292.0,24212.7
600908.SH,2020-05-15,5.01,5.05,4.99,5.01,64291.53,32269.11
600908.SH,2020-05-18,5.01,5.08,4.98,5.06,66287.79,33410.81
600908.SH,2020-05-19,5.08,5.09,5.07,5.07,66618.27,33828.65
600908.SH,2020-05-20,5.07,5.08,5.01,5.05,78726.38,39776.94
600908.SH,2020-05-21,5.07,5.08,5.05,5.07,64934.4,32912.46
600908.SH,2020-05-22,5.06,5.08,4.99,5.01,59727.4,29996.98
600908.SH,2020-05-25,5.01,5.05,4.99,5.02,54997.12,27594.06
600908.SH,2020-05-26,5.02,5.07,5.0,5.04,59247.04,29877.36
600908.SH,2020-05-27,5.04,5.07,4.99,5.02,71600.0,36073.65
600908.SH,2020-05-28,5.04,5.1,5.02,5.08,91489.23,46344.63
600908.SH,2020-05-29,5.06,5.07,5.02,5.02,61517.09,30982.47
600908.SH,2020-06-01,5.04,5.14,5.03,5.13,119081.38,60647.23
600908.SH,2020-06-02,5.13,5.16,5.11,5.15,98178.0,50419.95
600908.SH,2020-06-03,5.16,5.21,5.13,5.15,99333.15,51354.89
600908.SH,2020-06-04,5.16,5.17,5.08,5.12,95413.32,48784.77
600908.SH,2020-06-05,4.96,4.97,4.89,4.92,84012.48,41346.47
600908.SH,2020-06-08,4.93,4.97,4.93,4.93,74825.9,37018.17
600908.SH,2020-06-09,4.95,4.96,4.92,4.93,52454.14,25908.0
600908.SH,2020-06-10,4.93,4.94,4.9,4.91,45916.37,22587.34
600908.SH,2020-06-11,4.92,4.93,4.85,4.86,81897.04,40041.46
600908.SH,2020-06-12,4.8,4.9,4.8,4.87,55599.72,26966.66
600908.SH,2020-06-15,4.86,4.88,4.82,4.85,56913.9,27572.45
600908.SH,2020-06-16,4.86,4.89,4.83,4.88,58996.94,28683.27
600908.SH,2020-06-17,4.88,4.89,4.83,4.87,50211.0,24391.05
600908.SH,2020-06-18,4.86,4.92,4.83,4.9,70222.52,34272.81
600908.SH,2020-06-19,4.89,4.95,4.88,4.95,79953.15,39286.21
600908.SH,2020-06-22,4.94,4.97,4.91,4.93,86849.96,42930.99
600908.SH,2020-06-23,4.93,4.93,4.86,4.88,74845.45,36530.34
600908.SH,2020-06-24,4.89,5.04,4.88,4.96,162473.02,80501.08
600908.SH,2020-06-29,5.0,5.03,4.88,4.9,120717.5,59503.14
600908.SH,2020-06-30,4.9,4.96,4.87,4.91,101961.0,49985.98
600908.SH,2020-07-01,4.9,4.97,4.87,4.97,141829.05,69881.74
600908.SH,2020-07-02,4.98,5.18,4.95,5.16,321321.0,163063.74
600908.SH,2020-07-03,5.16,5.36,5.14,5.28,409540.09,214399.64
600908.SH,2020-07-06,5.36,5.81,5.36,5.81,649276.16,363535.87
600908.SH,2020-07-07,6.03,6.15,5.65,5.66,753562.94,443206.91
600908.SH,2020-07-08,5.62,6.23,5.58,6.23,1018869.23,622516.77
600908.SH,2020-07-09,6.5,6.85,6.35,6.85,1239776.57,833012.38
600908.SH,2020-07-10,6.95,7.42,6.5,6.5,1718193.58,1173311.52
600908.SH,2020-07-13,6.24,6.48,6.01,6.33,1186648.97,739425.31
600908.SH,2020-07-14,6.22,6.26,6.05,6.11,717687.19,441162.03
600908.SH,2020-07-15,6.09,6.15,5.89,6.01,627072.25,378177.65
600908.SH,2020-07-16,5.94,6.48,5.94,6.11,965204.58,596915.31
600908.SH,2020-07-17,6.11,6.35,5.95,6.08,677180.96,415936.27
600908.SH,2020-07-20,6.08,6.24,5.97,6.21,625701.0,383407.77
600908.SH,2020-07-21,6.16,6.16,6.02,6.04,422009.49,256598.0
600908.SH,2020-07-22,6.01,6.13,5.95,6.0,411693.84,248766.11
600908.SH,2020-07-23,5.95,5.99,5.79,5.84,459667.65,269240.56
600908.SH,2020-07-24,5.83,5.87,5.53,5.55,389544.95,221738.63
600908.SH,2020-07-27,5.6,5.66,5.5,5.56,192886.36,107323.24
600908.SH,2020-07-28,5.58,5.65,5.52,5.58,173259.68,96824.15
600908.SH,2020-07-29,5.55,5.75,5.53,5.74,263848.66,149692.15
600908.SH,2020-07-30,5.74,5.74,5.62,5.64,221084.48,125370.06
600908.SH,2020-07-31,5.62,5.74,5.58,5.66,240805.35,136358.62
600908.SH,2020-08-03,5.73,5.75,5.66,5.74,290713.5,165992.11
600908.SH,2020-08-04,5.75,5.98,5.68,5.87,521732.69,305041.42
600908.SH,2020-08-05,5.8,5.81,5.69,5.75,262242.37,150495.14
600908.SH,2020-08-06,5.74,5.82,5.68,5.77,236872.98,135825.12
600908.SH,2020-08-07,5.73,5.77,5.6,5.62,221596.0,125760.63
600908.SH,2020-08-10,5.6,5.69,5.57,5.65,179405.66,101223.92
600908.SH,2020-08-11,5.66,5.81,5.63,5.64,331531.15,190411.96
600908.SH,2020-08-12,5.61,5.72,5.58,5.67,208216.49,117526.97
600908.SH,2020-08-13,5.67,5.71,5.64,5.68,148580.33,84233.69
600908.SH,2020-08-14,5.66,5.8,5.63,5.8,234469.34,134107.98
600908.SH,2020-08-17,5.84,6.38,5.84,6.19,905711.71,556669.62
600908.SH,2020-08-18,6.14,6.18,6.06,6.13,402404.84,245805.25
600908.SH,2020-08-19,6.11,6.27,6.03,6.04,405206.23,249297.59
600908.SH,2020-08-20,5.99,6.08,5.88,5.93,252438.48,151172.34
600908.SH,2020-08-21,5.97,6.0,5.88,5.95,156930.29,93187.98
600908.SH,2020-08-24,5.95,5.98,5.89,5.9,133538.93,79057.76
600908.SH,2020-08-25,5.9,5.95,5.84,5.86,165862.16,97674.93
600908.SH,2020-08-26,5.85,5.9,5.73,5.74,185157.6,107440.92
600908.SH,2020-08-27,5.75,5.79,5.7,5.76,129144.92,74231.85
600908.SH,2020-08-28,5.77,5.95,5.73,5.95,298609.3,175499.96
600908.SH,2020-08-31,5.96,6.07,5.86,5.86,266543.5,158906.69
600908.SH,2020-09-01,5.83,5.9,5.82,5.87,120298.19,70373.72
600908.SH,2020-09-02,5.88,5.89,5.78,5.81,152135.02,88575.65
600908.SH,2020-09-03,5.81,5.89,5.78,5.82,137071.5,80040.89
600908.SH,2020-09-04,5.76,5.8,5.73,5.79,134938.26,77733.07
600908.SH,2020-09-07,5.79,5.8,5.7,5.7,119239.72,68533.79
600908.SH,2020-09-08,5.72,5.82,5.71,5.77,136920.72,79009.13
600908.SH,2020-09-09,5.72,5.86,5.71,5.79,180353.09,104457.96
600908.SH,2020-09-10,5.84,5.85,5.71,5.75,146666.15,84606.21
600908.SH,2020-09-11,5.73,5.77,5.61,5.65,146492.45,83054.57
600908.SH,2020-09-14,5.68,5.7,5.6,5.66,119255.0,67164.22
600908.SH,2020-09-15,5.64,5.66,5.61,5.63,86875.89,48965.54
600908.SH,2020-09-16,5.63,5.72,5.61,5.65,89677.11,50819.01
600908.SH,2020-09-17,5.63,5.67,5.6,5.63,84667.37,47687.84
600908.SH,2020-09-18,5.63,5.89,5.61,5.87,312935.1,180849.14
600908.SH,2020-09-21,5.98,5.98,5.79,5.86,230454.63,135452.6
600908.SH,2020-09-22,5.77,5.97,5.73,5.76,238828.0,139326.62
600908.SH,2020-09-23,5.75,5.79,5.7,5.7,131857.2,75443.1
600908.SH,2020-09-24,5.68,5.72,5.62,5.63,122678.38,69318.27
600908.SH,2020-09-25,5.63,5.68,5.61,5.66,82906.55,46786.44
600908.SH,2020-09-28,5.64,5.68,5.62,5.64,58280.97,32904.97
600908.SH,2020-09-29,5.62,5.67,5.62,5.63,71317.65,40240.83
600908.SH,2020-09-30,5.62,5.65,5.52,5.53,100742.67,56228.36
600908.SH,2020-10-09,5.57,5.61,5.56,5.58,73252.45,40891.74
600908.SH,2020-10-12,5.59,5.84,5.58,5.77,219430.34,125797.98
600908.SH,2020-10-13,5.76,5.76,5.69,5.73,115819.19,66173.84
600908.SH,2020-10-14,5.75,5.81,5.7,5.74,118530.21,68103.0
600908.SH,2020-10-15,5.75,5.93,5.74,5.85,314195.53,184356.37
600908.SH,2020-10-16,5.83,6.04,5.83,6.0,357690.82,213389.44
600908.SH,2020-10-19,6.03,6.18,5.93,5.97,318679.56,192696.79
600908.SH,2020-10-20,5.94,5.96,5.83,5.91,152814.42,89983.71
600908.SH,2020-10-21,5.9,6.04,5.83,6.0,223909.21,132987.11
600908.SH,2020-10-22,5.94,6.05,5.87,5.91,161492.36,95887.3
600908.SH,2020-10-23,5.91,6.23,5.88,6.13,587022.39,358278.08
600908.SH,2020-10-26,6.11,6.28,5.94,5.97,422805.84,255753.24
600908.SH,2020-10-27,5.91,5.96,5.81,5.85,210579.54,123524.96
600908.SH,2020-10-28,5.86,5.86,5.66,5.7,253306.59,145088.85
600908.SH,2020-10-29,5.6,5.72,5.6,5.69,131184.11,74356.74
600908.SH,2020-10-30,5.67,5.78,5.55,5.55,199079.11,112509.32
600908.SH,2020-11-02,5.53,5.65,5.52,5.59,132867.29,74189.89
600908.SH,2020-11-03,5.58,5.72,5.58,5.68,142243.01,80666.79
600908.SH,2020-11-04,5.73,5.74,5.63,5.65,127677.31,72532.21
600908.SH,2020-11-05,5.69,5.71,5.6,5.64,185735.39,104670.09
600908.SH,2020-11-06,5.65,5.66,5.57,5.61,135495.71,75932.23
600908.SH,2020-11-09,5.63,5.82,5.6,5.72,270682.48,154146.69
600908.SH,2020-11-10,5.77,5.8,5.65,5.68,207206.73,118707.64
600908.SH,2020-11-11,5.65,5.73,5.64,5.69,192569.0,109361.15
600908.SH,2020-11-12,5.66,5.7,5.61,5.61,128773.46,72568.96
600908.SH,2020-11-13,5.59,5.61,5.54,5.58,114093.44,63509.84
600908.SH,2020-11-16,5.59,5.63,5.56,5.63,81672.84,45705.72
600908.SH,2020-11-17,5.63,5.69,5.58,5.66,131958.85,74356.55
600908.SH,2020-11-18,5.64,5.76,5.63,5.7,183102.59,104481.47
600908.SH,2020-11-19,5.69,5.76,5.66,5.73,159279.46,90991.58
600908.SH,2020-11-20,5.71,5.72,5.65,5.68,110089.46,62451.48
600908.SH,2020-11-23,5.67,5.8,5.65,5.75,238733.25,136832.75
600908.SH,2020-11-24,5.73,5.77,5.68,5.71,128499.0,73523.25
600908.SH,2020-11-25,5.75,5.87,5.72,5.72,267173.05,154687.06
600908.SH,2020-11-26,5.71,5.81,5.68,5.76,176493.76,101421.74
600908.SH,2020-11-27,5.76,6.06,5.74,6.05,469531.96,276889.94
600908.SH,2020-11-30,6.15,6.46,6.0,6.0,895409.96,556952.5
600908.SH,2020-12-01,5.93,6.38,5.88,6.33,868020.82,531544.12
600908.SH,2020-12-02,6.26,6.33,6.12,6.18,615820.27,381492.72
600908.SH,2020-12-03,6.14,6.44,6.04,6.28,708836.45,441807.98
600908.SH,2020-12-04,6.12,6.17,6.02,6.06,353671.17,215186.78
600908.SH,2020-12-07,6.03,6.08,5.91,5.91,242741.86,145273.5
600908.SH,2020-12-08,5.92,6.0,5.87,5.9,168649.29,99955.23
600908.SH,2020-12-09,5.91,6.05,5.88,5.88,240161.22,143400.39
600908.SH,2020-12-10,5.87,5.93,5.81,5.89,166226.82,97491.11
600908.SH,2020-12-11,5.9,5.94,5.81,5.84,166941.94,97700.74
600908.SH,2020-12-14,5.84,5.94,5.81,5.93,169544.62,99774.18
600908.SH,2020-12-15,5.89,5.94,5.78,5.85,154655.36,90351.68
600908.SH,2020-12-16,5.84,5.88,5.75,5.77,119652.0,69512.67
600908.SH,2020-12-17,5.76,5.87,5.67,5.84,172342.16,99592.31
600908.SH,2020-12-18,5.84,5.87,5.75,5.76,106880.67,61989.11
600908.SH,2020-12-21,5.78,5.82,5.72,5.8,108881.16,62927.28
600908.SH,2020-12-22,5.79,5.84,5.67,5.69,176719.32,101667.35
600908.SH,2020-12-23,5.69,5.74,5.64,5.68,117806.77,66897.24
600908.SH,2020-12-24,5.67,5.76,5.65,5.66,103030.69,58591.24
600908.SH,2020-12-25,5.63,5.77,5.61,5.7,132902.97,75861.26
600908.SH,2020-12-28,5.66,5.85,5.6,5.77,238199.11,136178.47
600908.SH,2020-12-29,5.78,5.91,5.75,5.78,152002.67,88475.6
600908.SH,2020-12-30,5.83,5.84,5.72,5.84,150755.9,87220.48
600908.SH,2020-12-31,5.86,6.14,5.84,6.08,457102.02,276209.11
600908.SH,2021-01-04,6.07,6.07,5.9,5.99,312810.17,186169.93
600908.SH,2021-01-05,5.91,5.95,5.81,5.95,254528.82,149611.55
600908.SH,2021-01-06,5.94,5.99,5.86,5.88,167138.59,98947.6
600908.SH,2021-01-07,5.88,5.94,5.68,5.74,225743.27,130480.96
600908.SH,2021-01-08,5.74,5.8,5.67,5.73,143624.67,82375.66
600908.SH,2021-01-11,5.7,5.83,5.68,5.69,158820.27,91243.39
600908.SH,2021-01-12,5.7,5.86,5.65,5.82,193746.0,111044.79
600908.SH,2021-01-13,5.78,5.85,5.69,5.72,156868.37,90000.19
600908.SH,2021-01-14,5.76,6.2,5.76,5.93,530331.3,316560.0
600908.SH,2021-01-15,6.04,6.28,5.98,6.07,695732.75,426393.4
600908.SH,2021-01-18,6.05,6.2,5.96,6.14,407165.55,248272.66
600908.SH,2021-01-19,6.09,6.22,6.01,6.2,407978.68,249821.47
600908.SH,2021-01-20,6.19,6.29,6.05,6.11,311714.85,191263.32
600908.SH,2021-01-21,6.21,6.36,6.09,6.21,534748.58,333485.13
600908.SH,2021-01-22,6.21,6.27,6.06,6.06,436667.61,267262.94
600908.SH,2021-01-25,6.03,6.09,5.88,6.04,297221.13,178307.73
600908.SH,2021-01-26,6.0,6.29,5.97,6.08,487104.91,300212.33
600908.SH,2021-01-27,6.07,6.69,6.05,6.43,1246829.37,809276.83
600908.SH,2021-01-28,6.3,6.55,6.3,6.44,893546.96,572402.62
600908.SH,2021-01-29,6.52,6.68,6.3,6.62,997828.95,650396.59
600908.SH,2021-02-01,6.56,6.71,6.47,6.68,745433.99,492442.74
600908.SH,2021-02-02,6.6,6.61,6.32,6.37,700446.44,449467.97
600908.SH,2021-02-03,6.37,6.44,6.22,6.26,645905.61,409409.68
600908.SH,2021-02-04,6.2,6.89,6.16,6.68,1237129.58,823398.69
600908.SH,2021-02-05,6.6,7.35,6.6,7.35,1833591.2,1314463.24
600908.SH,2021-02-08,7.3,7.3,6.78,7.1,1643297.35,1162797.64
600908.SH,2021-02-09,7.18,7.43,6.96,7.4,1323260.19,952702.32
600908.SH,2021-02-10,7.3,7.96,7.06,7.18,1366743.86,1014972.26
600908.SH,2021-02-18,7.1,7.61,7.04,7.59,1181667.02,873781.53
600908.SH,2021-02-19,7.41,7.87,7.38,7.69,1093618.54,838842.22
600908.SH,2021-02-22,7.6,7.73,7.25,7.28,1000770.14,744041.74
600908.SH,2021-02-23,7.2,7.74,7.19,7.48,1065247.87,798878.57
600908.SH,2021-02-24,7.4,7.46,7.19,7.34,624763.96,457031.89
600908.SH,2021-02-25,7.31,7.42,7.07,7.23,549184.2,397851.17
600908.SH,2021-02-26,7.1,7.26,6.95,7.01,499178.34,352671.21
600908.SH,2021-03-01,7.05,7.23,6.98,7.21,392406.6,279684.38
600908.SH,2021-03-02,7.17,7.22,7.0,7.05,286045.32,203137.18
600908.SH,2021-03-03,7.03,7.39,7.02,7.32,557432.16,405714.93
600908.SH,2021-03-04,7.24,7.38,7.15,7.19,432007.68,313197.73
600908.SH,2021-03-05,7.15,7.28,7.03,7.11,304675.55,216913.05
600908.SH,2021-03-08,7.13,7.22,7.03,7.05,285082.8,203379.61
600908.SH,2021-03-09,7.12,7.15,6.54,6.56,631726.39,429281.01
600908.SH,2021-03-10,6.57,6.64,6.42,6.59,263631.14,171962.22
600908.SH,2021-03-11,6.58,6.8,6.57,6.74,302695.1,203218.22
600908.SH,2021-03-12,6.72,6.8,6.62,6.74,249508.49,167721.02
600908.SH,2021-03-15,6.74,6.89,6.7,6.78,354789.23,241167.58
600908.SH,2021-03-16,6.8,6.86,6.65,6.77,343555.54,231802.92
600908.SH,2021-03-17,6.74,6.75,6.55,6.62,317814.59,210108.35
600908.SH,2021-03-18,6.6,6.69,6.57,6.65,207041.88,137311.31
600908.SH,2021-03-19,6.62,6.76,6.49,6.55,336886.46,223699.76
600908.SH,2021-03-22,6.5,6.63,6.48,6.59,262843.0,172599.1
600908.SH,2021-03-23,6.59,6.61,6.49,6.5,223356.0,145872.62
600908.SH,2021-03-24,6.46,6.48,6.28,6.37,310120.06,197488.21
600908.SH,2021-03-25,6.37,6.44,6.3,6.32,157329.86,99851.12
600908.SH,2021-03-26,6.33,6.38,6.28,6.36,165599.41,104810.7
600908.SH,2021-03-29,6.37,6.38,6.28,6.36,186293.0,117678.75
600908.SH,2021-03-30,6.34,6.37,6.22,6.3,211190.72,132875.4
600908.SH,2021-03-31,6.28,6.48,6.27,6.41,288914.86,184380.78
600908.SH,2021-04-01,6.4,6.44,6.34,6.38,178370.18,113873.15
600908.SH,2021-04-02,6.36,6.45,6.27,6.42,250936.53,159173.06
600908.SH,2021-04-06,6.4,6.46,6.36,6.39,157986.65,101122.26
600908.SH,2021-04-07,6.36,6.38,6.28,6.3,180575.07,113905.66
600908.SH,2021-04-08,6.25,6.29,6.22,6.23,215848.82,134928.19
600908.SH,2021-04-09,6.23,6.23,6.1,6.14,221077.93,135919.92
600908.SH,2021-04-12,6.1,6.16,6.04,6.06,161091.58,98304.71
600908.SH,2021-04-13,6.05,6.1,5.9,5.95,261257.0,155971.26
600908.SH,2021-04-14,5.94,5.98,5.89,5.97,121931.59,72432.14
600908.SH,2021-04-15,5.96,5.97,5.89,5.93,111668.43,66061.25
600908.SH,2021-04-16,5.95,6.04,5.92,6.03,161080.24,96705.2
600908.SH,2021-04-19,6.06,6.07,5.97,6.06,177610.88,107198.21
600908.SH,2021-04-20,6.05,6.11,5.98,6.01,173707.97,105062.86
600908.SH,2021-04-21,6.0,6.11,5.98,6.07,180761.62,109656.69
600908.SH,2021-04-22,6.06,6.08,5.96,5.97,172455.71,103496.81
600908.SH,2021-04-23,5.96,5.99,5.9,5.94,120985.94,71836.71
600908.SH,2021-04-26,5.92,6.0,5.83,5.84,174468.79,103159.23
600908.SH,2021-04-27,5.84,5.88,5.83,5.85,101422.53,59326.98
600908.SH,2021-04-28,5.85,5.87,5.78,5.85,120025.92,69875.35
600908.SH,2021-04-29,5.84,6.02,5.83,5.99,234542.65,139720.91
600908.SH,2021-04-30,5.95,5.95,5.82,5.86,221473.93,130044.44
600908.SH,2021-05-06,5.88,6.08,5.86,6.02,286718.51,172107.39
600908.SH,2021-05-07,6.02,6.13,6.0,6.05,227519.24,137905.07
600908.SH,2021-05-10,6.05,6.07,5.95,6.01,163422.93,97805.93
600908.SH,2021-05-11,6.01,6.06,5.98,6.05,123366.28,74365.59
600908.SH,2021-05-12,6.04,6.1,6.03,6.05,155073.04,93878.34
600908.SH,2021-05-13,6.04,6.08,6.01,6.06,179557.45,108505.88
600908.SH,2021-05-14,6.07,6.18,6.03,6.18,278229.0,170261.12
600908.SH,2021-05-17,6.16,6.18,6.1,6.13,205863.32,126126.82
600908.SH,2021-05-18,6.09,6.11,6.07,6.09,111059.85,67599.89
600908.SH,2021-05-19,6.08,6.08,6.0,6.01,140679.82,84798.21
600908.SH,2021-05-20,6.02,6.13,5.97,6.1,183535.39,111262.29
600908.SH,2021-05-21,6.09,6.09,6.0,6.01,125846.77,75929.62
600908.SH,2021-05-24,6.01,6.06,5.97,5.99,124724.77,75023.15
600908.SH,2021-05-25,6.01,6.15,5.96,6.12,350376.63,213711.09
600908.SH,2021-05-26,6.09,6.26,6.08,6.17,375781.14,232178.43
600908.SH,2021-05-27,6.14,6.2,6.11,6.15,217996.74,133895.32
600908.SH,2021-05-28,6.17,6.2,6.1,6.16,195964.2,120434.15
600908.SH,2021-05-31,6.16,6.17,6.08,6.11,152096.21,92913.59
600908.SH,2021-06-01,6.09,6.11,6.05,6.08,120100.0,72918.3
600908.SH,2021-06-02,6.08,6.1,6.04,6.1,132392.46,80315.62
600908.SH,2021-06-03,6.09,6.14,6.03,6.04,143091.0,87047.64
600908.SH,2021-06-04,6.05,6.1,6.02,6.04,139363.24,84380.89
600908.SH,2021-06-07,6.04,6.05,5.96,5.98,161609.0,96849.02
600908.SH,2021-06-08,5.98,6.0,5.95,5.98,101332.0,60505.89
600908.SH,2021-06-09,5.98,6.02,5.94,5.99,102176.66,61066.96
600908.SH,2021-06-10,5.99,6.03,5.97,5.99,96716.42,58033.16
600908.SH,2021-06-11,5.98,5.99,5.9,5.9,145889.02,86594.53
600908.SH,2021-06-15,5.89,5.9,5.81,5.82,120564.74,70372.71
600908.SH,2021-06-16,5.8,5.87,5.79,5.81,93391.7,54347.46
600908.SH,2021-06-17,5.81,5.86,5.76,5.76,109262.76,63267.81
600908.SH,2021-06-18,5.77,5.77,5.69,5.75,113495.97,64902.98
600908.SH,2021-06-21,5.75,5.83,5.71,5.81,107870.52,62360.88
600908.SH,2021-06-22,5.81,5.85,5.76,5.78,87617.0,50857.66
600908.SH,2021-06-23,5.78,5.8,5.73,5.78,87543.33,50391.05
600908.SH,2021-06-24,5.78,5.79,5.72,5.77,90172.72,51870.1
600908.SH,2021-06-25,5.77,5.89,5.77,5.88,149153.93,87184.81
600908.SH,2021-06-28,5.85,5.85,5.76,5.77,121074.0,70173.84
600908.SH,2021-06-29,5.79,5.82,5.77,5.8,68100.68,39466.22
600908.SH,2021-06-30,5.8,5.84,5.78,5.8,77516.33,45035.29
600908.SH,2021-07-01,5.8,5.84,5.78,5.8,102664.37,59657.32
600908.SH,2021-07-02,5.8,5.8,5.74,5.77,77585.83,44712.65
600908.SH,2021-07-05,5.77,5.77,5.7,5.72,99826.78,57100.22
600908.SH,2021-07-06,5.56,5.61,5.53,5.59,90027.46,50213.79
600908.SH,2021-07-07,5.57,5.61,5.55,5.57,63959.46,35646.35
600908.SH,2021-07-08,5.61,5.62,5.5,5.5,96608.92,53475.31
600908.SH,2021-07-09,5.5,5.54,5.42,5.44,116766.37,63743.94
600908.SH,2021-07-12,5.48,5.53,5.46,5.48,128458.0,70528.72
600908.SH,2021-07-13,5.48,5.5,5.41,5.48,105994.08,57853.86
600908.SH,2021-07-14,5.46,5.47,5.4,5.41,114560.96,62105.03
600908.SH,2021-07-15,5.41,5.52,5.41,5.5,165463.31,90614.79
600908.SH,2021-07-16,5.48,5.51,5.44,5.49,102293.83,55984.31
600908.SH,2021-07-19,5.64,5.65,5.54,5.62,242993.78,136108.84
600908.SH,2021-07-20,5.64,5.8,5.61,5.8,354463.04,203049.09
600908.SH,2021-07-21,5.81,5.86,5.77,5.84,270722.8,157705.29
600908.SH,2021-07-22,5.84,5.87,5.8,5.81,140631.0,81941.48
600908.SH,2021-07-23,5.8,5.83,5.73,5.79,167532.96,96888.56
600908.SH,2021-07-26,5.74,5.82,5.71,5.74,197542.0,113947.03
600908.SH,2021-07-27,5.79,5.92,5.75,5.83,357402.66,209158.2
600908.SH,2021-07-28,5.81,5.95,5.76,5.93,327509.53,192300.13
600908.SH,2021-07-29,5.93,5.93,5.82,5.88,147110.32,86279.18
600908.SH,2021-07-30,5.86,5.86,5.7,5.75,184276.55,105656.19
600908.SH,2021-08-02,5.7,5.85,5.63,5.78,183116.56,105216.35
600908.SH,2021-08-03,5.77,5.85,5.7,5.81,162797.38,94378.05
600908.SH,2021-08-04,5.79,5.81,5.72,5.75,129590.41,74568.26
600908.SH,2021-08-05,5.76,5.89,5.74,5.83,187976.29,109803.27
600908.SH,2021-08-06,5.81,5.89,5.72,5.83,164914.96,95772.06
600908.SH,2021-08-09,5.8,5.93,5.78,5.9,191477.96,112771.42
600908.SH,2021-08-10,5.87,5.91,5.8,5.9,206808.81,120950.31
600908.SH,2021-08-11,5.89,5.94,5.81,5.84,244086.92,143248.66
600908.SH,2021-08-12,5.81,5.88,5.76,5.76,190871.7,110760.61
600908.SH,2021-08-13,5.76,5.79,5.71,5.72,156402.54,89745.64
600908.SH,2021-08-16,5.73,5.78,5.68,5.76,143040.04,82189.72
600908.SH,2021-08-17,5.74,5.82,5.62,5.62,227904.0,130131.14
600908.SH,2021-08-18,5.62,5.81,5.6,5.8,252194.64,144201.85
600908.SH,2021-08-19,5.75,5.79,5.65,5.66,196533.12,111951.95
600908.SH,2021-08-20,5.66,5.69,5.6,5.65,139869.36,78754.15
600908.SH,2021-08-23,5.61,5.67,5.59,5.61,169384.0,95246.81
600908.SH,2021-08-24,5.62,5.64,5.56,5.59,149011.12,83325.06
600908.SH,2021-08-25,5.58,5.63,5.56,5.58,110627.6,61838.64
600908.SH,2021-08-26,5.58,5.6,5.53,5.54,156542.63,86950.25
600908.SH,2021-08-27,5.52,5.61,5.52,5.59,122633.21,68380.42
600908.SH,2021-08-30,5.6,5.67,5.59,5.65,267602.72,150720.84
600908.SH,2021-08-31,5.66,5.69,5.62,5.67,173427.45,98149.28
600908.SH,2021-09-01,5.68,5.84,5.64,5.81,337348.95,194133.89
600908.SH,2021-09-02,5.81,5.83,5.76,5.82,247452.51,143400.25
600908.SH,2021-09-03,5.78,5.88,5.78,5.8,218380.43,127405.92
600908.SH,2021-09-06,5.81,5.91,5.79,5.85,319530.3,187350.88
600908.SH,2021-09-07,5.84,5.93,5.82,5.91,249909.99,147088.19
600908.SH,2021-09-08,5.9,6.21,5.89,6.15,534932.59,327841.47
600908.SH,2021-09-09,6.13,6.2,6.09,6.14,247666.92,152022.51
600908.SH,2021-09-10,6.14,6.68,6.11,6.42,588468.45,378947.51
600908.SH,2021-09-13,6.35,6.41,6.27,6.4,349401.96,221660.9
600908.SH,2021-09-14,6.41,6.41,6.21,6.29,358762.02,225306.66
600908.SH,2021-09-15,6.23,6.3,6.14,6.2,231413.46,143681.37
600908.SH,2021-09-16,6.23,6.29,6.11,6.13,260802.45,161818.91
600908.SH,2021-09-17,6.11,6.16,6.05,6.1,188500.0,114965.41
600908.SH,2021-09-22,5.97,5.99,5.85,5.88,375780.14,221602.37
600908.SH,2021-09-23,5.94,6.17,5.92,6.05,282462.26,170365.4
600908.SH,2021-09-24,6.06,6.11,5.91,5.93,207618.85,124338.75
600908.SH,2021-09-27,5.9,5.94,5.81,5.91,218148.25,128117.29
600908.SH,2021-09-28,5.9,6.02,5.86,5.97,235787.53,140342.9
600908.SH,2021-09-29,5.91,6.0,5.89,5.97,190195.43,113208.82
600908.SH,2021-09-30,5.98,5.98,5.77,5.82,263213.72,153500.43
600908.SH,2021-10-08,5.86,6.04,5.84,5.97,268821.98,159939.88
600908.SH,2021-10-11,5.99,6.13,5.98,6.02,246745.46,149096.81
600908.SH,2021-10-12,5.98,6.15,5.94,6.06,285617.67,172936.48
600908.SH,2021-10-13,6.03,6.11,5.93,6.03,228270.69,137494.83
600908.SH,2021-10-14,6.01,6.02,5.93,5.96,190876.64,113831.05
600908.SH,2021-10-15,5.95,6.02,5.93,5.97,172380.64,102996.62
600908.SH,2021-10-18,5.95,6.08,5.95,6.05,207120.82,124712.47
600908.SH,2021-10-19,6.06,6.14,6.01,6.12,206319.29,125655.44
600908.SH,2021-10-20,6.11,6.17,6.04,6.08,182874.32,111703.37
600908.SH,2021-10-21,6.12,6.25,6.1,6.24,325975.99,201866.66
600908.SH,2021-10-22,6.27,6.32,6.13,6.15,315920.92,196155.59
600908.SH,2021-10-25,6.1,6.23,6.1,6.2,266086.08,164728.96
600908.SH,2021-10-26,6.21,6.31,6.18,6.27,270771.41,169627.73
600908.SH,2021-10-27,6.27,6.27,6.13,6.17,217734.39,134695.23
600908.SH,2021-10-28,6.14,6.19,6.05,6.06,213091.98,129965.25
600908.SH,2021-10-29,6.1,6.13,5.93,5.95,329153.7,196711.3
600908.SH,2021-11-01,5.89,5.91,5.7,5.84,414323.39,240634.31
600908.SH,2021-11-02,5.81,5.89,5.6,5.68,337261.38,193423.81
600908.SH,2021-11-03,5.66,5.76,5.64,5.73,198128.79,113206.5
600908.SH,2021-11-04,5.73,5.78,5.67,5.73,147526.79,84107.62
600908.SH,2021-11-05,5.72,5.72,5.61,5.63,203165.93,115011.37
600908.SH,2021-11-08,5.62,5.67,5.61,5.64,107465.86,60638.15
600908.SH,2021-11-09,5.65,5.68,5.6,5.67,166114.08,93731.72
600908.SH,2021-11-10,5.67,5.76,5.65,5.74,221071.21,126107.74
600908.SH,2021-11-11,5.74,5.82,5.72,5.79,176863.25,102321.43
600908.SH,2021-11-12,5.81,5.82,5.75,5.78,118057.09,68308.61
600908.SH,2021-11-15,5.76,5.84,5.73,5.76,152007.6,87530.57
600908.SH,2021-11-16,5.73,5.8,5.69,5.71,137965.75,79189.97
600908.SH,2021-11-17,5.71,5.73,5.66,5.67,144498.89,82093.73
600908.SH,2021-11-18,5.69,5.73,5.65,5.66,130812.89,74409.21
600908.SH,2021-11-19,5.67,5.73,5.63,5.72,142395.45,80852.56
600908.SH,2021-11-22,5.71,5.72,5.66,5.67,137153.45,78024.28
600908.SH,2021-11-23,5.67,5.72,5.66,5.68,111911.27,63582.33
600908.SH,2021-11-24,5.68,5.71,5.64,5.67,98602.88,55875.1
600908.SH,2021-11-25,5.68,5.69,5.64,5.66,85601.39,48446.67
600908.SH,2021-11-26,5.65,5.66,5.61,5.62,124712.62,70202.35
600908.SH,2021-11-29,5.6,5.6,5.54,5.55,164905.93,91816.86
600908.SH,2021-11-30,5.55,5.63,5.55,5.58,111428.04,62282.61
600908.SH,2021-12-01,5.58,5.61,5.55,5.6,124159.32,69333.24
600908.SH,2021-12-02,5.58,5.61,5.55,5.59,141341.99,78910.72
600908.SH,2021-12-03,5.59,5.61,5.55,5.61,129316.42,72185.99
600908.SH,2021-12-06,5.63,5.7,5.6,5.61,242819.22,137377.93
600908.SH,2021-12-07,5.65,5.67,5.6,5.66,170808.5,96452.08
600908.SH,2021-12-08,5.68,5.69,5.61,5.66,146372.94,82589.94
600908.SH,2021-12-09,5.63,5.74,5.62,5.72,275689.49,156855.07
600908.SH,2021-12-10,5.68,5.7,5.64,5.65,178501.59,101224.59
600908.SH,2021-12-13,5.65,5.75,5.64,5.7,253400.45,144791.56
600908.SH,2021-12-14,5.7,5.72,5.61,5.63,181750.53,102577.03
600908.SH,2021-12-15,5.61,5.65,5.61,5.62,97938.38,55097.03
600908.SH,2021-12-16,5.63,5.66,5.61,5.65,111375.98,62812.05
600908.SH,2021-12-17,5.65,5.68,5.62,5.64,127501.45,71968.46
600908.SH,2021-12-20,5.63,5.67,5.6,5.64,131959.56,74397.46
600908.SH,2021-12-21,5.64,5.77,5.62,5.74,284698.17,162721.34
600908.SH,2021-12-22,5.76,5.76,5.69,5.7,185846.0,106328.72
600908.SH,2021-12-23,5.7,5.72,5.64,5.65,182887.35,103724.73
600908.SH,2021-12-24,5.66,5.69,5.64,5.67,178819.75,101286.0
600908.SH,2021-12-27,5.66,5.7,5.63,5.65,167067.62,94688.31
600908.SH,2021-12-28,5.66,5.67,5.61,5.64,134708.18,75880.49
600908.SH,2021-12-29,5.64,5.65,5.61,5.62,125034.98,70427.62
600908.SH,2021-12-30,5.62,5.66,5.62,5.65,106077.0,59874.85
600908.SH,2021-12-31,5.65,5.68,5.62,5.67,103661.61,58584.19
600908.SH,2022-01-04,5.66,5.71,5.65,5.71,187608.0,106594.9
600908.SH,2022-01-05,5.74,5.77,5.71,5.74,274745.46,157789.8
600908.SH,2022-01-06,5.74,5.77,5.63,5.68,242998.89,138838.63
600908.SH,2022-01-07,5.69,5.84,5.68,5.79,384812.38,222425.61
600908.SH,2022-01-10,5.83,5.89,5.77,5.85,273883.12,159440.88
600908.SH,2022-01-11,5.85,6.0,5.83,5.92,367065.88,217325.04
600908.SH,2022-01-12,5.93,5.98,5.86,5.97,319889.36,189961.4
600908.SH,2022-01-13,5.92,6.12,5.92,6.0,354864.27,213770.12
600908.SH,2022-01-14,5.98,6.03,5.86,5.89,298611.04,176075.3
600908.SH,2022-01-17,5.9,5.97,5.83,5.93,252946.62,149106.0
600908.SH,2022-01-18,5.92,6.06,5.9,6.05,316083.65,189580.22
600908.SH,2022-01-19,6.01,6.09,6.0,6.08,216063.38,131126.81
600908.SH,2022-01-20,6.06,6.18,6.05,6.1,275851.41,168680.4
600908.SH,2022-01-21,6.08,6.12,6.03,6.07,166173.0,100734.82
600908.SH,2022-01-24,6.08,6.12,5.96,6.06,212280.1,128410.76
600908.SH,2022-01-25,6.03,6.05,5.88,5.89,201929.83,120283.47
600908.SH,2022-01-26,5.89,6.0,5.89,5.95,166868.38,99255.74
600908.SH,2022-01-27,5.95,6.05,5.9,5.96,234496.38,140329.76
600908.SH,2022-01-28,5.99,5.99,5.83,5.85,248179.46,146215.91
600908.SH,2022-02-07,5.91,6.12,5.9,6.08,294007.62,177689.43
600908.SH,2022-02-08,6.08,6.24,6.06,6.21,357153.31,220935.96
600908.SH,2022-02-09,6.22,6.25,6.12,6.14,237003.02,146251.28
600908.SH,2022-02-10,6.17,6.21,6.1,6.2,208659.14,128633.11
600908.SH,2022-02-11,6.17,6.27,6.15,6.19,234971.38,146117.51
600908.SH,2022-02-14,6.15,6.18,5.98,6.02,294603.64,178377.75
600908.SH,2022-02-15,6.0,6.11,6.0,6.07,224564.99,136069.47
600908.SH,2022-02-16,6.07,6.19,6.07,6.11,159916.0,98132.56
600908.SH,2022-02-17,6.1,6.18,6.05,6.08,147614.56,90050.51
600908.SH,2022-02-18,6.06,6.31,6.04,6.27,343864.36,213789.45
600908.SH,2022-02-21,6.27,6.3,6.2,6.26,210070.75,131065.39
600908.SH,2022-02-22,6.25,6.27,6.15,6.2,144642.49,89594.24
600908.SH,2022-02-23,6.21,6.22,6.1,6.15,166951.3,102487.22
600908.SH,2022-02-24,6.14,6.18,5.99,6.05,207778.12,126410.12
600908.SH,2022-02-25,6.09,6.14,6.03,6.04,149963.0,91026.57
600908.SH,2022-02-28,6.04,6.09,5.91,6.01,179019.49,106852.58
600908.SH,2022-03-01,6.01,6.09,5.98,6.08,177215.22,107008.84
600908.SH,2022-03-02,6.05,6.13,6.02,6.08,135791.06,82675.66
600908.SH,2022-03-03,6.12,6.19,6.09,6.18,211407.76,130243.77
600908.SH,2022-03-04,6.17,6.17,6.05,6.09,194303.91,118411.7
600908.SH,2022-03-07,6.06,6.14,6.02,6.04,148573.41,90108.24
600908.SH,2022-03-08,6.02,6.04,5.86,5.87,168994.0,100594.39
600908.SH,2022-03-09,5.91,5.91,5.58,5.8,248770.01,143558.53
600908.SH,2022-03-10,5.87,5.88,5.73,5.76,213375.0,123488.61
600908.SH,2022-03-11,5.72,5.79,5.58,5.77,258917.94,146830.78
600908.SH,2022-03-14,5.69,5.75,5.62,5.62,151787.0,86294.56
600908.SH,2022-03-15,5.6,5.63,5.29,5.32,278202.49,152575.48
600908.SH,2022-03-16,5.38,5.48,5.21,5.43,207814.69,111339.52
600908.SH,2022-03-17,5.46,5.5,5.41,5.42,179144.54,97662.38
600908.SH,2022-03-18,5.43,5.53,5.39,5.5,158202.1,86693.28
600908.SH,2022-03-21,5.49,5.51,5.37,5.41,172299.0,93524.09
600908.SH,2022-03-22,5.4,5.53,5.36,5.5,167773.09,91670.87
600908.SH,2022-03-23,5.49,5.52,5.43,5.46,148195.08,81070.64
600908.SH,2022-03-24,5.44,5.49,5.42,5.44,115487.64,62992.01
600908.SH,2022-03-25,5.42,5.49,5.39,5.42,113893.1,61920.26
600908.SH,2022-03-28,5.38,5.53,5.35,5.51,170697.46,93316.84
600908.SH,2022-03-29,5.51,5.63,5.48,5.62,201329.09,112177.65
600908.SH,2022-03-30,5.59,5.71,5.58,5.63,164825.64,93074.93
600908.SH,2022-03-31,5.63,5.93,5.59,5.82,325699.43,188579.61
600908.SH,2022-04-01,5.78,5.99,5.76,5.99,287826.32,170313.08
600908.SH,2022-04-06,5.98,6.24,5.95,6.22,490595.68,301038.46
600908.SH,2022-04-07,6.18,6.27,6.02,6.03,434829.3,266395.65
600908.SH,2022-04-08,6.05,6.08,5.92,6.02,228791.69,137550.09
600908.SH,2022-04-11,5.96,6.0,5.84,5.86,258240.46,152576.48
600908.SH,2022-04-12,5.85,5.94,5.78,5.87,244443.0,143259.03
600908.SH,2022-04-13,5.86,5.94,5.8,5.85,189054.0,110994.68
600908.SH,2022-04-14,5.91,5.96,5.84,5.87,168664.0,99288.66
600908.SH,2022-04-15,5.84,6.08,5.83,6.02,291079.48,173534.88
600908.SH,2022-04-18,5.94,5.95,5.77,5.88,277160.0,162533.6
600908.SH,2022-04-19,5.88,5.99,5.82,5.98,185378.84,109637.55
600908.SH,2022-04-20,5.96,5.99,5.84,5.87,142541.24,84018.94
600908.SH,2022-04-21,5.85,5.92,5.73,5.73,169974.95,98912.89
600908.SH,2022-04-22,5.73,5.88,5.7,5.84,162035.23,94370.86
600908.SH,2022-04-25,5.78,5.84,5.52,5.53,242994.9,137788.96
600908.SH,2022-04-26,5.56,5.7,5.44,5.48,192074.82,106890.27
600908.SH,2022-04-27,5.47,5.54,5.36,5.53,213652.4,116450.61
600908.SH,2022-04-28,5.5,5.68,5.48,5.61,195094.43,108789.07
600908.SH,2022-04-29,5.7,5.76,5.59,5.66,264564.7,150075.27
600908.SH,2022-05-05,5.68,5.92,5.62,5.9,350496.95,204652.73
600908.SH,2022-05-06,5.8,5.87,5.7,5.72,236300.68,136866.14
600908.SH,2022-05-09,5.72,5.75,5.61,5.65,175587.96,99342.16
600908.SH,2022-05-10,5.62,5.8,5.57,5.78,207224.27,117864.58
600908.SH,2022-05-11,5.73,5.8,5.63,5.63,226573.68,129253.04
600908.SH,2022-05-12,5.6,5.68,5.57,5.63,147788.99,83133.82
600908.SH,2022-05-13,5.65,5.77,5.64,5.69,133604.42,76092.91
600908.SH,2022-05-16,5.74,5.74,5.61,5.66,142260.92,80474.14
600908.SH,2022-05-17,5.65,5.71,5.62,5.67,127495.92,72248.12
600908.SH,2022-05-18,5.68,5.71,5.6,5.61,127658.49,71996.74
600908.SH,2022-05-19,5.56,5.59,5.5,5.53,158120.6,87443.98
600908.SH,2022-05-20,5.54,5.63,5.54,5.6,151100.46,84471.85
600908.SH,2022-05-23,5.61,5.63,5.55,5.56,133067.13,74284.29
600908.SH,2022-05-24,5.57,5.58,5.43,5.43,161342.77,88888.44
600908.SH,2022-05-25,5.45,5.5,5.41,5.49,124205.0,67993.47
600908.SH,2022-05-26,5.49,5.55,5.47,5.55,102178.35,56347.8
600908.SH,2022-05-27,5.54,5.58,5.5,5.55,105032.54,58241.44
600908.SH,2022-05-30,5.56,5.59,5.46,5.5,190776.95,105548.61
600908.SH,2022-05-31,5.5,5.53,5.44,5.52,140761.94,77257.14
600908.SH,2022-06-01,5.49,5.52,5.47,5.49,114475.0,62844.75
600908.SH,2022-06-02,5.47,5.55,5.47,5.53,154644.17,85230.02
600908.SH,2022-06-06,5.53,5.57,5.48,5.52,264896.96,145869.01
600908.SH,2022-06-07,5.51,5.57,5.49,5.55,229029.66,126808.75
600908.SH,2022-06-08,5.54,5.59,5.53,5.59,208041.97,115642.85
600908.SH,2022-06-09,5.57,5.65,5.56,5.64,217038.18,121835.06
600908.SH,2022-06-10,5.61,5.65,5.57,5.64,326961.85,183204.96
600908.SH,2022-06-13,5.59,5.6,5.44,5.49,372101.39,205121.89
600908.SH,2022-06-14,5.44,5.58,5.43,5.57,236970.0,130420.74
600908.SH,2022-06-15,5.57,5.86,5.56,5.75,568195.88,325932.34
600908.SH,2022-06-16,5.74,5.77,5.65,5.67,287794.07,163487.55
600908.SH,2022-06-17,5.63,5.65,5.56,5.62,232404.74,130532.83
600908.SH,2022-06-20,5.63,5.64,5.54,5.56,194437.0,108287.54
600908.SH,2022-06-21,5.53,5.61,5.53,5.57,182486.87,101613.18
600908.SH,2022-06-22,5.57,5.58,5.5,5.52,140213.68,77569.96
600908.SH,2022-06-23,5.53,5.55,5.49,5.55,157291.82,86891.61
600908.SH,2022-06-24,5.55,5.56,5.5,5.52,178436.0,98522.74
600908.SH,2022-06-27,5.54,5.57,5.52,5.55,176858.07,98128.5
600908.SH,2022-06-28,5.58,5.62,5.55,5.6,167675.63,93608.93
600908.SH,2022-06-29,5.6,5.63,5.55,5.56,162027.25,90629.49
600908.SH,2022-06-30,5.57,5.67,5.56,5.63,214617.19,120617.58
600908.SH,2022-07-01,5.65,5.67,5.6,5.65,149611.58,84371.65
600908.SH,2022-07-04,5.62,5.64,5.59,5.63,179263.63,100669.65
600908.SH,2022-07-05,5.64,5.7,5.62,5.65,197840.43,111877.73
600908.SH,2022-07-06,5.5,5.5,5.4,5.44,202581.4,110235.33
600908.SH,2022-07-07,5.45,5.48,5.42,5.46,124683.62,68081.45
600908.SH,2022-07-08,5.48,5.6,5.47,5.57,240096.46,133036.95
600908.SH,2022-07-11,5.75,6.05,5.67,5.93,958302.22,561804.96
600908.SH,2022-07-12,5.94,6.14,5.93,6.08,760687.71,460157.32
600908.SH,2022-07-13,6.08,6.17,5.97,6.04,481002.07,291614.99
600908.SH,2022-07-14,5.99,6.04,5.84,5.91,370199.48,218932.66
600908.SH,2022-07-15,5.94,5.96,5.7,5.71,420127.48,244585.21
600908.SH,2022-07-18,5.76,5.85,5.7,5.78,432258.49,249238.15
600908.SH,2022-07-19,5.81,5.95,5.79,5.88,346444.72,203819.08
600908.SH,2022-07-20,5.92,6.08,5.88,6.02,313769.34,188216.65
600908.SH,2022-07-21,6.03,6.06,5.91,5.93,241168.68,143807.69
600908.SH,2022-07-22,5.93,6.06,5.93,6.0,242806.0,145892.57
600908.SH,2022-07-25,6.0,6.08,5.96,6.02,236533.0,142744.43
600908.SH,2022-07-26,6.02,6.12,5.98,6.09,177527.81,107914.24
600908.SH,2022-07-27,6.05,6.09,5.98,6.03,235623.68,141973.16
600908.SH,2022-07-28,6.05,6.1,6.01,6.01,141209.01,85518.53
600908.SH,2022-07-29,6.05,6.05,5.97,5.99,136354.72,81853.39
600908.SH,2022-08-01,5.97,6.01,5.92,5.95,152565.49,90992.37
600908.SH,2022-08-02,5.93,5.93,5.79,5.87,264217.0,154801.49
600908.SH,2022-08-03,5.87,5.91,5.8,5.8,174525.78,102052.29
600908.SH,2022-08-04,5.85,5.85,5.74,5.8,170734.45,98879.22
600908.SH,2022-08-05,5.8,5.9,5.73,5.88,176220.91,102445.85
600908.SH,2022-08-08,5.88,5.9,5.8,5.88,147454.61,86396.73
600908.SH,2022-08-09,5.89,5.89,5.82,5.84,112021.61,65501.26
600908.SH,2022-08-10,5.87,5.87,5.79,5.81,104581.17,60985.26
600908.SH,2022-08-11,5.84,6.02,5.81,5.99,202595.25,119962.54
600908.SH,2022-08-12,5.99,6.07,5.92,5.98,230794.13,138099.33
600908.SH,2022-08-15,5.96,5.98,5.83,5.84,190622.49,112152.53
600908.SH,2022-08-16,5.85,5.93,5.82,5.86,128842.45,75528.0
600908.SH,2022-08-17,5.84,5.92,5.8,5.9,132985.93,78027.03
600908.SH,2022-08-18,5.85,5.9,5.75,5.78,217818.94,126090.5
600908.SH,2022-08-19,5.78,5.87,5.76,5.83,186625.15,108774.98
600908.SH,2022-08-22,5.8,5.93,5.8,5.82,169083.77,98923.16
600908.SH,2022-08-23,5.83,5.84,5.76,5.83,131711.5,76327.64
600908.SH,2022-08-24,5.83,5.89,5.76,5.77,159864.52,93118.4
600908.SH,2022-08-25,5.79,5.93,5.75,5.92,181441.55,105998.32
600908.SH,2022-08-26,5.92,5.96,5.84,5.87,170094.56,100076.5
600908.SH,2022-08-29,5.85,6.0,5.81,5.95,262207.78,154565.98
600908.SH,2022-08-30,5.96,6.05,5.89,5.96,244517.6,145747.28
600908.SH,2022-08-31,5.97,6.01,5.89,5.91,278237.72,165374.8
600908.SH,2022-09-01,5.92,5.99,5.86,5.95,218274.08,129998.6
600908.SH,2022-09-02,5.95,6.01,5.89,5.92,208724.99,124022.13
600908.SH,2022-09-05,5.91,6.04,5.89,6.02,223935.8,133682.25
600908.SH,2022-09-06,6.02,6.06,5.94,5.97,184460.16,110273.23
600908.SH,2022-09-07,5.97,5.97,5.91,5.95,137376.02,81597.46
600908.SH,2022-09-08,5.95,6.04,5.95,6.01,194362.88,116579.01
600908.SH,2022-09-09,6.01,6.11,6.0,6.08,244955.36,148728.53
600908.SH,2022-09-13,6.1,6.14,6.05,6.07,207047.06,126244.15
600908.SH,2022-09-14,6.03,6.06,5.99,6.02,213619.05,128643.16
600908.SH,2022-09-15,6.06,6.14,5.96,6.0,269100.4,162722.38
600908.SH,2022-09-16,6.02,6.02,5.87,5.88,236948.69,140961.77
600908.SH,2022-09-19,5.87,5.95,5.81,5.9,184028.28,108166.59
600908.SH,2022-09-20,5.91,5.97,5.84,5.84,178305.07,105238.8
600908.SH,2022-09-21,5.84,5.98,5.8,5.93,214817.52,127233.72
600908.SH,2022-09-22,5.9,5.93,5.82,5.9,225926.6,132799.41
600908.SH,2022-09-23,5.88,5.96,5.85,5.9,202987.82,119964.54
600908.SH,2022-09-26,5.87,5.92,5.72,5.73,248232.58,143713.68
600908.SH,2022-09-27,5.74,5.86,5.73,5.85,165611.51,96120.35
600908.SH,2022-09-28,5.86,5.9,5.8,5.82,217457.78,127344.97
600908.SH,2022-09-29,5.86,5.87,5.72,5.76,157562.88,91380.69
600908.SH,2022-09-30,5.75,5.84,5.72,5.79,138521.48,80136.96
600908.SH,2022-10-10,5.79,5.86,5.72,5.75,206902.89,119918.53
600908.SH,2022-10-11,5.75,5.78,5.61,5.63,340838.67,194146.92
600908.SH,2022-10-12,5.63,5.8,5.6,5.8,328565.88,188137.61
600908.SH,2022-10-13,5.76,5.78,5.65,5.67,249929.61,142413.06
600908.SH,2022-10-14,5.71,5.92,5.7,5.86,297238.22,173493.81
600908.SH,2022-10-17,5.83,5.87,5.8,5.83,175227.0,102196.27
600908.SH,2022-10-18,5.89,5.94,5.84,5.86,159815.36,93949.93
600908.SH,2022-10-19,5.85,5.88,5.78,5.8,113966.61,66454.72
600908.SH,2022-10-20,5.8,5.81,5.72,5.74,173413.63,99713.39
600908.SH,2022-10-21,5.75,5.77,5.67,5.7,145057.93,82822.65
600908.SH,2022-10-24,5.69,5.75,5.55,5.57,213206.84,120261.32
600908.SH,2022-10-25,5.54,5.61,5.46,5.49,186918.92,103085.87
600908.SH,2022-10-26,5.5,5.55,5.43,5.47,262159.07,143856.08
600908.SH,2022-10-27,5.47,5.5,5.43,5.44,158822.75,86705.98
600908.SH,2022-10-28,5.43,5.46,5.26,5.32,297787.61,159191.42
600908.SH,2022-10-31,5.15,5.23,4.8,4.83,1040333.46,508709.74
600908.SH,2022-11-01,4.81,4.88,4.8,4.88,616243.03,298360.44
600908.SH,2022-11-02,4.85,4.89,4.82,4.85,468575.01,227056.72
600908.SH,2022-11-03,4.83,4.86,4.8,4.82,306567.69,147946.22
600908.SH,2022-11-04,4.81,4.96,4.8,4.94,487667.65,238459.76
600908.SH,2022-11-07,4.93,4.97,4.89,4.93,293187.89,144216.51
600908.SH,2022-11-08,4.93,4.95,4.89,4.92,189082.22,92959.4
600908.SH,2022-11-09,4.91,4.95,4.9,4.92,192913.56,94967.88
600908.SH,2022-11-10,4.89,4.93,4.86,4.91,214948.44,105280.54
600908.SH,2022-11-11,4.98,5.07,4.93,5.03,468240.54,233743.42
600908.SH,2022-11-14,5.04,5.14,5.03,5.08,402406.31,204735.2
600908.SH,2022-11-15,5.05,5.14,5.05,5.11,287254.45,146497.89
600908.SH,2022-11-16,5.09,5.12,5.07,5.08,219417.0,111769.47
600908.SH,2022-11-17,5.08,5.1,5.06,5.09,149534.08,75910.47
600908.SH,2022-11-18,5.09,5.11,5.04,5.07,208508.49,105822.07
600908.SH,2022-11-21,5.07,5.07,5.01,5.05,144904.86,72978.25
600908.SH,2022-11-22,5.05,5.14,5.04,5.09,211268.33,107613.6
600908.SH,2022-11-23,5.1,5.17,5.09,5.12,255498.65,131059.59
600908.SH,2022-11-24,5.12,5.16,5.09,5.13,187620.53,96148.52
600908.SH,2022-11-25,5.13,5.26,5.12,5.26,312151.54,162650.48
600908.SH,2022-11-28,5.19,5.23,5.12,5.2,234815.0,121378.65
600908.SH,2022-11-29,5.21,5.41,5.21,5.28,551888.22,292798.87
600908.SH,2022-11-30,5.29,5.33,5.22,5.26,395446.77,208433.5
600908.SH,2022-12-01,5.32,5.33,5.23,5.24,268595.46,141439.33
600908.SH,2022-12-02,5.24,5.26,5.15,5.23,190590.27,99136.42
600908.SH,2022-12-05,5.24,5.34,5.23,5.33,257743.5,136546.97
600908.SH,2022-12-06,5.32,5.36,5.28,5.33,191688.88,101902.6
600908.SH,2022-12-07,5.33,5.34,5.26,5.3,187295.06,99311.9
600908.SH,2022-12-08,5.3,5.37,5.28,5.34,194813.53,103821.83
600908.SH,2022-12-09,5.34,5.39,5.32,5.38,187147.9,100307.26
600908.SH,2022-12-12,5.35,5.38,5.26,5.28,190039.52,101359.45
600908.SH,2022-12-13,5.28,5.37,5.26,5.34,172944.67,92295.13
600908.SH,2022-12-14,5.33,5.36,5.28,5.29,111685.0,59289.12
600908.SH,2022-12-15,5.29,5.3,5.21,5.22,119132.0,62413.23
600908.SH,2022-12-16,5.19,5.28,5.19,5.24,145370.2,76051.7
600908.SH,2022-12-19,5.24,5.25,5.1,5.12,170303.28,87904.64
600908.SH,2022-12-20,5.12,5.16,5.06,5.08,115196.39,58880.61
600908.SH,2022-12-21,5.09,5.15,5.07,5.1,104137.04,53150.4
600908.SH,2022-12-22,5.12,5.16,5.0,5.02,128198.88,64997.76
600908.SH,2022-12-23,5.01,5.06,4.97,4.98,115547.8,57803.64
600908.SH,2022-12-26,4.98,5.01,4.96,4.98,145219.82,72331.7
600908.SH,2022-12-27,5.04,5.14,5.01,5.14,169834.0,86283.52
600908.SH,2022-12-28,5.12,5.25,5.09,5.22,214110.87,111459.96
600908.SH,2022-12-29,5.19,5.28,5.15,5.28,171547.8,89746.99
600908.SH,2022-12-30,5.29,5.3,5.22,5.27,110951.0,58320.41
600908.SH,2023-01-03,5.27,5.29,5.21,5.25,167732.19,88163.81
600908.SH,2023-01-04,5.28,5.55,5.28,5.48,412797.36,224725.28
600908.SH,2023-01-05,5.49,5.52,5.45,5.5,218837.38,119970.74
600908.SH,2023-01-06,5.5,5.52,5.42,5.44,134231.73,73192.53
600908.SH,2023-01-09,5.44,5.46,5.36,5.36,177834.81,95711.24
600908.SH,2023-01-10,5.36,5.39,5.32,5.34,137384.18,73411.8
600908.SH,2023-01-11,5.34,5.44,5.32,5.44,179263.6,96868.57
600908.SH,2023-01-12,5.43,5.43,5.34,5.37,113260.78,60893.92
600908.SH,2023-01-13,5.39,5.47,5.36,5.47,143719.7,77826.38
600908.SH,2023-01-16,5.65,5.88,5.61,5.69,619012.34,354468.86
600908.SH,2023-01-17,5.73,5.79,5.7,5.75,368554.74,211783.97
600908.SH,2023-01-18,5.75,5.94,5.71,5.82,313878.75,183141.6
600908.SH,2023-01-19,5.8,5.87,5.73,5.84,237000.57,137549.64
600908.SH,2023-01-20,5.84,5.85,5.76,5.77,208912.0,120928.33
600908.SH,2023-01-30,5.8,5.84,5.68,5.69,235017.5,134936.82
600908.SH,2023-01-31,5.68,5.78,5.66,5.75,171397.86,98319.89
600908.SH,2023-02-01,5.77,5.8,5.73,5.78,163479.09,94252.15
600908.SH,2023-02-02,5.78,5.78,5.72,5.73,107324.53,61660.57
600908.SH,2023-02-03,5.73,5.73,5.63,5.66,108443.91,61375.89
600908.SH,2023-02-06,5.63,5.66,5.59,5.61,115666.0,64961.93
600908.SH,2023-02-07,5.62,5.66,5.59,5.64,126560.0,71162.07
600908.SH,2023-02-08,5.64,5.66,5.55,5.58,144355.0,80748.9
600908.SH,2023-02-09,5.55,5.62,5.55,5.61,155867.4,87229.59
600908.SH,2023-02-10,5.61,5.66,5.59,5.66,126054.86,70917.15
600908.SH,2023-02-13,5.66,5.67,5.59,5.61,198162.36,111225.33
600908.SH,2023-02-14,5.62,5.74,5.6,5.72,202328.57,115192.35
600908.SH,2023-02-15,5.72,5.72,5.66,5.69,115906.79,65962.59
600908.SH,2023-02-16,5.69,5.76,5.61,5.64,146535.82,83596.34
600908.SH,2023-02-17,5.64,5.66,5.59,5.59,103611.68,58266.91
600908.SH,2023-02-20,5.61,5.73,5.6,5.71,150575.16,85479.35
600908.SH,2023-02-21,5.7,5.73,5.66,5.7,135218.0,77017.18
600908.SH,2023-02-22,5.7,5.71,5.66,5.67,80973.56,45994.24
600908.SH,2023-02-23,5.69,5.79,5.67,5.7,186290.56,106428.82
600908.SH,2023-02-24,5.69,5.7,5.63,5.68,107532.0,60915.02
600908.SH,2023-02-27,5.67,5.67,5.6,5.61,91715.5,51690.56
600908.SH,2023-02-28,5.63,5.65,5.58,5.64,101210.2,56798.95
600908.SH,2023-03-01,5.64,5.69,5.6,5.69,115208.38,65284.57
600908.SH,2023-03-02,5.68,5.7,5.63,5.69,133636.82,75836.39
600908.SH,2023-03-03,5.69,5.75,5.66,5.73,148133.0,84452.84
600908.SH,2023-03-06,5.74,5.78,5.66,5.67,161325.27,92054.46
600908.SH,2023-03-07,5.67,5.78,5.66,5.67,193064.1,110557.5
600908.SH,2023-03-08,5.66,5.75,5.61,5.74,203963.19,115896.85
600908.SH,2023-03-09,5.76,5.76,5.65,5.66,138303.0,78818.03
600908.SH,2023-03-10,5.64,5.64,5.49,5.49,230651.0,128209.24
600908.SH,2023-03-13,5.43,5.53,5.42,5.5,143164.55,78343.07
600908.SH,2023-03-14,5.45,5.47,5.37,5.39,124862.47,67588.7
600908.SH,2023-03-15,5.46,5.52,5.43,5.5,109634.05,60141.28
600908.SH,2023-03-16,5.49,5.56,5.44,5.51,133657.26,73737.27
600908.SH,2023-03-17,5.54,5.58,5.51,5.54,93892.28,52054.47
600908.SH,2023-03-20,5.55,5.63,5.47,5.48,134105.0,74462.55
600908.SH,2023-03-21,5.51,5.53,5.41,5.42,145608.75,79422.82
600908.SH,2023-03-22,5.45,5.51,5.43,5.5,103748.0,56850.4
600908.SH,2023-03-23,5.49,5.56,5.46,5.54,102222.2,56295.29
600908.SH,2023-03-24,5.54,5.56,5.45,5.45,100701.0,55165.34
600908.SH,2023-03-27,5.46,5.47,5.41,5.44,106174.5,57705.76
600908.SH,2023-03-28,5.46,5.46,5.41,5.43,68833.24,37359.18
600908.SH,2023-03-29,5.42,5.44,5.35,5.37,110682.33,59523.1
600908.SH,2023-03-30,5.36,5.44,5.35,5.41,119301.0,64405.85
600908.SH,2023-03-31,5.44,5.47,5.36,5.38,133494.17,72231.46
600908.SH,2023-04-03,5.37,5.44,5.36,5.43,169596.06,91682.02
600908.SH,2023-04-04,5.43,5.43,5.37,5.42,109031.66,58998.6
600908.SH,2023-04-06,5.41,5.43,5.36,5.37,125046.0,67354.07
600908.SH,2023-04-07,5.38,5.41,5.36,5.38,79795.19,42952.63
600908.SH,2023-04-10,5.4,5.4,5.35,5.39,138006.06,74261.6
600908.SH,2023-04-11,5.39,5.4,5.35,5.39,106992.0,57521.96
600908.SH,2023-04-12,5.39,5.46,5.38,5.41,128946.67,69890.8
600908.SH,2023-04-13,5.4,5.5,5.38,5.47,161401.52,87779.02
600908.SH,2023-04-14,5.47,5.54,5.46,5.48,144111.07,79195.31
600908.SH,2023-04-17,5.48,5.57,5.47,5.56,160657.35,88922.14
600908.SH,2023-04-18,5.56,5.62,5.54,5.61,151092.08,84611.15
600908.SH,2023-04-19,5.64,5.66,5.58,5.6,146870.85,82597.76
600908.SH,2023-04-20,5.64,5.69,5.58,5.67,175115.76,98661.4
600908.SH,2023-04-21,5.67,5.72,5.57,5.58,170079.0,95899.2
600908.SH,2023-04-24,5.57,5.65,5.54,5.56,124547.51,69640.32
600908.SH,2023-04-25,5.54,5.67,5.54,5.64,196243.82,110338.29
600908.SH,2023-04-26,5.64,5.64,5.49,5.6,158132.28,88101.39
600908.SH,2023-04-27,5.62,5.71,5.58,5.69,202815.48,114762.23
600908.SH,2023-04-28,5.73,5.79,5.67,5.68,216335.0,123859.94
600908.SH,2023-05-04,5.68,5.81,5.6,5.79,354346.67,203986.11
600908.SH,2023-05-05,5.8,5.88,5.71,5.77,268892.41,155542.04
600908.SH,2023-05-08,5.76,5.93,5.75,5.89,517788.85,303960.5
600908.SH,2023-05-09,5.93,6.0,5.86,5.87,554715.55,329366.65
600908.SH,2023-05-10,5.88,5.89,5.72,5.76,265677.63,153888.93
600908.SH,2023-05-11,5.75,5.82,5.72,5.78,171325.78,98935.6
600908.SH,2023-05-12,5.77,5.84,5.74,5.74,162592.1,94003.77
600908.SH,2023-05-15,5.73,5.79,5.63,5.78,180905.06,103270.04
600908.SH,2023-05-16,5.8,5.82,5.72,5.75,154958.04,89509.39
600908.SH,2023-05-17,5.72,5.78,5.7,5.73,101043.0,58006.39
600908.SH,2023-05-18,5.74,5.82,5.74,5.76,126665.22,73286.11
600908.SH,2023-05-19,5.76,5.76,5.63,5.64,154208.76,87515.53
600908.SH,2023-05-22,5.66,5.68,5.62,5.66,93377.0,52777.83
600908.SH,2023-05-23,5.65,5.68,5.59,5.6,94613.05,53382.38
600908.SH,2023-05-24,5.58,5.6,5.51,5.51,115599.51,64078.83
600908.SH,2023-05-25,5.5,5.53,5.42,5.47,115011.21,62887.02
600908.SH,2023-05-26,5.48,5.52,5.44,5.5,67331.39,36887.44
600908.SH,2023-05-29,5.5,5.55,5.47,5.49,131767.99,72560.17
600908.SH,2023-05-30,5.48,5.54,5.45,5.5,83527.18,45873.81
600908.SH,2023-05-31,5.49,5.52,5.45,5.49,74113.0,40628.71
600908.SH,2023-06-01,5.49,5.5,5.43,5.44,108234.67,59067.28
600908.SH,2023-06-02,5.45,5.52,5.45,5.5,82245.89,45178.78
600908.SH,2023-06-05,5.52,5.54,5.49,5.51,62963.0,34710.37
600908.SH,2023-06-06,5.52,5.54,5.44,5.45,88045.0,48380.85
600908.SH,2023-06-07,5.47,5.55,5.46,5.5,71865.0,39548.89
600908.SH,2023-06-08,5.48,5.58,5.48,5.57,107084.12,59352.82
600908.SH,2023-06-09,5.59,5.59,5.53,5.53,63535.0,35266.63
600908.SH,2023-06-12,5.52,5.53,5.46,5.47,90032.0,49383.07
600908.SH,2023-06-13,5.49,5.52,5.45,5.51,86499.01,47432.51
600908.SH,2023-06-14,5.51,5.53,5.45,5.45,109074.21,59823.44
600908.SH,2023-06-15,5.45,5.49,5.39,5.44,112592.0,61105.07
600908.SH,2023-06-16,5.44,5.45,5.4,5.4,86615.0,46948.93
600908.SH,2023-06-19,5.41,5.41,5.35,5.36,93293.68,50175.11
600908.SH,2023-06-20,5.35,5.38,5.31,5.31,84688.87,45189.48
600908.SH,2023-06-21,5.31,5.32,5.26,5.27,94061.54,49751.13
600908.SH,2023-06-26,5.25,5.27,5.15,5.15,123572.0,64050.9
600908.SH,2023-06-27,5.15,5.23,5.15,5.21,66293.02,34461.49
600908.SH,2023-06-28,5.22,5.24,5.18,5.22,66677.58,34737.41
600908.SH,2023-06-29,5.22,5.23,5.19,5.2,57487.0,29910.11
600908.SH,2023-06-30,5.19,5.37,5.19,5.36,144153.17,76391.99
600908.SH,2023-07-03,5.33,5.37,5.31,5.37,104114.0,55663.0
600908.SH,2023-07-04,5.35,5.37,5.3,5.32,92433.94,49246.85
600908.SH,2023-07-05,5.32,5.34,5.29,5.31,74850.05,39742.75
600908.SH,2023-07-06,5.13,5.15,5.1,5.1,87826.5,45015.66
600908.SH,2023-07-07,5.12,5.18,5.11,5.17,70388.91,36301.97
600908.SH,2023-07-10,5.18,5.19,5.14,5.16,41959.66,21675.27
600908.SH,2023-07-11,5.18,5.2,5.16,5.18,66701.73,34520.13
600908.SH,2023-07-12,5.18,5.21,5.15,5.18,69106.3,35859.56
600908.SH,2023-07-13,5.18,5.25,5.18,5.23,97496.12,50916.31
600908.SH,2023-07-14,5.23,5.24,5.18,5.2,111042.18,57750.4
600908.SH,2023-07-17,5.2,5.23,5.16,5.23,79021.0,41042.81
600908.SH,2023-07-18,5.22,5.24,5.19,5.2,44748.75,23332.59
600908.SH,2023-07-19,5.2,5.24,5.2,5.22,36478.12,19029.68
600908.SH,2023-07-20,5.21,5.26,5.2,5.21,70364.0,36816.0
600908.SH,2023-07-21,5.21,5.24,5.18,5.23,71174.0,37072.5
600908.SH,2023-07-24,5.21,5.27,5.18,5.24,93102.23,48621.52
600908.SH,2023-07-25,5.25,5.33,5.24,5.33,122303.38,64874.09
600908.SH,2023-07-26,5.32,5.36,5.31,5.35,78912.82,42115.04
600908.SH,2023-07-27,5.36,5.42,5.34,5.37,106139.03,57113.57
600908.SH,2023-07-28,5.35,5.52,5.34,5.51,230481.36,125976.45
600908.SH,2023-07-31,5.53,5.64,5.52,5.62,267399.37,149755.72
600908.SH,2023-08-01,5.6,5.64,5.59,5.62,166132.26,93290.03
600908.SH,2023-08-02,5.61,5.66,5.55,5.58,175010.7,97903.87
600908.SH,2023-08-03,5.6,5.67,5.56,5.65,154219.81,86628.16
600908.SH,2023-08-04,5.68,5.74,5.63,5.68,181540.0,103210.56
600908.SH,2023-08-07,5.66,5.67,5.58,5.62,139493.73,78330.2
600908.SH,2023-08-08,5.63,5.65,5.57,5.61,105130.11,59019.34
600908.SH,2023-08-09,5.64,5.64,5.57,5.6,84210.0,47143.44
600908.SH,2023-08-10,5.57,5.6,5.55,5.59,92929.91,51819.24
600908.SH,2023-08-11,5.59,5.63,5.48,5.48,99894.91,55251.45
600908.SH,2023-08-14,5.49,5.51,5.42,5.45,88416.72,48285.8
600908.SH,2023-08-15,5.47,5.51,5.43,5.48,79638.74,43539.74
600908.SH,2023-08-16,5.45,5.53,5.41,5.47,85720.38,46875.6
600908.SH,2023-08-17,5.47,5.51,5.4,5.44,126038.93,68539.58
600908.SH,2023-08-18,5.41,5.52,5.41,5.46,122011.77,66903.23
600908.SH,2023-08-21,5.44,5.49,5.4,5.4,102738.28,55915.38
600908.SH,2023-08-22,5.4,5.52,5.4,5.49,157734.36,86429.77
600908.SH,2023-08-23,5.49,5.61,5.47,5.54,162432.93,90226.98
600908.SH,2023-08-24,5.54,5.55,5.43,5.43,125210.0,68453.56
600908.SH,2023-08-25,5.4,5.58,5.4,5.53,165655.46,91642.74
600908.SH,2023-08-28,5.85,5.86,5.59,5.6,259228.2,147600.55
600908.SH,2023-08-29,5.61,5.64,5.44,5.52,264451.3,146079.85
600908.SH,2023-08-30,5.51,5.51,5.32,5.37,279812.9,151009.25
600908.SH,2023-08-31,5.38,5.44,5.35,5.37,144311.76,77812.78
600908.SH,2023-09-01,5.38,5.51,5.38,5.48,172149.64,94134.25
600908.SH,2023-09-04,5.52,5.63,5.5,5.6,186098.86,104037.19
600908.SH,2023-09-05,5.6,5.6,5.47,5.48,137502.0,75621.52
600908.SH,2023-09-06,5.49,5.51,5.44,5.49,87936.59,48169.67
600908.SH,2023-09-07,5.5,5.58,5.48,5.49,115140.0,63635.62
600908.SH,2023-09-08,5.48,5.55,5.47,5.52,78389.0,43230.05
600908.SH,2023-09-11,5.53,5.6,5.53,5.59,118582.2,66096.62
600908.SH,2023-09-12,5.59,5.59,5.54,5.56,89970.7,50024.29
600908.SH,2023-09-13,5.56,5.6,5.52,5.54,86193.78,47868.36
600908.SH,2023-09-14,5.54,5.62,5.53,5.61,158953.74,88944.11
600908.SH,2023-09-15,5.63,5.67,5.58,5.59,139413.67,78266.99
600908.SH,2023-09-18,5.61,5.63,5.51,5.62,127990.37,71334.39
600908.SH,2023-09-19,5.6,5.64,5.58,5.63,115290.58,64747.96
600908.SH,2023-09-20,5.6,5.65,5.58,5.63,121368.48,68252.22
600908.SH,2023-09-21,5.63,5.64,5.56,5.62,115163.56,64631.1
600908.SH,2023-09-22,5.62,5.67,5.57,5.63,133338.25,74862.24
600908.SH,2023-09-25,5.62,5.66,5.59,5.62,112143.87,63176.84
600908.SH,2023-09-26,5.64,5.67,5.6,5.61,102957.0,57939.46
600908.SH,2023-09-27,5.61,5.63,5.59,5.61,121909.0,68374.7
600908.SH,2023-09-28,5.61,5.66,5.57,5.58,106682.0,59807.85
600908.SH,2023-10-09,5.56,5.58,5.46,5.51,141971.22,78140.72
600908.SH,2023-10-10,5.53,5.58,5.51,5.54,128673.03,71335.49
600908.SH,2023-10-11,5.55,5.59,5.46,5.48,137515.21,75977.28
600908.SH,2023-10-12,5.55,5.63,5.54,5.55,176315.0,98488.12
600908.SH,2023-10-13,5.55,5.59,5.49,5.53,112078.85,62127.63
600908.SH,2023-10-16,5.53,5.56,5.49,5.53,126539.0,69846.68
600908.SH,2023-10-17,5.54,5.6,5.52,5.59,95474.0,53179.56
600908.SH,2023-10-18,5.56,5.61,5.53,5.53,98305.61,54770.06
600908.SH,2023-10-19,5.52,5.54,5.33,5.38,251516.69,135570.81
600908.SH,2023-10-20,5.35,5.45,5.34,5.39,120079.85,64845.13
600908.SH,2023-10-23,5.38,5.4,5.23,5.27,134053.87,71256.89
600908.SH,2023-10-24,5.28,5.31,5.23,5.27,135947.39,71600.49
600908.SH,2023-10-25,5.3,5.34,5.26,5.3,75787.0,40175.63
600908.SH,2023-10-26,5.28,5.38,5.27,5.32,92575.0,49387.95
600908.SH,2023-10-27,5.32,5.35,5.22,5.29,246894.08,130390.21
600908.SH,2023-10-30,5.28,5.29,5.15,5.2,225971.18,117341.27
600908.SH,2023-10-31,5.16,5.18,5.02,5.09,364121.75,184601.59
600908.SH,2023-11-01,5.09,5.1,5.03,5.05,226642.06,114435.93
600908.SH,2023-11-02,5.04,5.09,5.04,5.05,164754.1,83419.05
600908.SH,2023-11-03,5.05,5.08,5.04,5.05,159967.9,80888.66
600908.SH,2023-11-06,5.06,5.1,5.04,5.09,199297.87,101158.78
600908.SH,2023-11-07,5.08,5.11,5.07,5.09,157433.28,80137.69
600908.SH,2023-11-08,5.09,5.1,5.03,5.05,161539.0,81861.12
600908.SH,2023-11-09,5.04,5.07,5.04,5.06,114681.72,58008.88
600908.SH,2023-11-10,5.06,5.07,5.01,5.02,118981.31,59830.6
600908.SH,2023-11-13,5.03,5.04,5.0,5.03,106021.79,53153.68
600908.SH,2023-11-14,5.02,5.05,5.02,5.03,98306.18,49483.82
600908.SH,2023-11-15,5.06,5.07,5.03,5.05,127246.27,64275.49
600908.SH,2023-11-16,5.05,5.06,5.02,5.03,80040.63,40292.1
600908.SH,2023-11-17,5.03,5.03,4.97,4.99,141133.58,70459.22
600908.SH,2023-11-20,5.0,5.01,4.97,5.0,122545.31,61144.86
600908.SH,2023-11-21,5.0,5.05,5.0,5.02,147975.0,74425.15
600908.SH,2023-11-22,5.01,5.04,5.0,5.0,87788.72,44067.6
600908.SH,2023-11-23,5.0,5.03,4.98,5.03,83700.0,41916.6
600908.SH,2023-11-24,5.02,5.05,5.01,5.04,131526.0,66248.44
600908.SH,2023-11-27,5.04,5.04,4.95,4.97,155607.08,77551.96
600908.SH,2023-11-28,4.97,5.0,4.95,4.99,104337.36,51927.29
600908.SH,2023-11-29,4.98,4.99,4.92,4.93,119633.0,59180.03
600908.SH,2023-11-30,4.93,4.95,4.9,4.91,97721.37,48148.33
600908.SH,2023-12-01,4.91,4.94,4.9,4.92,100503.06,49455.63
600908.SH,2023-12-04,4.92,4.93,4.91,4.92,91662.0,45105.58
600908.SH,2023-12-05,4.92,4.92,4.84,4.84,102957.28,50248.62
600908.SH,2023-12-06,4.83,4.89,4.81,4.87,90368.98,43877.68
600908.SH,2023-12-07,4.86,4.89,4.84,4.88,79215.55,38590.24
600908.SH,2023-12-08,4.88,4.91,4.86,4.88,86797.0,42432.98
600908.SH,2023-12-11,4.86,4.92,4.79,4.91,127687.16,61968.34
600908.SH,2023-12-12,4.91,4.94,4.89,4.93,87250.39,42931.11
600908.SH,2023-12-13,4.92,4.94,4.9,4.9,70363.0,34664.57
600908.SH,2023-12-14,4.91,4.93,4.9,4.9,55676.0,27376.44
600908.SH,2023-12-15,4.9,4.94,4.89,4.9,64007.0,31489.54
600908.SH,2023-12-18,4.9,4.91,4.84,4.85,71368.0,34790.32
600908.SH,2023-12-19,4.85,4.86,4.81,4.83,68804.0,33221.16
600908.SH,2023-12-20,4.84,4.86,4.81,4.82,66100.0,31976.12
600908.SH,2023-12-21,4.8,4.82,4.74,4.81,123585.61,59118.89
600908.SH,2023-12-22,4.81,4.84,4.79,4.82,89909.0,43320.71
600908.SH,2023-12-25,4.81,4.81,4.76,4.78,72832.15,34802.15
600908.SH,2023-12-26,4.78,4.79,4.74,4.75,66917.0,31877.16
600908.SH,2023-12-27,4.75,4.78,4.72,4.78,59425.0,28231.76
600908.SH,2023-12-28,4.77,4.86,4.76,4.85,103614.34,50000.51
600908.SH,2023-12-29,4.89,5.06,4.88,5.05,343053.93,170752.67
600908.SH,2024-01-02,5.05,5.05,4.95,4.96,148286.68,74026.45
600908.SH,2024-01-03,4.95,5.0,4.94,4.97,110839.15,55148.42
600908.SH,2024-01-04,4.96,5.0,4.92,4.97,87025.0,43099.06
600908.SH,2024-01-05,4.97,5.1,4.93,5.05,296764.78,149890.28
600908.SH,2024-01-08,5.05,5.06,4.96,4.97,153601.95,76848.8
600908.SH,2024-01-09,4.96,5.03,4.93,5.02,159848.65,79456.67
600908.SH,2024-01-10,5.0,5.02,4.97,4.97,91959.34,45848.9
600908.SH,2024-01-11,4.96,5.03,4.94,5.0,113651.6,56847.16
600908.SH,2024-01-12,5.03,5.37,5.03,5.19,538133.78,280152.36
600908.SH,2024-01-15,5.18,5.23,5.13,5.19,222893.86,115422.37
600908.SH,2024-01-16,5.17,5.26,5.16,5.23,239300.44,124676.99
600908.SH,2024-01-17,5.22,5.33,5.2,5.21,299376.3,157677.44
600908.SH,2024-01-18,5.18,5.2,5.05,5.17,329159.98,168552.97
600908.SH,2024-01-19,5.15,5.18,5.1,5.13,128875.23,66268.02
600908.SH,2024-01-22,5.14,5.15,4.97,4.99,238396.2,120651.16
600908.SH,2024-01-23,4.98,5.09,4.88,5.03,188042.76,93712.89
600908.SH,2024-01-24,5.05,5.12,4.9,5.11,183171.76,92543.93
600908.SH,2024-01-25,5.09,5.15,5.06,5.14,256178.13,131250.34
600908.SH,2024-01-26,5.16,5.37,5.14,5.25,342245.57,179516.04
600908.SH,2024-01-29,5.3,5.33,5.17,5.19,330739.86,173200.1
600908.SH,2024-01-30,5.16,5.21,5.07,5.08,210034.82,107867.32
600908.SH,2024-01-31,5.06,5.14,5.01,5.07,262638.79,133467.01
600908.SH,2024-02-01,5.06,5.1,4.97,5.03,213829.92,107814.44
600908.SH,2024-02-02,5.03,5.11,4.87,4.96,266741.68,133483.15
600908.SH,2024-02-05,4.92,5.02,4.75,4.87,310381.25,151743.74
600908.SH,2024-02-06,4.84,5.12,4.82,5.07,295173.66,147537.75
600908.SH,2024-02-07,5.1,5.23,5.07,5.22,366653.18,189703.4
600908.SH,2024-02-08,5.18,5.27,5.13,5.16,332306.03,172754.84
600908.SH,2024-02-19,5.18,5.2,5.1,5.18,258553.42,133154.68
600908.SH,2024-02-20,5.16,5.24,5.14,5.21,233736.93,121007.04
600908.SH,2024-02-21,5.18,5.41,5.17,5.31,429089.02,228360.56
600908.SH,2024-02-22,5.29,5.32,5.24,5.31,215957.31,114021.9
600908.SH,2024-02-23,5.29,5.39,5.27,5.3,209262.78,111108.58
600908.SH,2024-02-26,5.28,5.3,5.19,5.2,184209.22,96233.1
600908.SH,2024-02-27,5.18,5.22,5.16,5.22,152139.57,79052.88
600908.SH,2024-02-28,5.21,5.25,5.15,5.16,226843.0,118375.29
600908.SH,2024-02-29,5.16,5.23,5.14,5.23,163863.0,85058.5
600908.SH,2024-03-01,5.21,5.22,5.15,5.19,206548.9,107017.48
600908.SH,2024-03-04,5.17,5.18,5.07,5.1,268576.96,136952.04
600908.SH,2024-03-05,5.08,5.14,5.07,5.13,186825.59,95603.26
600908.SH,2024-03-06,5.13,5.15,5.09,5.09,160011.84,81905.31
600908.SH,2024-03-07,5.1,5.16,5.08,5.09,171299.7,87669.22
600908.SH,2024-03-08,5.09,5.13,5.06,5.13,185979.84,94748.42
600908.SH,2024-03-11,5.12,5.15,5.09,5.15,137360.69,70252.79
600908.SH,2024-03-12,5.14,5.15,5.1,5.11,133230.01,68234.68
600908.SH,2024-03-13,5.12,5.12,5.07,5.08,143792.01,73181.63
600908.SH,2024-03-14,5.08,5.12,5.07,5.08,139955.92,71308.58
600908.SH,2024-03-15,5.1,5.12,5.08,5.12,160053.42,81718.87
600908.SH,2024-03-18,5.13,5.14,5.1,5.14,108974.54,55776.26
600908.SH,2024-03-19,5.13,5.14,5.1,5.1,111324.57,56945.85
600908.SH,2024-03-20,5.1,5.15,5.09,5.15,126348.45,64786.22
600908.SH,2024-03-21,5.14,5.19,5.13,5.18,145710.11,75306.44
600908.SH,2024-03-22,5.18,5.18,5.08,5.11,136702.69,69952.64
600908.SH,2024-03-25,5.11,5.16,5.1,5.11,122962.61,63128.0
600908.SH,2024-03-26,5.12,5.19,5.11,5.18,165551.16,85265.27
600908.SH,2024-03-27,5.17,5.24,5.16,5.17,223076.0,116125.87
600908.SH,2024-03-28,5.17,5.18,5.11,5.14,187583.0,96415.31
600908.SH,2024-03-29,5.12,5.16,5.11,5.14,149487.49,76794.37
600908.SH,2024-04-01,5.08,5.15,5.07,5.15,247161.51,126389.97
600908.SH,2024-04-02,5.14,5.21,5.12,5.17,201242.93,104055.46
600908.SH,2024-04-03,5.15,5.18,5.12,5.15,132087.46,67976.68
600908.SH,2024-04-08,5.14,5.18,5.12,5.13,135117.54,69645.29
600908.SH,2024-04-09,5.13,5.19,5.12,5.18,182697.5,94301.24
600908.SH,2024-04-10,5.17,5.2,5.11,5.13,172498.39,88939.0
600908.SH,2024-04-11,5.11,5.14,5.07,5.11,167224.03,85385.83
600908.SH,2024-04-12,5.1,5.13,5.03,5.03,196104.66,99583.73
600908.SH,2024-04-15,5.05,5.13,4.99,5.12,249459.28,126829.85
600908.SH,2024-04-16,5.1,5.12,5.04,5.07,186475.59,94867.26
600908.SH,2024-04-17,5.07,5.16,5.04,5.16,241510.43,123211.3
600908.SH,2024-04-18,5.14,5.26,5.14,5.2,326104.03,169768.72
600908.SH,2024-04-19,5.19,5.34,5.18,5.25,264927.37,139366.82
600908.SH,2024-04-22,5.26,5.3,5.2,5.21,180026.0,94328.08
600908.SH,2024-04-23,5.2,5.22,5.16,5.17,172344.0,89404.88
600908.SH,2024-04-24,5.16,5.18,5.1,5.16,151312.0,77745.87
600908.SH,2024-04-25,5.15,5.23,5.13,5.22,161015.24,83439.79
600908.SH,2024-04-26,5.21,5.22,5.07,5.16,311560.84,159869.84
600908.SH,2024-04-29,5.15,5.36,5.12,5.34,423759.0,223105.51
600908.SH,2024-04-30,5.34,5.44,5.32,5.35,240823.68,129318.21
600908.SH,2024-05-06,5.42,5.42,5.35,5.37,209925.76,113137.62
600908.SH,2024-05-07,5.36,5.37,5.3,5.34,149998.03,79953.91
600908.SH,2024-05-08,5.34,5.37,5.29,5.3,138509.28,73871.21
600908.SH,2024-05-09,5.28,5.39,5.28,5.37,128336.38,68785.26
600908.SH,2024-05-10,5.37,5.43,5.35,5.41,175046.91,94393.97
600908.SH,2024-05-13,5.39,5.55,5.36,5.52,270010.13,147752.77
600908.SH,2024-05-14,5.5,5.66,5.49,5.52,285561.62,159060.29
600908.SH,2024-05-15,5.5,5.64,5.47,5.54,168598.0,93521.84
600908.SH,2024-05-16,5.54,5.69,5.54,5.64,316096.89,178438.44
600908.SH,2024-05-17,5.65,5.72,5.59,5.72,299154.46,169381.61
600908.SH,2024-05-20,5.76,5.77,5.55,5.6,355705.8,200128.4
600908.SH,2024-05-21,5.58,5.7,5.57,5.66,226301.98,127574.3
600908.SH,2024-05-22,5.67,5.82,5.65,5.76,315401.47,181703.44
600908.SH,2024-05-23,5.75,5.79,5.66,5.7,240297.44,137386.56
600908.SH,2024-05-24,5.69,5.82,5.68,5.71,248945.02,143261.63
600908.SH,2024-05-27,5.7,5.78,5.68,5.77,216001.66,123788.82
600908.SH,2024-05-28,5.76,5.79,5.66,5.69,184393.0,105289.2
600908.SH,2024-05-29,5.69,5.8,5.67,5.72,244482.0,140131.3
600908.SH,2024-05-30,5.7,5.74,5.6,5.63,178298.12,100985.98
600908.SH,2024-05-31,5.63,5.7,5.63,5.65,129187.87,73096.16
600908.SH,2024-06-03,5.67,5.68,5.49,5.54,255092.01,141358.12
600908.SH,2024-06-04,5.55,5.59,5.51,5.57,169122.0,93825.87
600908.SH,2024-06-05,5.58,5.58,5.44,5.45,164557.0,90421.39
600908.SH,2024-06-06,5.46,5.49,5.4,5.42,168266.82,91385.62
600908.SH,2024-06-07,5.43,5.51,5.41,5.48,148216.84,80816.49
600908.SH,2024-06-11,5.46,5.49,5.34,5.35,206230.92,110891.76
600908.SH,2024-06-12,5.35,5.41,5.29,5.39,191980.28,102746.92
600908.SH,2024-06-13,5.39,5.42,5.28,5.29,148190.0,78871.16
600908.SH,2024-06-14,5.31,5.36,5.25,5.34,172041.35,91396.01
600908.SH,2024-06-17,5.32,5.39,5.28,5.35,147184.28,78713.6
600908.SH,2024-06-18,5.34,5.41,5.32,5.36,113788.54,61095.82
600908.SH,2024-06-19,5.38,5.43,5.35,5.35,149767.16,80539.13
600908.SH,2024-06-20,5.35,5.37,5.26,5.28,132599.49,70189.41
600908.SH,2024-06-21,5.27,5.31,5.25,5.26,103702.05,54678.43
600908.SH,2024-06-24,5.24,5.26,5.14,5.16,161754.62,83798.87
600908.SH,2024-06-25,5.15,5.24,5.15,5.2,123509.68,64198.27
600908.SH,2024-06-26,5.19,5.28,5.18,5.24,116292.0,60913.84
600908.SH,2024-06-27,5.24,5.29,5.21,5.24,149861.0,78711.96
600908.SH,2024-06-28,5.25,5.39,5.21,5.32,198105.0,105307.82
600908.SH,2024-07-01,5.29,5.47,5.29,5.46,178405.6,96325.39
600908.SH,2024-07-02,5.46,5.54,5.44,5.53,211468.49,116350.74
600908.SH,2024-07-03,5.53,5.58,5.47,5.51,173653.0,95779.5
600908.SH,2024-07-04,5.5,5.54,5.38,5.4,190647.64,103791.72
600908.SH,2024-07-05,5.24,5.28,5.07,5.11,231702.85,119144.55
600908.SH,2024-07-08,5.12,5.16,5.04,5.07,173336.85,88409.64
600908.SH,2024-07-09,5.05,5.22,5.03,5.21,162836.99,83444.74
600908.SH,2024-07-10,5.19,5.22,5.13,5.15,121237.35,62533.18
600908.SH,2024-07-11,5.18,5.2,5.1,5.12,162630.35,83633.7
600908.SH,2024-07-12,5.11,5.23,5.11,5.23,179999.0,93626.73
600908.SH,2024-07-15,5.23,5.27,5.19,5.25,140737.07,73660.59
600908.SH,2024-07-16,5.24,5.3,5.16,5.19,144970.0,75544.5
600908.SH,2024-07-17,5.18,5.22,5.16,5.21,105999.0,55026.89
600908.SH,2024-07-18,5.2,5.22,5.12,5.21,120240.0,62211.66
600908.SH,2024-07-19,5.2,5.2,5.13,5.16,193604.05,99825.78
600908.SH,2024-07-22,5.15,5.15,5.07,5.11,175937.33,89667.11
600908.SH,2024-07-23,5.1,5.21,5.08,5.13,175884.2,90857.65
600908.SH,2024-07-24,5.11,5.2,5.11,5.14,132678.64,68358.58
600908.SH,2024-07-25,5.14,5.16,5.05,5.08,134021.0,68155.0
600908.SH,2024-07-26,5.08,5.12,5.04,5.06,145427.74,73776.64
600908.SH,2024-07-29,5.05,5.14,5.02,5.11,133503.9,67928.64
600908.SH,2024-07-30,5.11,5.17,5.07,5.16,123619.02,63295.53
600908.SH,2024-07-31,5.16,5.23,5.14,5.21,154619.0,80335.41
600908.SH,2024-08-01,5.22,5.25,5.17,5.24,124342.0,64830.2
600908.SH,2024-08-02,5.2,5.27,5.18,5.23,107696.0,56266.56
600908.SH,2024-08-05,5.18,5.25,5.15,5.17,137827.0,71661.83
600908.SH,2024-08-06,5.2,5.21,5.08,5.1,121154.94,62180.71
600908.SH,2024-08-07,5.1,5.12,5.07,5.07,111741.0,56904.62
600908.SH,2024-08-08,5.07,5.08,5.03,5.06,107278.71,54230.59
600908.SH,2024-08-09,5.07,5.12,5.06,5.06,126048.76,64142.75
600908.SH,2024-08-12,5.06,5.07,5.0,5.01,129737.18,65217.2
600908.SH,2024-08-13,5.01,5.07,5.0,5.05,120908.14,60933.39
600908.SH,2024-08-14,5.05,5.09,5.03,5.04,77656.0,39295.61
600908.SH,2024-08-15,5.06,5.13,5.03,5.1,124100.42,63195.3
600908.SH,2024-08-16,5.11,5.21,5.09,5.18,190366.0,98003.53
600908.SH,2024-08-19,5.17,5.36,5.17,5.36,228662.82,120830.53
600908.SH,2024-08-20,5.34,5.41,5.32,5.37,191699.62,102789.18
600908.SH,2024-08-21,5.35,5.36,5.24,5.27,142660.84,75510.49
600908.SH,2024-08-22,5.27,5.38,5.27,5.34,139472.58,74430.53
600908.SH,2024-08-23,5.34,5.39,5.28,5.34,123735.0,65944.31
600908.SH,2024-08-26,5.35,5.4,5.3,5.4,128773.99,69079.35
600908.SH,2024-08-27,5.37,5.43,5.34,5.39,98181.0,52887.48
600908.SH,2024-08-28,5.38,5.39,5.26,5.28,118269.5,62835.65
600908.SH,2024-08-29,5.25,5.29,5.08,5.09,244941.0,125625.5
600908.SH,2024-08-30,5.1,5.24,5.08,5.15,261856.73,135167.78
600908.SH,2024-09-02,5.15,5.2,5.08,5.08,210402.6,107937.48
600908.SH,2024-09-03,5.08,5.11,5.01,5.04,200916.0,101232.76
600908.SH,2024-09-04,5.0,5.08,4.98,5.06,150241.99,75552.5
600908.SH,2024-09-05,5.04,5.07,5.02,5.06,72904.65,36779.34
600908.SH,2024-09-06,5.07,5.1,5.03,5.03,116355.0,58996.79
600908.SH,2024-09-09,5.02,5.03,4.94,5.0,159475.06,79470.12
600908.SH,2024-09-10,4.99,5.02,4.94,5.0,95542.8,47553.48
600908.SH,2024-09-11,5.01,5.01,4.9,4.92,119991.26,59307.53
600908.SH,2024-09-12,4.92,5.01,4.89,4.95,102416.0,50714.38
600908.SH,2024-09-13,4.93,4.97,4.91,4.91,75014.0,37023.61
600908.SH,2024-09-18,4.92,4.93,4.82,4.87,86988.4,42404.39
600908.SH,2024-09-19,4.89,4.95,4.85,4.89,88462.11,43301.9
600908.SH,2024-09-20,4.89,4.92,4.86,4.9,89228.0,43637.11
600908.SH,2024-09-23,4.88,4.98,4.88,4.96,131522.76,64991.54
600908.SH,2024-09-24,4.98,5.21,4.97,5.21,275937.45,140945.47
600908.SH,2024-09-25,5.26,5.43,5.24,5.39,399982.18,214791.49
600908.SH,2024-09-26,5.38,5.67,5.35,5.66,433474.91,239343.96
600908.SH,2024-09-27,5.8,5.85,5.53,5.7,278139.24,156923.68
600908.SH,2024-09-30,5.76,6.19,5.66,6.13,790406.14,468361.94
600908.SH,2024-10-08,6.66,6.66,6.07,6.28,702447.18,446468.56
600908.SH,2024-10-09,6.1,6.18,5.74,5.8,538097.54,321768.43
600908.SH,2024-10-10,5.88,6.15,5.86,6.0,399492.75,240300.66
600908.SH,2024-10-11,5.98,6.06,5.84,5.89,250232.74,148969.75
600908.SH,2024-10-14,5.97,6.11,5.94,6.02,315651.19,190668.7
600908.SH,2024-10-15,6.03,6.08,5.8,5.81,337554.72,200781.0
600908.SH,2024-10-16,5.79,6.09,5.78,6.01,351470.36,210229.99
600908.SH,2024-10-17,6.05,6.05,5.9,5.91,276801.0,165302.05
600908.SH,2024-10-18,5.94,6.08,5.82,6.01,361186.93,215432.98
600908.SH,2024-10-21,6.03,6.03,5.9,5.96,269277.49,160146.57
600908.SH,2024-10-22,5.97,6.02,5.91,5.95,220612.18,131133.76
600908.SH,2024-10-23,5.95,5.98,5.92,5.95,195472.07,116242.44
600908.SH,2024-10-24,5.93,5.96,5.87,5.9,141131.2,83379.86
600908.SH,2024-10-25,5.88,5.91,5.83,5.84,202187.15,118447.09
600908.SH,2024-10-28,5.84,5.86,5.75,5.81,219202.0,126955.99
600908.SH,2024-10-29,5.83,5.91,5.74,5.75,248048.34,144156.32
600908.SH,2024-10-30,5.74,5.78,5.67,5.7,172253.0,98457.76
600908.SH,2024-10-31,5.7,5.72,5.6,5.68,268838.07,152182.59
600908.SH,2024-11-01,5.64,5.73,5.64,5.66,258728.0,147030.39
600908.SH,2024-11-04,5.66,5.76,5.6,5.76,229941.69,130771.38
600908.SH,2024-11-05,5.73,5.85,5.71,5.84,287849.72,166834.06
600908.SH,2024-11-06,5.83,5.84,5.71,5.76,291918.37,168731.68
600908.SH,2024-11-07,5.75,5.91,5.73,5.9,335332.18,195691.73
600908.SH,2024-11-08,5.92,6.01,5.84,5.92,404887.89,239329.75
600908.SH,2024-11-11,5.93,5.95,5.82,5.87,269447.23,157891.61
600908.SH,2024-11-12,5.86,5.93,5.75,5.77,249547.85,145697.91
600908.SH,2024-11-13,5.76,5.87,5.73,5.84,206895.18,120480.81
600908.SH,2024-11-14,5.83,5.99,5.8,5.89,403959.43,238598.99
600908.SH,2024-11-15,5.89,6.04,5.84,5.96,442060.33,263553.07
600908.SH,2024-11-18,6.08,6.43,6.08,6.15,851756.81,527250.34
600908.SH,2024-11-19,6.11,6.22,6.01,6.11,416906.96,254838.51
600908.SH,2024-11-20,6.05,6.13,5.98,6.03,340796.23,205650.58
600908.SH,2024-11-21,6.02,6.04,5.98,6.01,219701.12,131951.69
600908.SH,2024-11-22,6.01,6.05,5.79,5.8,279493.13,165351.27
600908.SH,2024-11-25,5.77,5.87,5.71,5.81,200549.93,116333.72
600908.SH,2024-11-26,5.79,5.83,5.73,5.8,191700.22,110938.84
600908.SH,2024-11-27,5.79,5.88,5.67,5.87,257432.63,148669.94
600908.SH,2024-11-28,5.85,5.88,5.8,5.83,168876.07,98750.76
600908.SH,2024-11-29,5.82,5.92,5.82,5.85,217429.0,127864.13
600908.SH,2024-12-02,5.85,5.88,5.76,5.85,200237.48,116737.08
600908.SH,2024-12-03,5.85,5.92,5.81,5.92,226704.0,132946.85
600908.SH,2024-12-04,5.9,5.93,5.85,5.88,188762.72,111147.93
600908.SH,2024-12-05,5.86,5.92,5.85,5.89,128058.47,75325.56
600908.SH,2024-12-06,5.88,6.01,5.87,5.95,339770.0,202218.46
600908.SH,2024-12-09,5.96,6.0,5.89,5.92,245437.48,146022.98
600908.SH,2024-12-10,6.04,6.09,5.83,5.91,351803.81,209942.96
600908.SH,2024-12-11,5.91,5.98,5.85,5.91,274765.71,162915.52
600908.SH,2024-12-12,5.92,6.01,5.88,6.0,333128.57,198535.37
600908.SH,2024-12-13,5.98,5.99,5.88,5.91,368345.79,218133.34
600908.SH,2024-12-16,5.91,5.96,5.9,5.94,197840.9,117356.59
600908.SH,2024-12-17,5.93,5.97,5.8,5.84,293873.29,172597.42
600908.SH,2024-12-18,5.85,5.94,5.84,5.92,195229.15,115327.66
600908.SH,2024-12-19,5.88,5.95,5.81,5.83,253041.0,148173.36
600908.SH,2024-12-20,5.82,5.86,5.75,5.76,215940.3,125318.79
600908.SH,2024-12-23,5.77,5.85,5.75,5.77,266813.0,154848.41
600908.SH,2024-12-24,5.78,5.86,5.77,5.85,216292.61,126083.0
600908.SH,2024-12-25,5.85,5.93,5.84,5.93,267398.23,157422.26
600908.SH,2024-12-26,5.94,5.95,5.85,5.9,212265.48,125056.46
600908.SH,2024-12-27,5.89,5.98,5.82,5.97,380009.3,224740.45
600908.SH,2024-12-30,5.95,6.06,5.93,6.04,362043.59,217428.26
600908.SH,2024-12-31,6.04,6.09,5.9,5.91,414357.4,248587.01
600908.SH,2025-01-02,5.92,5.96,5.7,5.72,401651.62,234963.63
600908.SH,2025-01-03,5.74,5.87,5.74,5.75,344831.49,199790.68
600908.SH,2025-01-06,5.73,5.8,5.65,5.78,341286.06,195754.82
600908.SH,2025-01-07,5.78,5.79,5.68,5.73,194703.39,111536.15
600908.SH,2025-01-08,5.73,5.76,5.64,5.73,261825.84,149525.52
600908.SH,2025-01-09,5.7,5.74,5.66,5.67,167011.0,95032.8
600908.SH,2025-01-10,5.67,5.72,5.56,5.59,196332.48,110259.93
600908.SH,2025-01-13,5.56,5.57,5.44,5.48,190636.4,104744.65
600908.SH,2025-01-14,5.48,5.65,5.48,5.64,214339.57,120032.86
600908.SH,2025-01-15,5.63,5.73,5.61,5.62,186519.94,105571.07
600908.SH,2025-01-16,5.69,5.77,5.65,5.73,292885.0,167626.65
600908.SH,2025-01-17,5.71,5.83,5.7,5.77,282062.91,162820.82
600908.SH,2025-01-20,5.8,5.87,5.74,5.75,187878.0,108992.03
600908.SH,2025-01-21,5.77,5.78,5.7,5.73,129952.49,74554.66
600908.SH,2025-01-22,5.72,5.74,5.58,5.59,186316.44,104903.94
600908.SH,2025-01-23,5.64,5.79,5.63,5.71,303399.54,173412.43
600908.SH,2025-01-24,5.69,5.75,5.62,5.74,203489.0,115889.5
600908.SH,2025-01-27,5.75,5.87,5.75,5.83,229456.94,134086.99
600908.SH,2025-02-05,5.86,5.86,5.71,5.74,199048.0,114840.2
600908.SH,2025-02-06,5.72,5.78,5.71,5.75,198028.49,113605.04
600908.SH,2025-02-07,5.76,5.8,5.72,5.76,224916.25,129673.23
600908.SH,2025-02-10,5.76,5.79,5.71,5.71,229953.0,132130.29
600908.SH,2025-02-11,5.72,5.8,5.72,5.79,202112.69,116440.57
600908.SH,2025-02-12,5.79,5.82,5.75,5.79,149890.0,86594.89
600908.SH,2025-02-13,5.78,5.81,5.75,5.75,157618.0,91009.32
600908.SH,2025-02-14,5.75,5.77,5.71,5.75,178375.94,102237.14
600908.SH,2025-02-17,5.77,5.79,5.71,5.73,149995.7,85978.73
600908.SH,2025-02-18,5.72,5.85,5.72,5.79,287248.53,166542.45
600908.SH,2025-02-19,5.79,5.83,5.74,5.76,154176.72,89088.2
600908.SH,2025-02-20,5.75,5.77,5.72,5.73,143847.4,82540.2
600908.SH,2025-02-21,5.74,5.75,5.65,5.7,284723.0,161928.06
600908.SH,2025-02-24,5.69,5.72,5.66,5.69,140572.0,79948.55
600908.SH,2025-02-25,5.69,5.69,5.62,5.64,124855.7,70584.18
600908.SH,2025-02-26,5.62,5.7,5.62,5.69,138586.82,78630.71
600908.SH,2025-02-27,5.69,5.7,5.64,5.69,119302.54,67696.76
600908.SH,2025-02-28,5.68,5.71,5.63,5.64,159729.86,90498.18
600908.SH,2025-03-03,5.65,5.67,5.61,5.62,140072.0,78937.07
600908.SH,2025-03-04,5.61,5.67,5.6,5.65,106994.26,60398.59
600908.SH,2025-03-05,5.66,5.7,5.63,5.69,133236.94,75642.95
600908.SH,2025-03-06,5.69,5.7,5.64,5.67,124957.96,70829.74
600908.SH,2025-03-07,5.67,5.7,5.64,5.66,107910.92,61155.58
600908.SH,2025-03-10,5.65,5.66,5.6,5.62,109147.45,61376.95
600908.SH,2025-03-11,5.6,5.64,5.58,5.64,104448.87,58566.79
600908.SH,2025-03-12,5.63,5.67,5.61,5.65,91703.7,51760.37
600908.SH,2025-03-13,5.65,5.69,5.64,5.67,112286.68,63608.11
600908.SH,2025-03-14,5.67,5.75,5.66,5.74,216963.81,124208.7
600908.SH,2025-03-17,5.73,5.78,5.72,5.76,168335.67,96951.77
600908.SH,2025-03-18,5.76,5.77,5.72,5.74,88080.86,50576.71
600908.SH,2025-03-19,5.73,5.79,5.72,5.79,150538.31,86744.94
600908.SH,2025-03-20,5.79,5.83,5.77,5.78,134170.96,77673.44
600908.SH,2025-03-21,5.78,5.82,5.72,5.74,143471.9,82836.39
600908.SH,2025-03-24,5.76,5.8,5.74,5.79,152388.0,87915.31
600908.SH,2025-03-25,5.78,5.83,5.77,5.82,139377.02,80978.89
600908.SH,2025-03-26,5.83,5.83,5.76,5.77,141824.09,82045.24
600908.SH,2025-03-27,5.76,5.83,5.75,5.79,170619.1,98933.21
600908.SH,2025-03-28,5.8,5.81,5.72,5.73,143569.1,82572.32
600908.SH,2025-03-31,5.75,5.82,5.71,5.72,325582.6,187472.4
600908.SH,2025-04-01,5.72,5.76,5.67,5.7,207899.0,118675.75
600908.SH,2025-04-02,5.71,5.79,5.68,5.77,225785.0,130029.51
600908.SH,2025-04-03,5.75,5.81,5.74,5.8,213687.27,123576.14
600908.SH,2025-04-07,5.65,5.69,5.22,5.31,494249.53,270828.73
600908.SH,2025-04-08,5.29,5.51,5.29,5.46,442553.6,240909.54
600908.SH,2025-04-09,5.44,5.44,5.28,5.39,286568.59,153422.95
600908.SH,2025-04-10,5.41,5.47,5.39,5.41,185697.94,100774.45
600908.SH,2025-04-11,5.39,5.42,5.37,5.4,133136.98,71777.91
600908.SH,2025-04-14,5.41,5.45,5.4,5.43,152573.3,82877.31
600908.SH,2025-04-15,5.43,5.5,5.42,5.49,182246.0,99669.29
600908.SH,2025-04-16,5.48,5.53,5.46,5.53,193059.76,106200.07
600908.SH,2025-04-17,5.53,5.58,5.5,5.56,147633.49,81870.8
600908.SH,2025-04-18,5.55,5.63,5.54,5.6,148333.0,82943.63
600908.SH,2025-04-21,5.59,5.66,5.51,5.51,253577.2,141182.01
600908.SH,2025-04-22,5.51,5.56,5.51,5.54,186329.47,103125.48
600908.SH,2025-04-23,5.55,5.57,5.47,5.48,236908.19,130431.13
600908.SH,2025-04-24,5.49,5.53,5.47,5.49,196646.07,108136.22
600908.SH,2025-04-25,5.52,5.68,5.51,5.66,438090.0,245698.64
600908.SH,2025-04-28,5.64,5.68,5.58,5.65,213610.0,120532.38
600908.SH,2025-04-29,5.64,5.7,5.59,5.61,212731.0,119874.43
600908.SH,2025-04-30,5.6,5.6,5.5,5.53,265249.15,146987.81
600908.SH,2025-05-06,5.53,5.55,5.5,5.54,236343.16,130540.48
600908.SH,2025-05-07,5.58,5.6,5.54,5.58,230610.17,128505.05
600908.SH,2025-05-08,5.57,5.65,5.57,5.64,214629.13,120610.25
600908.SH,2025-05-09,5.64,5.69,5.64,5.68,255810.78,145073.61
600908.SH,2025-05-12,5.68,5.74,5.66,5.68,211345.35,120463.0
600908.SH,2025-05-13,5.71,5.77,5.65,5.76,271680.52,155456.24
600908.SH,2025-05-14,5.75,5.85,5.73,5.85,275898.84,159987.28
600908.SH,2025-05-15,5.84,5.89,5.79,5.81,217440.3,126843.1
600908.SH,2025-05-16,5.82,5.84,5.73,5.76,222898.55,128622.11
600908.SH,2025-05-19,5.77,5.83,5.76,5.77,166941.36,96583.88
600908.SH,2025-05-20,5.78,5.84,5.76,5.78,181202.0,105124.68
600908.SH,2025-05-21,5.81,5.89,5.79,5.87,182868.63,107043.17
600908.SH,2025-05-22,5.87,5.96,5.84,5.96,262905.34,155558.63
600908.SH,2025-05-23,5.97,6.04,5.89,5.9,266005.46,158756.61
600908.SH,2025-05-26,5.9,5.98,5.85,5.89,203090.0,120231.91
600908.SH,2025-05-27,5.91,6.01,5.91,5.99,201862.75,120592.27
600908.SH,2025-05-28,5.99,6.02,5.95,6.02,190295.0,114053.6
600908.SH,2025-05-29,6.02,6.08,5.99,6.03,226578.3,136754.27
600908.SH,2025-05-30,6.04,6.12,6.02,6.1,284634.12,173165.51
600908.SH,2025-06-03,6.09,6.2,6.01,6.19,441778.98,271680.53
600908.SH,2025-06-04,6.19,6.25,6.14,6.23,339035.44,210256.77
600908.SH,2025-06-05,6.22,6.28,6.14,6.16,296998.03,183538.01
600908.SH,2025-06-06,6.19,6.21,6.15,6.2,172811.86,106869.16
600908.SH,2025-06-09,6.2,6.23,6.11,6.18,201339.5,123968.3
600908.SH,2025-06-10,6.16,6.25,6.16,6.21,226947.54,140889.28
600908.SH,2025-06-11,6.21,6.24,6.17,6.2,197662.63,122575.41
600908.SH,2025-06-12,6.2,6.28,6.19,6.28,288666.99,180476.12
600908.SH,2025-06-13,6.26,6.34,6.22,6.23,281874.02,176714.3
600908.SH,2025-06-16,6.23,6.3,6.18,6.29,183806.85,114801.78
600908.SH,2025-06-17,6.3,6.35,6.27,6.33,213270.81,134662.49
600908.SH,2025-06-18,6.33,6.36,6.28,6.36,170058.75,107694.3
600908.SH,2025-06-19,6.36,6.4,6.29,6.39,254535.38,161676.81
600908.SH,2025-06-20,6.39,6.43,6.35,6.42,209263.03,134030.24
600908.SH,2025-06-23,6.4,6.45,6.3,6.44,316977.32,202791.26
600908.SH,2025-06-24,6.43,6.44,6.3,6.38,384657.93,244965.41
600908.SH,2025-06-25,6.36,6.4,6.3,6.38,275698.85,175309.44
600908.SH,2025-06-26,6.37,6.53,6.31,6.51,416864.93,268354.67
600908.SH,2025-06-27,6.51,6.65,6.38,6.39,547449.46,357277.1
600908.SH,2025-06-30,6.39,6.4,6.25,6.31,318886.62,200952.05
600908.SH,2025-07-01,6.31,6.45,6.3,6.42,288024.59,184283.7
600908.SH,2025-07-02,6.42,6.49,6.41,6.45,267814.02,172941.64
600908.SH,2025-07-03,6.45,6.53,6.43,6.52,318919.2,206897.23
600908.SH,2025-07-04,6.28,6.41,6.28,6.36,432075.91,274564.86
600908.SH,2025-07-07,6.38,6.49,6.38,6.46,273612.48,176080.47
600908.SH,2025-07-08,6.46,6.49,6.33,6.4,238729.01,152604.51
600908.SH,2025-07-09,6.4,6.5,6.4,6.49,297164.37,191937.82
600908.SH,2025-07-10,6.49,6.57,6.47,6.55,284026.32,185629.08
600908.SH,2025-07-11,6.57,6.58,6.4,6.4,343805.0,223363.37
600908.SH,2025-07-14,6.42,6.52,6.4,6.42,359269.04,231610.39
600908.SH,2025-07-15,6.42,6.45,6.3,6.35,261275.14,166762.75
600908.SH,2025-07-16,6.35,6.38,6.22,6.28,229376.03,143844.89
600908.SH,2025-07-17,6.27,6.32,6.24,6.27,141338.0,88595.66
600908.SH,2025-07-18,6.28,6.33,6.25,6.3,172643.71,108690.9
600908.SH,2025-07-21,6.28,6.32,6.24,6.25,180087.97,112846.83
600908.SH,2025-07-22,6.24,6.26,6.12,6.2,253375.87,156757.34
600908.SH,2025-07-23,6.19,6.28,6.19,6.21,206775.93,129030.64
600908.SH,2025-07-24,6.21,6.22,6.14,6.16,231600.02,142803.7
600908.SH,2025-07-25,6.17,6.24,6.15,6.16,185493.36,114838.0
600908.SH,2025-07-28,6.16,6.22,6.15,6.16,211962.0,131227.52
600908.SH,2025-07-29,6.17,6.18,6.07,6.09,201784.24,123241.78
600908.SH,2025-07-30,6.09,6.16,6.07,6.12,153807.43,94207.7
600908.SH,2025-07-31,6.11,6.13,5.98,6.02,285613.0,172222.8
600908.SH,2025-08-01,6.02,6.08,5.97,6.04,139257.72,83899.21
600908.SH,2025-08-04,6.02,6.1,6.0,6.09,154394.95,93732.28
600908.SH,2025-08-05,6.1,6.21,6.07,6.18,209614.95,128909.4
600908.SH,2025-08-06,6.18,6.23,6.12,6.15,117696.93,72477.18
600908.SH,2025-08-07,6.16,6.17,6.11,6.14,137674.75,84644.73
600908.SH,2025-08-08,6.15,6.19,6.13,6.14,94641.6,58244.39
600908.SH,2025-08-11,6.15,6.16,6.09,6.1,141482.86,86477.01
600908.SH,2025-08-12,6.1,6.17,6.09,6.14,138150.96,84942.06
600908.SH,2025-08-13,6.15,6.16,6.11,6.12,128753.33,78951.44
600908.SH,2025-08-14,6.12,6.14,6.09,6.09,152542.0,93218.83
600908.SH,2025-08-15,6.1,6.11,6.0,6.1,254802.0,154327.6
600908.SH,2025-08-18,6.11,6.25,6.09,6.21,339490.36,210647.41
600908.SH,2025-08-19,6.21,6.23,6.11,6.12,223828.19,137625.15
600908.SH,2025-08-20,6.12,6.19,6.09,6.18,171266.55,105533.27
600908.SH,2025-08-21,6.19,6.23,6.16,6.23,184183.68,114194.76
600908.SH,2025-08-22,6.2,6.24,6.12,6.18,208463.5,128400.57
600908.SH,2025-08-25,6.16,6.27,6.15,6.21,282036.22,175443.57
600908.SH,2025-08-26,6.2,6.22,6.12,6.13,209128.84,128904.5
600908.SH,2025-08-27,6.13,6.14,6.03,6.03,204733.84,124598.93
600908.SH,2025-08-28,6.03,6.07,5.97,6.01,260720.49,156779.3
600908.SH,2025-08-29,6.05,6.27,6.05,6.1,520662.05,321370.63
600908.SH,2025-09-01,6.11,6.13,5.99,6.0,397700.8,240311.46
600908.SH,2025-09-02,6.0,6.07,5.99,6.07,244416.67,147714.57
600908.SH,2025-09-03,6.08,6.1,5.97,5.97,189447.86,114143.15
600908.SH,2025-09-04,5.98,6.0,5.83,5.97,264352.11,156393.37
600908.SH,2025-09-05,5.95,5.96,5.85,5.92,258582.16,152480.3
600908.SH,2025-09-08,5.91,5.97,5.89,5.94,172482.18,102417.61
600908.SH,2025-09-09,5.94,6.04,5.93,6.03,213765.73,128061.14
600908.SH,2025-09-10,6.03,6.1,5.99,6.08,196629.0,119226.59
600908.SH,2025-09-11,6.03,6.11,6.01,6.1,223869.95,135692.26
600908.SH,2025-09-12,6.09,6.11,5.99,5.99,251539.51,152069.59
600908.SH,2025-09-15,5.99,5.99,5.93,5.94,186710.62,111170.48
600908.SH,2025-09-16,5.95,5.97,5.92,5.93,128351.32,76239.51
600908.SH,2025-09-17,5.93,5.97,5.91,5.94,139733.75,82951.5
600908.SH,2025-09-18,5.94,5.97,5.82,5.84,208066.89,122457.29
600908.SH,2025-09-19,5.83,5.91,5.8,5.9,142732.07,83472.51
600908.SH,2025-09-22,5.89,5.89,5.83,5.84,109439.81,64061.81
600908.SH,2025-09-23,5.83,5.9,5.82,5.89,139224.79,81748.09
600908.SH,2025-09-24,5.88,5.94,5.86,5.9,109410.88,64514.05
600908.SH,2025-09-25,5.87,5.89,5.81,5.84,119903.67,69937.91
600908.SH,2025-09-26,5.83,5.89,5.8,5.88,127693.0,74787.58
600908.SH,2025-09-29,5.89,5.95,5.82,5.94,138396.74,81585.64
600908.SH,2025-09-30,5.94,5.94,5.87,5.88,99623.89,58644.87
600908.SH,2025-10-09,5.88,5.9,5.85,5.88,89584.14,52636.81
600908.SH,2025-10-10,5.88,5.95,5.88,5.93,143828.69,85318.58
600908.SH,2025-10-13,5.87,5.97,5.85,5.93,179491.25,106261.04
600908.SH,2025-10-14,5.95,6.05,5.92,6.05,265268.29,159090.98
600908.SH,2025-10-15,6.05,6.12,6.01,6.1,223399.86,135948.89
600908.SH,2025-10-16,6.1,6.16,6.07,6.15,189359.66,115996.53
600908.SH,2025-10-17,6.15,6.22,6.14,6.16,204937.35,126737.99
600908.SH,2025-10-20,6.15,6.18,6.07,6.16,164270.07,100678.16
600908.SH,2025-10-21,6.17,6.2,6.14,6.15,124149.12,76667.69
600908.SH,2025-10-22,6.18,6.27,6.17,6.23,215203.37,134017.06
600908.SH,2025-10-23,6.23,6.3,6.2,6.26,178001.47,111409.36
600908.SH,2025-10-24,6.25,6.27,6.14,6.16,165583.06,102741.01
600908.SH,2025-10-27,6.18,6.24,6.1,6.18,176582.33,109023.45
600908.SH,2025-10-28,6.17,6.21,6.08,6.14,153656.2,94357.85
600908.SH,2025-10-29,6.15,6.15,6.02,6.05,166279.2,100789.29
600908.SH,2025-10-30,6.05,6.11,6.04,6.06,148780.98,90401.16
600908.SH,2025-10-31,6.06,6.11,6.03,6.07,154800.94,93858.11
600908.SH,2025-11-03,6.09,6.22,6.07,6.18,271382.25,167141.48
600908.SH,2025-11-04,6.18,6.26,6.16,6.24,225493.22,140461.81
600908.SH,2025-11-05,6.24,6.27,6.19,6.19,177690.16,110553.78
600908.SH,2025-11-06,6.18,6.22,6.15,6.2,125867.28,77990.78
600908.SH,2025-11-07,6.2,6.24,6.18,6.19,110220.03,68394.28
600908.SH,2025-11-10,6.16,6.22,6.16,6.21,117778.0,72988.3
600908.SH,2025-11-11,6.22,6.27,6.19,6.25,137538.31,85682.58
600908.SH,2025-11-12,6.24,6.35,6.24,6.3,156432.0,98551.32
600908.SH,2025-11-13,6.29,6.31,6.19,6.23,187404.0,116734.16
600908.SH,2025-11-14,6.23,6.32,6.23,6.24,154042.0,96770.27
600908.SH,2025-11-17,6.24,6.26,6.15,6.17,230580.71,142519.46
600908.SH,2025-11-18,6.18,6.2,6.13,6.16,130374.68,80355.55
600908.SH,2025-11-19,6.15,6.21,6.14,6.19,128346.0,79313.33
600908.SH,2025-11-20,6.19,6.3,6.17,6.24,190616.04,118954.1
600908.SH,2025-11-21,6.23,6.28,6.1,6.1,207374.0,128379.62
600908.SH,2025-11-24,6.1,6.14,6.04,6.07,249305.33,151810.45
600908.SH,2025-11-25,5.97,6.08,5.95,6.06,203836.14,122843.66
600908.SH,2025-11-26,6.07,6.13,6.06,6.09,207523.09,126584.91
600908.SH,2025-11-27,6.09,6.18,6.05,6.16,148905.79,91363.56
600908.SH,2025-11-28,6.18,6.18,6.05,6.05,159322.9,96817.94
600908.SH,2025-12-01,6.06,6.18,6.05,6.17,182854.71,112286.13
600908.SH,2025-12-02,6.17,6.24,6.16,6.21,146438.61,90709.26
600908.SH,2025-12-03,6.22,6.33,6.19,6.24,196602.8,123251.21
600908.SH,2025-12-04,6.22,6.26,6.18,6.21,117808.36,73227.96
600908.SH,2025-12-05,6.22,6.22,6.08,6.1,167185.85,102306.54
600908.SH,2025-12-08,6.11,6.14,6.04,6.08,178636.93,108778.81
600908.SH,2025-12-09,6.07,6.13,6.05,6.07,113274.28,69037.81
600908.SH,2025-12-10,6.05,6.1,5.97,5.99,143846.33,86542.43
600908.SH,2025-12-11,5.99,6.01,5.95,5.95,124690.0,74613.77
600908.SH,2025-12-12,5.95,5.97,5.91,5.92,137731.93,81767.19
600908.SH,2025-12-15,5.92,5.94,5.9,5.91,96091.57,56888.67
600908.SH,2025-12-16,5.92,5.94,5.85,5.9,105688.0,62256.96
600908.SH,2025-12-17,5.88,5.91,5.83,5.88,118895.03,69841.19
600908.SH,2025-12-18,5.87,5.99,5.87,5.98,176326.84,104779.61
600908.SH,2025-12-19,5.95,6.06,5.93,6.04,139761.07,83958.33
600908.SH,2025-12-22,6.02,6.04,5.96,5.96,141539.98,84890.34
600908.SH,2025-12-23,5.99,6.05,5.93,5.95,139506.24,83609.86
600908.SH,2025-12-24,5.94,5.98,5.92,5.96,93901.98,55878.23
600908.SH,2025-12-25,5.95,6.03,5.94,5.97,89715.0,53709.38
600908.SH,2025-12-26,5.96,5.99,5.91,5.93,110362.2,65558.15
600908.SH,2025-12-29,5.94,5.97,5.89,5.92,150773.57,89388.66
600908.SH,2025-12-30,5.93,5.94,5.89,5.93,94834.0,56113.47
600908.SH,2025-12-31,5.91,5.98,5.91,5.93,117126.17,69621.38
600908.SH,2026-01-05,5.94,5.95,5.89,5.93,150134.0,88896.68
600908.SH,2026-01-06,5.93,5.98,5.9,5.97,186827.56,110924.3
600908.SH,2026-01-07,5.96,5.99,5.93,5.93,152397.0,90680.35
600908.SH,2026-01-08,5.93,5.94,5.88,5.89,174745.72,103112.29
600908.SH,2026-01-09,5.89,5.9,5.86,5.89,126229.32,74258.44
600908.SH,2026-01-12,5.86,5.91,5.86,5.9,134427.6,79174.78
600908.SH,2026-01-13,5.91,5.95,5.89,5.92,177426.5,105000.56
600908.SH,2026-01-14,5.92,5.93,5.86,5.87,183659.64,108212.56
600908.SH,2026-01-15,5.86,5.88,5.84,5.85,89319.95,52325.8
600908.SH,2026-01-16,5.86,5.89,5.8,5.82,111605.0,65111.33
600908.SH,2026-01-19,5.81,5.84,5.79,5.8,97593.09,56714.38
600908.SH,2026-01-20,5.8,5.86,5.78,5.84,131087.54,76410.12
600908.SH,2026-01-21,5.84,5.86,5.77,5.8,155083.0,90147.29
600908.SH,2026-01-22,5.8,5.84,5.78,5.82,123756.58,72030.43
600908.SH,2026-01-23,5.82,5.85,5.79,5.81,146027.92,85074.9
600908.SH,2026-01-26,5.8,5.83,5.76,5.82,169685.0,98424.88
600908.SH,2026-01-27,5.81,5.82,5.76,5.76,125200.77,72474.48
600908.SH,2026-01-28,5.76,5.84,5.73,5.8,165636.11,95931.41
600908.SH,2026-01-29,5.8,5.91,5.77,5.9,239737.92,140505.81
600908.SH,2026-01-30,5.89,5.94,5.87,5.9,154546.0,91274.55
600908.SH,2026-02-02,5.9,5.94,5.8,5.81,200785.34,118149.98
600908.SH,2026-02-03,5.82,5.84,5.75,5.77,159529.29,92349.57
600908.SH,2026-02-04,5.77,5.89,5.76,5.88,165215.84,96486.17
600908.SH,2026-02-05,5.9,6.0,5.89,5.97,299485.2,178256.0
600908.SH,2026-02-06,5.97,6.04,5.9,5.98,234712.0,140607.65
600908.SH,2026-02-09,5.99,6.05,5.96,6.02,181939.44,109343.07
600908.SH,2026-02-10,6.02,6.07,6.0,6.05,153077.52,92464.11
600908.SH,2026-02-11,6.03,6.09,6.02,6.08,150089.0,90930.81
600908.SH,2026-02-12,6.08,6.09,5.95,5.99,163548.81,98173.96
600908.SH,2026-02-13,6.02,6.02,5.9,5.91,129890.52,77396.28
600908.SH,2026-02-24,5.95,5.95,5.89,5.89,145454.42,86009.29
600908.SH,2026-02-25,5.93,5.97,5.87,5.88,219423.0,129699.39
600908.SH,2026-02-26,5.89,5.92,5.84,5.86,149798.81,87888.65
600908.SH,2026-02-27,5.85,5.91,5.84,5.87,134728.74,79244.45
600908.SH,2026-03-02,5.86,5.94,5.84,5.92,212774.0,125501.99
600908.SH,2026-03-03,5.91,5.94,5.84,5.87,247861.0,146097.63
600908.SH,2026-03-04,5.88,5.88,5.7,5.72,317181.11,182752.87
600908.SH,2026-03-05,5.74,5.78,5.72,5.74,162656.95,93541.5
600908.SH,2026-03-06,5.74,5.79,5.73,5.77,141135.0,81429.63
600908.SH,2026-03-09,5.75,5.78,5.71,5.76,161172.22,92717.08
600908.SH,2026-03-10,5.75,5.78,5.73,5.78,144320.0,83105.99
600908.SH,2026-03-11,5.79,5.83,5.75,5.81,140857.52,81593.04
600908.SH,2026-03-12,5.8,5.93,5.8,5.92,237978.91,140085.91
600908.SH,2026-03-13,5.9,6.01,5.89,5.94,224501.33,133667.33
600908.SH,2026-03-16,5.98,6.02,5.92,5.99,176074.0,105229.19
600908.SH,2026-03-17,5.99,6.06,5.98,6.03,175191.53,105756.11
600908.SH,2026-03-18,6.03,6.04,5.95,5.97,138034.0,82568.93
600908.SH,2026-03-19,5.98,6.03,5.94,5.96,147295.91,88109.08
600908.SH,2026-03-20,5.96,5.98,5.9,5.9,146092.0,86704.97
600908.SH,2026-03-23,5.88,5.88,5.55,5.6,415301.16,235211.9
600908.SH,2026-03-24,5.65,5.76,5.62,5.74,209393.88,119305.48
600908.SH,2026-03-25,5.74,5.91,5.71,5.88,221743.4,129483.0
600908.SH,2026-03-26,5.89,5.95,5.87,5.91,183760.33,108803.92
600908.SH,2026-03-27,5.9,5.91,5.79,5.83,172837.0,100979.13
600908.SH,2026-03-30,5.74,5.79,5.64,5.7,298836.33,170168.1
600908.SH,2026-03-31,5.72,5.81,5.71,5.74,210823.0,121505.49
600908.SH,2026-04-01,5.78,5.8,5.69,5.7,187990.0,107823.83
600908.SH,2026-04-02,5.69,5.76,5.69,5.7,151531.02,86748.27
600908.SH,2026-04-03,5.71,5.72,5.62,5.66,163331.02,92265.8
600908.SH,2026-04-07,5.65,5.66,5.6,5.61,153048.4,86075.81
600908.SH,2026-04-08,5.67,5.73,5.65,5.72,178304.84,101339.23
600908.SH,2026-04-09,5.71,5.71,5.62,5.62,132214.0,74693.18
600908.SH,2026-04-10,5.65,5.67,5.62,5.62,118610.0,66907.48
600908.SH,2026-04-13,5.63,5.63,5.57,5.58,119329.3,66666.0
600908.SH,2026-04-14,5.59,5.65,5.58,5.64,137100.51,77132.05
600908.SH,2026-04-15,5.64,5.7,5.63,5.69,135706.78,77052.11
600908.SH,2026-04-16,5.67,5.72,5.66,5.67,97056.33,55146.07
600908.SH,2026-04-17,5.66,5.69,5.65,5.65,72924.0,41349.11
600908.SH,2026-04-20,5.66,5.69,5.64,5.67,83323.0,47253.09
600908.SH,2026-04-21,5.68,5.74,5.67,5.72,124414.99,71119.34
600908.SH,2026-04-22,5.71,5.76,5.7,5.74,154477.92,88706.31
600908.SH,2026-04-23,5.74,5.89,5.73,5.87,285501.33,166631.01
600908.SH,2026-04-24,5.87,5.87,5.75,5.76,164985.66,95447.4
600908.SH,2026-04-27,5.76,5.84,5.7,5.71,131783.25,75903.83
600908.SH,2026-04-28,5.71,5.73,5.68,5.72,106752.0,60906.54
600908.SH,2026-04-29,5.72,5.79,5.7,5.76,139853.0,80281.14
600908.SH,2026-04-30,5.76,5.83,5.71,5.73,202579.94,116856.68
600908.SH,2026-05-06,5.72,5.74,5.67,5.7,214467.0,122266.09
600908.SH,2026-05-07,5.72,5.74,5.68,5.69,134101.05,76409.48
600908.SH,2026-06-05,5.42,5.51,5.39,5.43,95238.0,51877.57
600908.SH,2026-06-08,5.44,5.45,5.37,5.43,129229.0,69936.55
600908.SH,2026-06-09,5.4,5.46,5.39,5.42,157161.24,85318.75
600908.SH,2026-06-10,5.42,5.55,5.41,5.53,189356.48,104116.61
600908.SH,2026-06-11,5.55,5.57,5.48,5.5,134075.6,74017.25
600908.SH,2026-06-12,5.48,5.6,5.46,5.59,182669.4,101384.26
600908.SH,2026-06-15,5.62,5.64,5.55,5.59,173063.0,96962.71
600908.SH,2026-06-16,5.6,5.6,5.47,5.51,151074.0,83358.57
600908.SH,2026-06-17,5.52,5.53,5.44,5.46,113791.07,62232.08
600908.SH,2026-06-18,5.45,5.47,5.31,5.32,162090.0,86912.19
600908.SH,2026-06-22,5.32,5.33,5.18,5.31,156504.0,82278355.0
600908.SH,2026-06-23,5.31,5.5,5.3,5.48,252820.0,137519172.0
600908.SH,2026-06-24,5.5,5.5,5.27,5.27,181726.0,97414176.0
600908.SH,2026-06-25,5.27,5.31,5.22,5.28,96304.0,50714416.0
600908.SH,2026-06-26,5.3,5.3,5.16,5.17,134956.0,70310603.0
600908.SH,2026-06-29,5.16,5.25,5.04,5.22,140241.0,72312061.0
600908.SH,2026-06-30,5.21,5.21,5.06,5.08,135932.0,69438025.0
600908.SH,2026-07-01,5.09,5.18,5.05,5.15,103929.0,53248352.0
600908.SH,2026-07-03,5.24,5.31,5.21,5.24,123506.0,64859.19
600908.SH,2026-07-06,5.24,5.38,5.21,5.38,167189.25,88872.93
600908.SH,2026-07-07,5.28,5.29,5.18,5.22,114477.25,59833.87
600908.SH,2026-07-08,5.24,5.29,5.13,5.25,128098.48,67010.66
600908.SH,2026-07-09,5.19,5.25,5.16,5.18,136794.86,71138.97
600908.SH,2026-07-10,5.18,5.21,5.11,5.18,129295.0,66776.05
600908.SH,2026-07-13,5.2,5.34,5.18,5.32,259946.98,137512.41
600908.SH,2026-07-14,5.31,5.4,5.29,5.35,211286.58,113138.1
600908.SH,2026-07-15,5.32,5.46,5.3,5.45,193621.0,104569.35
600908.SH,2026-07-16,5.45,5.52,5.37,5.43,169992.79,92324.96
600908.SH,2026-07-17,5.44,5.57,5.41,5.45,306187.0,168963.02
600908.SH,2026-07-20,5.46,5.58,5.45,5.52,270955.2,149715.72
600908.SH,2026-07-21,5.54,5.58,5.38,5.4,287618.2,157723.64
600908.SH,2026-07-22,5.39,5.48,5.3,5.39,237733.68,127223.96
600908.SH,2026-07-23,5.35,5.46,5.35,5.42,165009.62,89548.22
600908.SH,2026-07-24,5.45,5.48,5.38,5.38,131483.0,71190.84
600908.SH,2026-07-27,5.38,5.43,5.36,5.39,158662.84,85659.43
600908.SH,2026-07-28,5.42,5.44,5.35,5.43,195088.97,105412.29
600908.SH,2026-07-29,5.43,5.55,5.43,5.53,213095.71,117325.97
600908.SH,2026-07-30,5.54,5.68,5.52,5.66,328249.37,185092.85
600908.SH,2026-07-31,5.61,5.68,5.52,5.65,261681.0,146891.31
600908.SH,2026-08-03,5.63,5.77,5.62,5.76,219151.43,125295.51
600908.SH,2026-08-04,5.75,5.76,5.59,5.59,187378.99,105798.82
600908.SH,2026-08-05,5.59,5.63,5.5,5.52,165599.91,91723.08
600908.SH,2026-08-06,5.5,5.54,5.38,5.46,255502.3,139007.79
600908.SH,2026-08-07,5.44,5.45,5.35,5.39,217532.1,117152.83
600908.SH,2026-08-10,5.39,5.47,5.36,5.42,195519.64,106072.29
600908.SH,2026-08-11,5.42,5.45,5.38,5.39,116478.28,62981.41
600908.SH,2026-08-12,5.39,5.45,5.35,5.41,155739.4,84054.62
600908.SH,2026-08-13,5.41,5.42,5.37,5.4,117683.47,63439.76
600908.SH,2026-08-14,5.4,5.4,5.33,5.33,156895.59,84016.98
600908.SH,2026-08-17,5.33,5.35,5.27,5.33,134427.06,71283.92
600908.SH,2026-08-18,5.33,5.35,5.3,5.32,105691.32,56311.38
600908.SH,2026-08-19,5.34,5.4,5.33,5.37,194338.42,104376.94
600908.SH,2026-08-20,5.35,5.44,5.31,5.4,214936.36,115657.41
600908.SH,2026-08-21,5.39,5.46,5.35,5.38,143855.0,77469.75
600908.SH,2026-08-24,5.36,5.54,5.36,5.53,279323.37,152931.56
600908.SH,2026-08-25,5.51,5.57,5.44,5.46,185304.65,101569.61
600908.SH,2026-08-26,5.44,5.54,5.44,5.53,165021.4,90788.16
600908.SH,2026-08-27,5.55,5.59,5.46,5.54,197368.0,109156.1
600908.SH,2026-08-28,5.53,5.55,5.46,5.5,135697.0,74663.63
600908.SH,2026-08-31,5.51,5.58,5.5,5.57,173713.0,96403.25
600908.SH,2026-09-01,5.55,5.71,5.54,5.7,239712.57,135481.43
600908.SH,2026-09-02,5.69,5.74,5.62,5.72,218659.4,124724.55
600908.SH,2026-09-03,5.7,5.89,5.7,5.81,336303.99,195687.78
600908.SH,2026-09-04,5.81,5.87,5.79,5.81,224667.5,130847.75
600908.SH,2026-09-07,5.81,5.84,5.7,5.75,220229.19,126503.67
600908.SH,2026-09-08,5.72,5.86,5.71,5.84,248284.17,144296.42
600908.SH,2026-09-09,5.84,5.94,5.8,5.91,211324.46,124585.01
600908.SH,2026-09-10,5.89,6.07,5.86,6.06,371981.65,223591.27
600908.SH,2026-09-11,6.05,6.05,5.88,5.9,296924.97,175931.89
600908.SH,2026-09-14,5.88,5.99,5.88,5.97,248677.67,148123.62
600908.SH,2026-09-15,5.95,5.95,5.84,5.86,242334.0,142704.72
600908.SH,2026-09-16,5.85,5.92,5.77,5.84,233118.98,135709.59
600908.SH,2026-09-17,5.84,5.92,5.79,5.84,185088.0,108406.44
600908.SH,2026-09-18,5.82,5.86,5.75,5.76,150978.32,87468.72
